mtllib materials.mtl
v 0.02218509 0.02558613 -0.4593199
v -0.1202292 -0.2152715 -0.2734662
v -0.1170555 -0.2433634 -0.2650868
v 0.0253588 -0.002505779 -0.4509405
v -0.2696944 -0.1988316 -0.1617417
v -0.2665206 -0.2269235 -0.1533622
v -0.4648945 0.07963896 -0.02030313
v -0.4617208 0.05154657 -0.01192367
v -0.3220844 -0.1019258 0.1829778
v -0.3189105 -0.1300178 0.1913573
v -0.2109714 -0.04742575 0.3236055
v -0.2077975 -0.07551813 0.3319848
v -0.07625794 0.2734761 0.4767625
v -0.07308412 0.2453842 0.4851418
v 0.1449853 0.004565239 0.3630877
v 0.148159 -0.02352667 0.371467
v 0.2944505 -0.0118742 0.2513632
v 0.297624 -0.03996658 0.2597425
v 0.4504595 0.2058024 0.01563859
v 0.4536332 0.1777105 0.02401793
v 0.3468405 -0.1087799 -0.09335637
v 0.350014 -0.1368723 -0.08497691
v 0.2357273 -0.16328 -0.2339841
v 0.2389009 -0.1913724 -0.2256045
v -0.2182905 -0.001804352 -0.2571279
v -0.2273701 -0.1472144 -0.06024539
v -0.2249155 -0.167625 -0.05395091
v -0.215836 -0.02221489 -0.2508333
v -0.246278 -0.1094308 0.06964636
v -0.2438235 -0.1298413 0.07594085
v -0.2422415 0.1220531 0.2057323
v -0.239787 0.1016421 0.2120268
v -0.08854878 -0.02999926 0.2657098
v -0.08609438 -0.05041027 0.2720041
v 0.04582489 -0.009634972 0.2793465
v 0.0482794 -0.03004551 0.2856408
v 0.230749 0.1955862 0.2557874
v 0.2332034 0.1751752 0.2620816
v 0.2552115 -0.03342962 0.1205391
v 0.257666 -0.05384064 0.1268336
v 0.2741195 -0.07121325 -0.009352684
v 0.2765739 -0.09162426 -0.003058195
v 0.2623738 0.05518341 -0.2364181
v 0.2648282 0.03477287 -0.2301236
v 0.1163903 -0.1506448 -0.2054161
v 0.1188447 -0.1710558 -0.1991215
v -0.01798356 -0.1710091 -0.2190527
v -0.01552904 -0.1914201 -0.2127582
v -0.1163017 -0.02424812 -0.1337227
v -0.1162441 -0.09716749 -0.03019178
v -0.1145904 -0.1076031 -0.02673733
v -0.114648 -0.03468323 -0.1302682
v -0.1248631 -0.07637453 0.03674555
v -0.1232095 -0.08680964 0.04020011
v -0.1244193 0.04490709 0.1043422
v -0.1227657 0.03447199 0.1077967
v -0.04197037 -0.03070879 0.1350112
v -0.0403167 -0.04114389 0.1384656
v 0.0273304 -0.01807213 0.1400093
v 0.02898407 -0.02850771 0.1434637
v 0.1195164 0.09036827 0.1229753
v 0.12117 0.07993269 0.1264298
v 0.1337708 -0.02921438 0.05539846
v 0.1354245 -0.03964949 0.05885291
v 0.1423899 -0.05000734 -0.01153898
v 0.1440436 -0.06044292 -0.008084416
v 0.1314578 0.01242685 -0.1301658
v 0.1331115 0.001991272 -0.1267112
v 0.05949712 -0.09567308 -0.1098045
v 0.06115079 -0.1061087 -0.1063499
v -0.009803653 -0.1083097 -0.1148025
v -0.008149981 -0.1187449 -0.111348
v 0.005360365 -0.01135397 -0.2466813
v -0.06377983 -0.1385684 -0.1435915
v -0.06156254 -0.1532736 -0.138873
v 0.007577658 -0.02605915 -0.2419627
v -0.1415523 -0.1307373 -0.08263898
v -0.1393349 -0.1454425 -0.07792044
v -0.2470834 0.01533222 -0.008431315
v -0.2448661 0.0006270409 -0.003712773
v -0.1660796 -0.07607603 0.0992353
v -0.1638622 -0.09078121 0.1039538
v -0.1062624 -0.04389286 0.1714242
v -0.104045 -0.05859804 0.1761427
v -0.03784168 0.129662 0.2467713
v -0.03562427 0.1149564 0.2514899
v 0.0816884 -0.01062727 0.1867731
v 0.08390582 -0.02533245 0.1914916
v 0.1594608 -0.01845884 0.1258206
v 0.1616781 -0.03316402 0.1305392
v 0.2354691 0.09609318 -0.003556013
v 0.2376865 0.081388 0.001162529
v 0.1839881 -0.07311964 -0.05605364
v 0.1862054 -0.08782482 -0.0513351
v 0.1241709 -0.1053028 -0.1282425
v 0.1263882 -0.1200085 -0.123524
v 0.01255536 -0.1074724 0.01751542
v 0.0758239 0.02945709 0.04928911
v 0.09329927 0.01605368 0.004638314
v 0.0375396 0.03578758 0.08048129
v -0.01129568 0.03334904 0.08985734
v -0.05759633 0.02279472 0.07490456
v -0.08895612 0.006952286 0.03962982
v -0.09697247 -0.009932995 -0.006515265
v -0.0794971 -0.02333641 -0.05116594
v -0.04121268 -0.0296669 -0.08235824
v 0.00762248 -0.02722836 -0.09173417
v 0.05392313 -0.01667404 -0.07678151
v 0.08528304 -0.000831604 -0.04150665
v 0.07079113 0.04847431 -0.0146389
v 0.07086658 0.0487895 -0.01318824
v 0.05079234 0.02373695 -0.006704926
v 0.05071688 0.02342176 -0.008155584
v 0.07151794 0.04861021 -0.01186419
v 0.0514437 0.02355766 -0.005380869
v 0.07257068 0.0479846 -0.01102173
v 0.05249643 0.02293205 -0.004538298
v 0.07374263 0.04708052 -0.01088631
v 0.0536685 0.02202797 -0.004402995
v 0.07471991 0.04614019 -0.01149452
v 0.05464578 0.02108765 -0.005011082
v 0.07524061 0.0454154 -0.01268315
v 0.05516636 0.02036285 -0.006199837
v 0.07516515 0.04510021 -0.01413381
v 0.0550909 0.02004766 -0.007650495
v 0.07451379 0.0452795 -0.01545787
v 0.05443954 0.02022696 -0.008974552
v 0.07346106 0.04590511 -0.01630044
v 0.05338681 0.02085257 -0.009817004
v 0.07228899 0.0468092 -0.01643574
v 0.05221486 0.02175665 -0.009952426
v 0.07131171 0.04774952 -0.01582766
v 0.05123758 0.02269697 -0.00934422
v 0.03386354 0.00260973 -0.001237392
v 0.03378808 0.002295017 -0.002688169
v 0.03451502 0.002430439 8.654594E-05
v 0.03556776 0.001805305 0.0009291172
v 0.03673971 0.0009012222 0.00106442
v 0.03771698 -3.957748E-05 0.0004563332
v 0.03823769 -0.00076437 -0.0007323027
v 0.03816223 -0.001079082 -0.00218308
v 0.03751087 -0.0008997917 -0.003507018
v 0.03645813 -0.0002741814 -0.004349589
v 0.03528607 0.0006299019 -0.004484892
v 0.03430879 0.001570225 -0.003876805
v 0.08256257 0.05900192 -0.01672041
v 0.08056402 0.05908775 -0.01959896
v 0.0818702 0.05793095 -0.01998556
v 0.07969272 0.06009674 -0.01840925
v 0.07948959 0.0606885 -0.01673532
v 0.08000922 0.06070375 -0.01502562
v 0.08111238 0.0601387 -0.01373839
v 0.08250332 0.0591445 -0.0132184
v 0.08380949 0.05798817 -0.013605
v 0.0846808 0.0569787 -0.01479471
v 0.08488393 0.05638742 -0.01646864
v 0.0843643 0.05637217 -0.01817834
v 0.08326125 0.05693722 -0.01946557
v 0.07805502 0.05823517 -0.02189362
v 0.08050978 0.05606127 -0.02262032
v 0.07641733 0.06013203 -0.01965773
v 0.07603574 0.06124353 -0.0165118
v 0.0770123 0.06127214 -0.01329863
v 0.07908547 0.06021023 -0.01087928
v 0.08169961 0.05834246 -0.00990212
v 0.08415437 0.05616856 -0.0106287
v 0.08579206 0.0542717 -0.01286459
v 0.08617365 0.05316019 -0.01601052
v 0.08519709 0.05313158 -0.01922369
v 0.08312392 0.0541935 -0.02164304
v 0.07533801 0.05654716 -0.02332759
v 0.07864535 0.05361843 -0.02430654
v 0.07313168 0.05910254 -0.02031517
v 0.07261741 0.06060028 -0.01607668
v 0.07393312 0.0606389 -0.0117476
v 0.07672632 0.05920839 -0.008488059
v 0.08024836 0.05669165 -0.007171392
v 0.0835557 0.05376291 -0.008150458
v 0.08576214 0.05120754 -0.01116276
v 0.08627629 0.0497098 -0.01540136
v 0.08496058 0.04967117 -0.01973045
v 0.08216739 0.05110168 -0.02298999
v 0.07274079 0.05422688 -0.02372789
v 0.07650173 0.05089712 -0.02484119
v 0.0702318 0.0571332 -0.0203023
v 0.06964707 0.05883646 -0.01548243
v 0.07114327 0.05888033 -0.01055956
v 0.07431948 0.05725336 -0.006852984
v 0.07832468 0.05439138 -0.005355716
v 0.08208561 0.05106115 -0.006469011
v 0.08459461 0.04815531 -0.009894609
v 0.08517933 0.04645205 -0.01471448
v 0.08368313 0.0464077 -0.01963735
v 0.08050692 0.04803514 -0.02334392
v 0.07057667 0.05155516 -0.02304626
v 0.0743376 0.04822493 -0.02415955
v 0.06806767 0.054461 -0.01962066
v 0.06748295 0.05616426 -0.01480079
v 0.06897914 0.05620861 -0.00987792
v 0.07215536 0.05458117 -0.006171346
v 0.07616055 0.05171919 -0.004674077
v 0.07992148 0.04838943 -0.005787373
v 0.08243048 0.04548311 -0.009212971
v 0.0830152 0.04377985 -0.01403284
v 0.08151901 0.04373598 -0.01895571
v 0.0783428 0.04536295 -0.02266228
v 0.06910658 0.0488534 -0.02136481
v 0.07241392 0.04592466 -0.02234387
v 0.06690013 0.05140877 -0.01835251
v 0.06638598 0.05290651 -0.0141139
v 0.0677017 0.05294514 -0.009784818
v 0.07049489 0.05151463 -0.006525278
v 0.07401693 0.04899788 -0.005208731
v 0.07732427 0.04606915 -0.006187677
v 0.0795306 0.04351377 -0.009200096
v 0.08004487 0.04201603 -0.01343858
v 0.07872915 0.04197741 -0.01776767
v 0.07593596 0.04340792 -0.02102721
v 0.06850791 0.04644775 -0.01888657
v 0.07096267 0.04427385 -0.01961315
v 0.06687021 0.04834461 -0.01665068
v 0.06648862 0.04945612 -0.01350474
v 0.06746519 0.04948473 -0.01029158
v 0.06953824 0.04842281 -0.007872224
v 0.0721525 0.04655504 -0.006894946
v 0.07460725 0.04438114 -0.007621646
v 0.07624495 0.04248428 -0.009857535
v 0.07662654 0.04137278 -0.01300347
v 0.07564998 0.04134417 -0.01621664
v 0.07357681 0.04240608 -0.01863599
v 0.06885278 0.04462814 -0.01591027
v 0.07015896 0.04347181 -0.01629686
v 0.06798148 0.04563761 -0.01472056
v 0.06777835 0.04622889 -0.01304662
v 0.06829798 0.04624414 -0.01133692
v 0.06940103 0.04567909 -0.0100497
v 0.07079208 0.04468536 -0.00952971
v 0.07209826 0.04352856 -0.009916306
v 0.07296956 0.04251957 -0.01110601
v 0.07317269 0.04192781 -0.01277995
v 0.07265306 0.04191256 -0.01448965
v 0.07154989 0.04247761 -0.01577687
v 0.07009971 0.04361439 -0.01279485
v -0.1021724 0.04027605 -0.02294457
v -0.1006546 0.04230499 -0.02052236
v -0.1017597 0.04124498 -0.01960123
v -0.09983051 0.04272652 -0.02205086
v -0.09950793 0.04239607 -0.02377713
v -0.09977341 0.04140282 -0.02523863
v -0.1005559 0.04001284 -0.02604377
v -0.1016456 0.03859806 -0.02597678
v -0.1027507 0.03753805 -0.02505565
v -0.1035749 0.03711653 -0.02352715
v -0.1038975 0.03744698 -0.02180088
v -0.1036319 0.03844023 -0.02033925
v -0.1028495 0.03983068 -0.01953423
v -0.09838057 0.04338026 -0.01808107
v -0.1004573 0.04138851 -0.01634991
v -0.09683156 0.04417229 -0.02095377
v -0.09622526 0.04355145 -0.02419817
v -0.09672439 0.04168463 -0.02694488
v -0.09819496 0.03907204 -0.02845812
v -0.100243 0.03641367 -0.02833211
v -0.1023197 0.03442144 -0.02660096
v -0.1038687 0.03362942 -0.02372825
v -0.1044749 0.03425026 -0.02048385
v -0.1039759 0.03611708 -0.01773715
v -0.1025053 0.03872967 -0.01622391
v -0.09562421 0.04337263 -0.01591527
v -0.09842229 0.04068851 -0.01358283
v -0.09353721 0.04443932 -0.01978564
v -0.09272051 0.04360294 -0.02415681
v -0.09339285 0.0410881 -0.02785754
v -0.09537423 0.03756762 -0.02989614
v -0.09813344 0.03398561 -0.02972651
v -0.1009315 0.03130198 -0.02739406
v -0.1030185 0.03023481 -0.02352369
v -0.1038352 0.03107119 -0.01915252
v -0.1031629 0.0335865 -0.01545179
v -0.1011816 0.03710651 -0.01341319
v -0.09271836 0.0422821 -0.01428616
v -0.09590006 0.03922987 -0.01163375
v -0.09034514 0.04349518 -0.01868737
v -0.08941638 0.04254436 -0.02365804
v -0.09018087 0.03968382 -0.02786636
v -0.09243393 0.03568125 -0.03018463
v -0.09557176 0.03160763 -0.02999175
v -0.09875357 0.02855587 -0.02733922
v -0.1011268 0.02734232 -0.02293813
v -0.1020554 0.02829361 -0.01796746
v -0.1012909 0.03115368 -0.01375914
v -0.09903789 0.03515673 -0.01144087
v -0.09001315 0.04024029 -0.01339018
v -0.09319496 0.03718853 -0.01073778
v -0.08763993 0.04145384 -0.01779139
v -0.08671117 0.04050255 -0.02276206
v -0.08747578 0.03764248 -0.02697039
v -0.08972883 0.03363943 -0.02928865
v -0.09286666 0.02956629 -0.02909577
v -0.09604836 0.02651405 -0.02644336
v -0.09842157 0.02530098 -0.02204216
v -0.09935033 0.02625179 -0.01707149
v -0.09858584 0.02911234 -0.01286316
v -0.09633279 0.03311491 -0.0105449
v -0.08783519 0.03749418 -0.01333547
v -0.09063327 0.03481054 -0.01100302
v -0.0857482 0.03856134 -0.01720583
v -0.08493149 0.03772497 -0.021577
v -0.08560383 0.03520966 -0.02527773
v -0.08758509 0.03168964 -0.02731633
v -0.09034443 0.02810764 -0.0271467
v -0.09314251 0.02542353 -0.02481425
v -0.09522951 0.02435684 -0.02094388
v -0.09604621 0.02519321 -0.01657271
v -0.09537387 0.02770805 -0.01287198
v -0.09339249 0.03122854 -0.01083338
v -0.086447 0.03437471 -0.01412857
v -0.08852375 0.03238249 -0.01239741
v -0.08489799 0.03516674 -0.01700127
v -0.08429182 0.0345459 -0.02024567
v -0.08479083 0.03267908 -0.02299237
v -0.08626139 0.03006649 -0.02450562
v -0.08830941 0.02740765 -0.02437961
v -0.09038615 0.0254159 -0.02264845
v -0.09193516 0.02462387 -0.01977575
v -0.09254146 0.02524471 -0.01653135
v -0.09204233 0.02711153 -0.01378465
v -0.09057176 0.02972412 -0.0122714
v -0.08601606 0.03125811 -0.01567388
v -0.08712113 0.0301981 -0.01475275
v -0.08519185 0.03167963 -0.01720238
v -0.08486927 0.03134918 -0.01892865
v -0.08513486 0.03035593 -0.02039027
v -0.08591723 0.02896547 -0.02119529
v -0.08700705 0.02755117 -0.0211283
v -0.088112 0.02649117 -0.02020717
v -0.08893621 0.02606964 -0.01867867
v -0.08925879 0.02640009 -0.0169524
v -0.08899331 0.02739334 -0.01549089
v -0.08821082 0.02878332 -0.01468575
v -0.08659434 0.02852011 -0.01778495
v -0.08844709 0.03330994 -0.01884365
v -0.0883745 0.0328021 -0.02023852
v -0.06320918 0.01356268 -0.01192009
v -0.06328177 0.01407099 -0.01052511
v -0.08878589 0.03181648 -0.02127278
v -0.06362057 0.01257753 -0.01295424
v -0.089571 0.03061819 -0.02166903
v -0.06440568 0.01137924 -0.01335049
v -0.09051955 0.02952814 -0.02132118
v -0.06535411 0.01028919 -0.01300275
v -0.09137726 0.02883768 -0.02032256
v -0.06621194 0.009598732 -0.01200402
v -0.09191442 0.02873278 -0.01894057
v -0.0667491 0.009493828 -0.01062202
v -0.09198701 0.02924109 -0.01754558
v -0.06682169 0.01000166 -0.009227157
v -0.09157562 0.03022623 -0.01651144
v -0.0664103 0.01098728 -0.008192897
v -0.09079051 0.03142452 -0.01611519
v -0.06562519 0.01218557 -0.007796645
v -0.08984208 0.03251457 -0.01646292
v -0.06467664 0.01327562 -0.008144498
v -0.08898425 0.03320503 -0.01746166
v -0.06381893 0.01396608 -0.009143114
v -0.04198706 -0.002661705 -0.004904985
v -0.04205966 -0.002153397 -0.003509998
v -0.04239833 -0.003646851 -0.005939126
v -0.04318345 -0.004845142 -0.006335378
v -0.04413199 -0.005935669 -0.005987644
v -0.04498971 -0.006625652 -0.004988909
v -0.04552686 -0.006730556 -0.003606915
v -0.04559958 -0.006222725 -0.002212048
v -0.04518819 -0.005237103 -0.001177788
v -0.04440308 -0.004038811 -0.0007815361
v -0.04345453 -0.002948761 -0.00112927
v -0.04259682 -0.002258778 -0.002128005
v -0.01158917 0.07440662 0.07444811
v -0.008801937 0.07533216 0.0725342
v -0.008116961 0.07455397 0.07398963
v -0.01021051 0.07572508 0.0715071
v -0.01196516 0.07562685 0.07118344
v -0.01359582 0.07506466 0.07165015
v -0.01466548 0.07418823 0.07278204
v -0.01488757 0.07323313 0.07427585
v -0.01420259 0.07245493 0.07573128
v -0.01279414 0.07206202 0.07675838
v -0.01103938 0.07215977 0.07708192
v -0.009408712 0.07272243 0.07661521
v -0.008339047 0.07359886 0.07548332
v -0.006177306 0.0751195 0.07022035
v -0.004889965 0.07365656 0.07295573
v -0.008824468 0.07585764 0.06829
v -0.01212215 0.0756731 0.06768191
v -0.01518679 0.07461596 0.06855893
v -0.01719725 0.07296944 0.07068622
v -0.0176146 0.07117414 0.0734936
v -0.01632726 0.06971121 0.07622886
v -0.0136801 0.06897306 0.07815921
v -0.01038241 0.0691576 0.0787673
v -0.007317781 0.07021427 0.07789028
v -0.005307436 0.07186127 0.07576311
v -0.004031777 0.07379389 0.06778574
v -0.002297282 0.07182312 0.0714711
v -0.007598281 0.07478809 0.06518507
v -0.01204133 0.07454014 0.06436574
v -0.01617026 0.07311583 0.06554735
v -0.01887882 0.0708971 0.06841338
v -0.01944125 0.06847858 0.07219577
v -0.01770687 0.06650782 0.075881
v -0.01414025 0.06551313 0.07848179
v -0.009697318 0.06576109 0.07930112
v -0.005568266 0.0671854 0.0781194
v -0.002859712 0.06940413 0.07525349
v -0.002624154 0.07151556 0.06552398
v -0.0006518364 0.06927443 0.06971478
v -0.006679773 0.07264614 0.06256652
v -0.01173222 0.07236433 0.0616349
v -0.01642752 0.07074451 0.06297863
v -0.01950765 0.06822157 0.06623769
v -0.0201472 0.06547117 0.07053888
v -0.01817489 0.06323004 0.07472968
v -0.01411915 0.06209898 0.07768703
v -0.009066701 0.06238127 0.07861876
v -0.004371405 0.06400108 0.07727504
v -0.001291394 0.06652403 0.07401597
v -0.002124071 0.06855917 0.06370795
v -0.0001517534 0.06631804 0.06789863
v -0.00617981 0.06969023 0.06075048
v -0.01123226 0.06940794 0.05981874
v -0.01592755 0.06778812 0.06116247
v -0.01900756 0.06526518 0.06442153
v -0.01964712 0.06251478 0.06872272
v -0.0176748 0.06027365 0.07291353
v -0.01361918 0.05914307 0.07587099
v -0.008566737 0.05942488 0.07680261
v -0.003871441 0.06104469 0.07545888
v -0.0007913113 0.06356764 0.07219982
v -0.002592087 0.06528139 0.06255651
v -0.0008577108 0.06331062 0.06624174
v -0.00615871 0.06627607 0.05995572
v -0.01060164 0.06602812 0.05913639
v -0.01473069 0.06460381 0.06031811
v -0.01743925 0.06238508 0.06318402
v -0.01800168 0.05996609 0.06696641
v -0.01626718 0.05799532 0.07065177
v -0.01270068 0.05700111 0.07325244
v -0.008257627 0.05724907 0.07407176
v -0.004128695 0.05867338 0.07289016
v -0.00142014 0.06089211 0.07002413
v -0.003971696 0.062078 0.06220865
v -0.002684355 0.06061506 0.06494391
v -0.006618857 0.06281614 0.0602783
v -0.009916544 0.06263161 0.05967021
v -0.01298118 0.06157494 0.06054723
v -0.01499152 0.05992794 0.0626744
v -0.01540899 0.05813265 0.06548178
v -0.01412165 0.05666971 0.06821716
v -0.01147449 0.05593157 0.07014751
v -0.008176804 0.0561161 0.0707556
v -0.005112171 0.05717325 0.06987858
v -0.003101707 0.05881977 0.06775129
v -0.006096363 0.05933428 0.06270623
v -0.005411386 0.05855608 0.06416166
v -0.007504821 0.05972719 0.06167912
v -0.009259582 0.05962944 0.06135559
v -0.01089025 0.05906677 0.0618223
v -0.01195991 0.05819035 0.06295419
v -0.012182 0.05723524 0.06444788
v -0.01149702 0.05645704 0.06590331
v -0.01008844 0.05606413 0.06693041
v -0.008333802 0.05616236 0.06725407
v -0.006703138 0.05672455 0.06678736
v -0.005633473 0.05760098 0.06565547
v -0.008709788 0.05738258 0.0639894
v -0.0002081394 0.02874804 -0.1052805
v -0.003030777 0.03002214 -0.1036379
v -0.003626108 0.02858639 -0.1045196
v -0.001673222 0.0310297 -0.1030586
v 8.249283E-05 0.03133869 -0.1029369
v 0.001766205 0.03086662 -0.1033052
v 0.002926588 0.02973986 -0.1040651
v 0.003252745 0.02826071 -0.1050127
v 0.002657294 0.02682495 -0.1058943
v 0.001299858 0.02581739 -0.1064737
v -0.0004559755 0.0255084 -0.1065954
v -0.002139568 0.02598047 -0.106227
v -0.003299952 0.02710676 -0.1054672
v -0.005469918 0.03049278 -0.1011647
v -0.006588936 0.02779436 -0.1028216
v -0.002918601 0.0323863 -0.100076
v 0.0003812313 0.03296709 -0.09984708
v 0.003545403 0.03208017 -0.1005393
v 0.005726218 0.02996254 -0.1019673
v 0.006339192 0.0271821 -0.1037484
v 0.005220175 0.02448368 -0.1054053
v 0.002668977 0.02259064 -0.1064941
v -0.0006308556 0.02200937 -0.1067231
v -0.003795028 0.02289677 -0.1060307
v -0.005975842 0.0250144 -0.1046027
v -0.007231355 0.03010368 -0.09815919
v -0.008738995 0.02646828 -0.1003915
v -0.003794074 0.03265476 -0.09669232
v 0.0006517172 0.03343725 -0.09638393
v 0.00491488 0.03224182 -0.09731662
v 0.007853031 0.02938938 -0.09924054
v 0.008679032 0.02564335 -0.1016402
v 0.007171392 0.02200747 -0.1038725
v 0.003734112 0.01945686 -0.1053394
v -0.0007117987 0.01867437 -0.1056478
v -0.004974961 0.01986933 -0.1047151
v -0.007913113 0.02272224 -0.1027912
v -0.008102775 0.02890158 -0.09498382
v -0.009817243 0.0247674 -0.09752238
v -0.00419414 0.03180218 -0.09331572
v 0.0008615255 0.03269196 -0.09296501
v 0.00570941 0.03133297 -0.09402573
v 0.009050608 0.02808905 -0.09621358
v 0.009989858 0.02382898 -0.09894228
v 0.00827539 0.01969481 -0.1014808
v 0.004366636 0.0167942 -0.1031489
v -0.0006889105 0.01590443 -0.1034997
v -0.005536795 0.01726341 -0.1024389
v -0.008877993 0.02050734 -0.1002511
v -0.007979035 0.02703142 -0.09202158
v -0.009693503 0.02289724 -0.09456015
v -0.004070282 0.02993202 -0.09035349
v 0.0009852648 0.0308218 -0.09000278
v 0.005833149 0.02946281 -0.0910635
v 0.009174347 0.02621889 -0.09325135
v 0.0101136 0.02195883 -0.09598005
v 0.008399129 0.01782465 -0.09851861
v 0.004490495 0.01492405 -0.1001867
v -0.0005651712 0.01403427 -0.1005374
v -0.005413055 0.01539326 -0.0994767
v -0.008754253 0.01863718 -0.09728885
v -0.006875038 0.02471876 -0.08962989
v -0.008382678 0.02108288 -0.0918622
v -0.003437757 0.02726936 -0.08816302
v 0.001008153 0.02805185 -0.08785462
v 0.005271316 0.0268569 -0.08878732
v 0.008209467 0.02400398 -0.09071124
v 0.009035349 0.02025795 -0.09311092
v 0.007527709 0.01662254 -0.09534323
v 0.004090428 0.01407146 -0.0968101
v -0.0003553629 0.01328897 -0.0971185
v -0.004618526 0.01448441 -0.0961858
v -0.007556677 0.01733685 -0.09426188
v -0.00492382 0.02224255 -0.0880971
v -0.006042838 0.01954412 -0.08975399
v -0.002372622 0.02413559 -0.08700836
v 0.0009272099 0.02471685 -0.08677936
v 0.004091382 0.02382946 -0.08747172
v 0.006272197 0.02171183 -0.08889973
v 0.00688529 0.01893187 -0.09068084
v 0.005766153 0.01623344 -0.09233773
v 0.003214955 0.01433992 -0.09342647
v -8.487701E-05 0.01375914 -0.09365535
v -0.003249049 0.01464605 -0.0929631
v -0.005429864 0.01676369 -0.09153509
v -0.00236094 0.01990128 -0.0876081
v -0.00295639 0.01846552 -0.08848977
v -0.001003504 0.02090883 -0.08702874
v 0.0007523298 0.02121782 -0.08690703
v 0.002435923 0.02074575 -0.08727539
v 0.003596306 0.01961946 -0.08803523
v 0.003922462 0.01813984 -0.08898282
v 0.003327131 0.01670408 -0.08986449
v 0.001969576 0.01569653 -0.09044385
v 0.0002138615 0.01538754 -0.09056556
v -0.001469851 0.0158596 -0.09019721
v -0.002630234 0.01698637 -0.08943737
v 0.0005044937 0.01797819 -0.08822191
v -0.0003403425 0.02257681 -0.09059644
v 0.001144528 0.02257776 -0.09066319
v 0.002397299 0.004952908 -0.06308722
v 0.0009123087 0.004951954 -0.06302047
v 0.002412915 0.02195215 -0.09112072
v 0.003665686 0.004327297 -0.06354475
v 0.003124952 0.02086735 -0.09184611
v 0.004377604 0.00324297 -0.06427014
v 0.003089786 0.0196147 -0.09264529
v 0.004342556 0.001989841 -0.06506932
v 0.002316952 0.01852942 -0.09330392
v 0.003569603 0.0009045601 -0.06572795
v 0.001013398 0.0179019 -0.09364557
v 0.002266049 0.0002770424 -0.0660696
v -0.0004715919 0.01790094 -0.09357882
v 0.0007811785 0.0002760887 -0.06600285
v -0.001739979 0.01852655 -0.09312129
v -0.0004872084 0.0009016991 -0.06554532
v -0.002451897 0.01961088 -0.0923959
v -0.001199245 0.001986504 -0.06481993
v -0.002416849 0.02086401 -0.09159672
v -0.001164079 0.003239155 -0.06402075
v -0.001643896 0.02194929 -0.09093809
v -0.0003912449 0.004324436 -0.06336212
v 0.003453612 -0.009910107 -0.03983223
v 0.001968741 -0.00991106 -0.03976548
v 0.004721999 -0.01053572 -0.04028976
v 0.005434036 -0.01162052 -0.04101515
v 0.00539887 -0.01287317 -0.04181433
v 0.004626036 -0.01395845 -0.04247296
v 0.003322482 -0.01458597 -0.04281461
v 0.001837611 -0.01458693 -0.04274786
v 0.0005692244 -0.01396132 -0.04229033
v -0.0001428127 -0.01287699 -0.04156494
v -0.000107646 -0.01162386 -0.04076576
v 0.0006651878 -0.01053858 -0.04010713
v -0.008821249 0.06262398 0.06409299
v -0.01028824 0.06238508 0.06408751
v -0.0057019 0.034657 0.04727209
v -0.00423491 0.03489637 0.04727757
v -0.01149952 0.06180048 0.06472051
v -0.006913304 0.0340724 0.04790509
v -0.01213074 0.061028 0.06582236
v -0.007544398 0.03329992 0.04900694
v -0.01201248 0.06027412 0.0670979
v -0.007426143 0.03254604 0.05028248
v -0.01117659 0.05974054 0.06820524
v -0.006590366 0.03201294 0.05138981
v -0.009847045 0.05957079 0.06884778
v -0.005260706 0.03184319 0.05203235
v -0.008380055 0.05981016 0.06885326
v -0.003793716 0.03208208 0.05203784
v -0.007168651 0.06039476 0.06822026
v -0.002582431 0.03266668 0.05140483
v -0.006537557 0.06116724 0.06711841
v -0.001951218 0.03343916 0.05030298
v -0.006655812 0.06192112 0.06584287
v -0.002069473 0.03419304 0.04902744
v -0.007491589 0.06245422 0.06473553
v -0.002905369 0.03472662 0.04792011
v -0.001834273 0.01127386 0.03309155
v -0.0003672838 0.01151276 0.03309703
v -0.003045559 0.01068926 0.03372455
v -0.003676772 0.009916782 0.0348264
v -0.003558517 0.009162903 0.03610194
v -0.002722621 0.008629322 0.03720927
v -0.00139308 0.008459568 0.03785181
v 7.390976E-05 0.00869894 0.03785729
v 0.001285315 0.009283066 0.03722429
v 0.001916409 0.01005602 0.03612244
v 0.001798272 0.0108099 0.0348469
v 0.0009623766 0.011343 0.03373945
v 0.06213677 0.04441023 -0.07601607
v 0.05875325 0.04490709 -0.07678604
v 0.05926001 0.04354143 -0.0778209
v 0.05908465 0.04603529 -0.07544029
v 0.06016529 0.04662323 -0.07414412
v 0.06170559 0.04651308 -0.07324505
v 0.06329298 0.04573536 -0.07298374
v 0.064502 0.04449749 -0.07343042
v 0.06500876 0.04313183 -0.07446527
v 0.06467736 0.04200363 -0.07581103
v 0.06359673 0.04141617 -0.07710719
v 0.06205642 0.04152584 -0.07800627
v 0.06046903 0.04230356 -0.07826757
v 0.05526638 0.04456282 -0.07668221
v 0.05621874 0.041996 -0.07862711
v 0.05588913 0.04668283 -0.07415295
v 0.05791998 0.04778767 -0.07171714
v 0.06081498 0.0475812 -0.07002723
v 0.06379819 0.04611921 -0.06953633
v 0.06607044 0.0437932 -0.07037568
v 0.0670228 0.04122591 -0.07232058
v 0.06640005 0.03910637 -0.07484984
v 0.0643692 0.03800154 -0.07728565
v 0.0614742 0.03820753 -0.07897556
v 0.05849099 0.03966999 -0.07946646
v 0.05209672 0.04341888 -0.07571721
v 0.05337977 0.03996038 -0.07833755
v 0.0529356 0.04627466 -0.07230949
v 0.05567181 0.04776335 -0.06902766
v 0.05957222 0.04748535 -0.066751
v 0.06359148 0.04551554 -0.06608951
v 0.06665289 0.04238129 -0.06722045
v 0.06793594 0.03892279 -0.06984079
v 0.06709707 0.03606701 -0.07324839
v 0.06436074 0.03457832 -0.07653022
v 0.06046045 0.03485632 -0.07880688
v 0.05644119 0.03682613 -0.07946849
v 0.04962647 0.04161263 -0.07400727
v 0.05108547 0.03767967 -0.07698703
v 0.0505805 0.04486036 -0.07013226
v 0.05369198 0.04655313 -0.06640029
v 0.05812728 0.04623699 -0.0638113
v 0.06269789 0.04399681 -0.06305909
v 0.06617916 0.04043293 -0.06434512
v 0.06763816 0.03650045 -0.06732488
v 0.06668413 0.03325272 -0.07119989
v 0.06357265 0.03155994 -0.07493186
v 0.05913734 0.03187609 -0.07752085
v 0.05456674 0.03411579 -0.07827306
v 0.04815364 0.03936243 -0.07175875
v 0.04961264 0.03542995 -0.0747385
v 0.04910767 0.04261017 -0.06788373
v 0.05221915 0.04430294 -0.06415176
v 0.05665445 0.0439868 -0.06156278
v 0.06122506 0.04174709 -0.06081057
v 0.06470633 0.03818321 -0.0620966
v 0.06616533 0.03425026 -0.06507635
v 0.0652113 0.03100252 -0.06895137
v 0.06209981 0.02930975 -0.07268333
v 0.05766451 0.02962589 -0.07527232
v 0.05309391 0.03186607 -0.07602453
v 0.04785585 0.0369401 -0.06924284
v 0.0491389 0.0334816 -0.07186317
v 0.04869473 0.03979588 -0.06583524
v 0.05143106 0.04128456 -0.06255341
v 0.05533135 0.04100657 -0.06027675
v 0.05935061 0.03903675 -0.05961514
v 0.06241202 0.0359025 -0.06074607
v 0.06369507 0.032444 -0.06336641
v 0.0628562 0.02958822 -0.06677413
v 0.06011999 0.02809954 -0.07005596
v 0.05621958 0.02837753 -0.07233262
v 0.05220032 0.03034735 -0.07299411
v 0.048769 0.03463697 -0.06676304
v 0.04972136 0.03206968 -0.06870794
v 0.04939175 0.03675652 -0.06423378
v 0.0514226 0.03786135 -0.06179798
v 0.05431759 0.03765535 -0.06010807
v 0.05730081 0.03619289 -0.05961716
v 0.05957305 0.03386688 -0.06045651
v 0.06052542 0.03130007 -0.06240141
v 0.05990267 0.02918005 -0.06493068
v 0.05787182 0.02807522 -0.06736648
v 0.05497682 0.02828169 -0.06905639
v 0.05199361 0.02974367 -0.0695473
v 0.05078304 0.03273106 -0.06461835
v 0.0512898 0.03136539 -0.0656532
v 0.05111444 0.03385925 -0.0632726
v 0.05219507 0.03444672 -0.06197643
v 0.05373538 0.03433704 -0.06107736
v 0.05532277 0.03355932 -0.06081605
v 0.05653179 0.03232145 -0.06126273
v 0.05703855 0.03095579 -0.06229758
v 0.05670714 0.02982759 -0.06364334
v 0.05562651 0.02923965 -0.0649395
v 0.05408621 0.0293498 -0.06583858
v 0.05249882 0.03012753 -0.06609988
v 0.05365503 0.03145266 -0.06306756
v 0.05025399 0.08315325 0.04739892
v 0.05083323 0.08326769 0.04394364
v 0.05232918 0.08257532 0.04463351
v 0.04913235 0.08377981 0.04413748
v 0.04768205 0.08397436 0.04516315
v 0.04687119 0.08379936 0.0467459
v 0.04691684 0.08330202 0.04846156
v 0.04780698 0.0826149 0.04985046
v 0.04930282 0.08192253 0.05054033
v 0.05100381 0.08141041 0.05034649
v 0.05245411 0.08121586 0.04932082
v 0.05326498 0.08139038 0.04773808
v 0.05321932 0.0818882 0.04602242
v 0.05097091 0.0822525 0.04059124
v 0.05378246 0.08095121 0.04188788
v 0.0477742 0.08321476 0.04095566
v 0.04504859 0.08358097 0.0428834
v 0.04352462 0.08325195 0.04585791
v 0.04361045 0.08231688 0.04908228
v 0.04528332 0.0810256 0.05169249
v 0.04809475 0.07972431 0.05298913
v 0.05129158 0.07876205 0.05262482
v 0.05401707 0.07839584 0.05069709
v 0.05554116 0.07872486 0.04772246
v 0.05545521 0.07965994 0.04449809
v 0.05065036 0.08022976 0.03774619
v 0.05443823 0.07847691 0.0394932
v 0.04634333 0.08152676 0.03823709
v 0.0426712 0.08201981 0.04083431
v 0.04061794 0.08157682 0.044842
v 0.0407337 0.08031654 0.04918611
v 0.04298735 0.07857704 0.0527029
v 0.04677522 0.07682371 0.0544498
v 0.05108225 0.07552719 0.05395889
v 0.0547545 0.07503414 0.05136168
v 0.05680776 0.07547712 0.0473541
v 0.056692 0.07673693 0.04301
v 0.04991031 0.07744408 0.0357517
v 0.0542177 0.07545042 0.0377382
v 0.04501247 0.07891846 0.03630984
v 0.04083669 0.07947922 0.03926337
v 0.03850174 0.07897568 0.04382062
v 0.03863335 0.07754278 0.04876065
v 0.04119623 0.07556438 0.05275965
v 0.04550362 0.07357073 0.05474627
v 0.05040145 0.07209635 0.05418801
v 0.05457723 0.07153559 0.0512346
v 0.05691206 0.07203913 0.04667735
v 0.05678058 0.07347202 0.04173732
v 0.04883981 0.07423067 0.03484809
v 0.0531472 0.07223701 0.03683472
v 0.04394197 0.07570505 0.03540635
v 0.03976619 0.07626581 0.03835976
v 0.03743136 0.07576227 0.04291701
v 0.03756285 0.07432938 0.04785705
v 0.04012573 0.07235098 0.05185616
v 0.04443312 0.07035732 0.05384266
v 0.04933095 0.06888294 0.05328453
v 0.05350673 0.06832218 0.050331
v 0.05584168 0.06882572 0.04577374
v 0.05571008 0.07025862 0.04083371
v 0.0475682 0.07097769 0.03514457
v 0.05135608 0.06922436 0.03689146
v 0.04326117 0.07227421 0.03563547
v 0.03958893 0.07276726 0.03823268
v 0.03753567 0.07232428 0.04224026
v 0.03765142 0.07106447 0.04658437
v 0.03990519 0.06932449 0.05010116
v 0.04369307 0.06757164 0.05184817
v 0.0480001 0.06627464 0.05135727
v 0.05167222 0.06578159 0.04876006
v 0.05372548 0.06622458 0.04475236
v 0.05360973 0.06748486 0.04040825
v 0.04624867 0.06807709 0.03660524
v 0.04906011 0.0667758 0.03790188
v 0.04305184 0.06903934 0.03696954
v 0.04032636 0.06940556 0.03889728
v 0.03880227 0.06907654 0.04187191
v 0.03888822 0.06814146 0.04509628
v 0.04056096 0.06685019 0.04770648
v 0.04337251 0.0655489 0.04900312
v 0.04656923 0.06458664 0.0486387
v 0.04929483 0.06422043 0.04671097
v 0.0508188 0.06454945 0.04373646
v 0.05073297 0.06548452 0.04051208
v 0.04504061 0.06587887 0.03905404
v 0.04653645 0.0651865 0.0397439
v 0.04333961 0.06639099 0.03924787
v 0.04188931 0.06658554 0.04027355
v 0.04107845 0.06641102 0.04185629
v 0.04112411 0.0659132 0.04357195
v 0.04201424 0.06522608 0.04496086
v 0.0435102 0.06453371 0.04565072
v 0.04521108 0.06402159 0.04545689
v 0.04666138 0.06382704 0.04443121
v 0.04747224 0.06400204 0.04284847
v 0.04742658 0.06449938 0.04113281
v 0.04408944 0.06464815 0.04219544
v 0.04427505 0.06978083 0.0411402
v 0.04324806 0.06982613 0.04221392
v 0.03329432 0.03973579 0.03395951
v 0.03432119 0.03969097 0.03288579
v 0.04284632 0.06957245 0.04362237
v 0.03289258 0.03948259 0.03536797
v 0.04317737 0.06908846 0.04498816
v 0.03322363 0.03899813 0.03673375
v 0.0441525 0.06850338 0.04594541
v 0.03419864 0.03841305 0.037691
v 0.04551041 0.06797409 0.04623747
v 0.03555655 0.03788376 0.03798306
v 0.04688728 0.06764221 0.04578614
v 0.03693342 0.03755236 0.03753173
v 0.04791415 0.06759739 0.04471242
v 0.03796041 0.03750706 0.03645802
v 0.04831588 0.06785059 0.04330397
v 0.03836215 0.03776073 0.03504956
v 0.04798484 0.06833506 0.04193819
v 0.0380311 0.03824472 0.03368378
v 0.04700983 0.06892014 0.04098094
v 0.03705597 0.0388298 0.03272653
v 0.04565191 0.06944942 0.04068887
v 0.03569806 0.03935909 0.03243446
v 0.0249002 0.01436043 0.02699852
v 0.02592707 0.01431561 0.0259248
v 0.02449846 0.01410723 0.02840698
v 0.02482951 0.01362276 0.02977276
v 0.02580464 0.01303768 0.03072989
v 0.02716255 0.01250839 0.03102207
v 0.02853942 0.01217699 0.03057075
v 0.02956629 0.01213169 0.02949703
v 0.02996802 0.01238537 0.02808857
v 0.02963698 0.01286936 0.02672279
v 0.02866185 0.01345444 0.02576554
v 0.02730393 0.01398373 0.02547348
v -0.06317925 0.01958466 -0.08529794
v -0.06443381 0.02144003 -0.08260131
v -0.06546235 0.01998043 -0.08266759
v -0.06298339 0.02233696 -0.0831356
v -0.06149971 0.02243042 -0.08412707
v -0.06038034 0.02169514 -0.08531034
v -0.0599252 0.020329 -0.08636808
v -0.06025612 0.01869726 -0.08701706
v -0.06128466 0.01723719 -0.08708334
v -0.06273508 0.01634073 -0.08654916
v -0.06421876 0.01624727 -0.08555758
v -0.06533813 0.01698208 -0.08437443
v -0.06579328 0.01834869 -0.08331656
v -0.06489718 0.02257919 -0.07931876
v -0.06683004 0.01983595 -0.07944334
v -0.06217134 0.02426481 -0.08032286
v -0.05938292 0.02444029 -0.08218634
v -0.05727911 0.02305889 -0.08441007
v -0.05642366 0.02049112 -0.08639812
v -0.0570457 0.01742411 -0.08761775
v -0.05897868 0.01468086 -0.08774221
v -0.06170452 0.01299524 -0.08673823
v -0.06449294 0.01281977 -0.08487475
v -0.06659663 0.01420116 -0.08265102
v -0.06745219 0.01676941 -0.08066297
v -0.06451333 0.0228653 -0.0758462
v -0.06711757 0.01916885 -0.07601404
v -0.06084085 0.02513599 -0.07719898
v -0.05708396 0.02537251 -0.07970965
v -0.05424953 0.02351141 -0.08270562
v -0.05309701 0.02005148 -0.08538413
v -0.05393517 0.01591969 -0.08702743
v -0.0565393 0.01222372 -0.08719516
v -0.0602119 0.009953022 -0.08584237
v -0.06396866 0.009716511 -0.0833317
v -0.0668031 0.01157713 -0.08033574
v -0.06795573 0.01503706 -0.07765722
v -0.06332862 0.02226305 -0.07260251
v -0.06629002 0.01805973 -0.07279325
v -0.05915236 0.02484512 -0.07414079
v -0.05488038 0.02511406 -0.07699585
v -0.0516572 0.02299786 -0.08040273
v -0.05034649 0.01906347 -0.08344853
v -0.05129957 0.0143652 -0.08531725
v -0.05426097 0.01016188 -0.08550799
v -0.05843723 0.007579803 -0.08396971
v -0.06270933 0.007310867 -0.08111465
v -0.06593251 0.009427071 -0.07770777
v -0.0672431 0.01336145 -0.07466197
v -0.06148601 0.02084589 -0.06997883
v -0.0644474 0.01664257 -0.07016957
v -0.05730975 0.02342796 -0.07151711
v -0.05303764 0.0236969 -0.07437217
v -0.04981446 0.0215807 -0.07777905
v -0.04850388 0.01764631 -0.08082485
v -0.04945695 0.01294804 -0.08269358
v -0.05241835 0.008744717 -0.08288431
v -0.05659461 0.006162643 -0.08134604
v -0.06086659 0.005893707 -0.07849097
v -0.06408978 0.008009911 -0.07508409
v -0.06540048 0.01194429 -0.07203829
v -0.05920768 0.01878405 -0.06829166
v -0.0618118 0.01508808 -0.06845939
v -0.05553508 0.02105474 -0.06964445
v -0.05177832 0.02129126 -0.07215512
v -0.04894388 0.01943064 -0.07515109
v -0.04779124 0.01597071 -0.0778296
v -0.0486294 0.01183891 -0.07947278
v -0.05123365 0.008142471 -0.07964063
v -0.05490613 0.005871773 -0.07828784
v -0.05866301 0.005635262 -0.07577717
v -0.06149733 0.007496357 -0.07278121
v -0.06264997 0.01095629 -0.07010269
v -0.0567683 0.0163269 -0.06774461
v -0.05870128 0.01358366 -0.06786907
v -0.05404246 0.01801252 -0.06874859
v -0.05125403 0.018188 -0.07061207
v -0.04915035 0.0168066 -0.0728358
v -0.04829478 0.01423836 -0.07482386
v -0.04891694 0.01117182 -0.07604349
v -0.0508498 0.008428574 -0.07616806
v -0.05357563 0.006742954 -0.07516396
v -0.05636406 0.006567478 -0.07330048
v -0.05846786 0.007948875 -0.07107675
v -0.05932331 0.01051664 -0.0690887
v -0.05446231 0.01377058 -0.06840348
v -0.05549085 0.0123105 -0.06846964
v -0.05301189 0.01466703 -0.06893766
v -0.05152822 0.01476049 -0.06992924
v -0.05040884 0.01402569 -0.07111239
v -0.0499537 0.01265907 -0.07217026
v -0.05028462 0.01102734 -0.07281923
v -0.05131316 0.009567738 -0.07288551
v -0.05276358 0.008670807 -0.07235122
v -0.05424726 0.008577347 -0.07135963
v -0.05536664 0.00931263 -0.07017648
v -0.05582178 0.01067877 -0.06911874
v -0.05256772 0.01142311 -0.07018888
v -0.05459106 0.01569462 -0.07245886
v -0.05344236 0.01549339 -0.07338047
v -0.03621149 0.002076626 -0.0489732
v -0.03736019 0.002277851 -0.0480516
v -0.05271125 0.01464891 -0.07436097
v -0.0354805 0.00123167 -0.0499537
v -0.05259371 0.01338673 -0.07513762
v -0.03536296 -3.004074E-05 -0.05073035
v -0.05312121 0.01204586 -0.07550228
v -0.03589046 -0.001370907 -0.05109501
v -0.05415249 0.01098537 -0.07535744
v -0.03692162 -0.00243187 -0.05095005
v -0.0554111 0.01048899 -0.0747416
v -0.03818023 -0.00292778 -0.05033433
v -0.0565598 0.01069021 -0.07381999
v -0.03932893 -0.002726555 -0.04941273
v -0.05729079 0.01153517 -0.0728395
v -0.04006004 -0.001882076 -0.04843223
v -0.05740833 0.01279688 -0.07206285
v -0.04017758 -0.0006198883 -0.04765558
v -0.05688083 0.01413774 -0.07169819
v -0.03965008 0.0007209778 -0.04729092
v -0.05584967 0.01519871 -0.07184315
v -0.0386188 0.001781464 -0.04743576
v -0.02168071 -0.009238243 -0.02839029
v -0.02282941 -0.009037018 -0.02746868
v -0.0209496 -0.0100832 -0.02937078
v -0.02083206 -0.01134491 -0.03014743
v -0.02135956 -0.01268578 -0.03051209
v -0.02239084 -0.01374626 -0.03036714
v -0.02364945 -0.01424265 -0.02975142
v -0.02479815 -0.01404142 -0.02882981
v -0.02552927 -0.01319647 -0.02784932
v -0.02564669 -0.01193476 -0.02707267
v -0.02511919 -0.01059389 -0.02670801
v -0.02408803 -0.009533405 -0.02685297
v -0.07732284 0.05940819 0.04581475
v -0.07429051 0.06108618 0.04634225
v -0.07460809 0.06022596 0.04787612
v -0.07468045 0.06137943 0.04462326
v -0.07567346 0.061028 0.04317975
v -0.07700336 0.06012583 0.04239845
v -0.07831383 0.05891418 0.04248881
v -0.07925367 0.05771828 0.04342663
v -0.07957113 0.05685806 0.0449605
v -0.07918119 0.05656481 0.0466795
v -0.0781883 0.05691624 0.048123
v -0.0768584 0.05781841 0.04890418
v -0.07554793 0.05903006 0.04881382
v -0.07084012 0.06168938 0.04647923
v -0.07143688 0.0600729 0.04936194
v -0.07157302 0.06224108 0.04324865
v -0.07343924 0.06158018 0.04053569
v -0.07593858 0.05988455 0.03906751
v -0.07840145 0.05760765 0.03923726
v -0.08016777 0.05535984 0.04099977
v -0.08076453 0.05374336 0.04388249
v -0.08003163 0.05319166 0.04711306
v -0.07816553 0.05385208 0.04982603
v -0.07566619 0.05554819 0.05129421
v -0.07320333 0.05782509 0.05112445
v -0.06738782 0.06114483 0.04620934
v -0.06819177 0.05896711 0.05009329
v -0.06837523 0.06188822 0.04185677
v -0.07088947 0.06099844 0.03820157
v -0.0742569 0.05871344 0.03622353
v -0.07757509 0.05564594 0.03645229
v -0.07995498 0.05261755 0.03882682
v -0.08075893 0.05043983 0.04271066
v -0.0797714 0.04969645 0.04706335
v -0.07725716 0.05058622 0.05071843
v -0.07388985 0.05287123 0.05269659
v -0.07057166 0.05593872 0.0524677
v -0.06434989 0.05951881 0.04556501
v -0.06526411 0.0570426 0.04998159
v -0.06547272 0.06036425 0.04061544
v -0.06833184 0.0593524 0.03645897
v -0.07216108 0.05675411 0.03420949
v -0.07593441 0.05326557 0.03446972
v -0.0786407 0.04982185 0.03716981
v -0.07955492 0.04734564 0.04158652
v -0.07843208 0.04650021 0.04653609
v -0.07557297 0.04751205 0.05069256
v -0.07174373 0.05011034 0.05294204
v -0.0679704 0.05359888 0.0526818
v -0.0620929 0.05700731 0.04462397
v -0.06300712 0.0545311 0.04904068
v -0.06321573 0.05785275 0.0396744
v -0.06607485 0.0568409 0.03551793
v -0.06990409 0.05424261 0.03326845
v -0.07367742 0.05075407 0.03352869
v -0.07638371 0.04731035 0.0362289
v -0.07729793 0.04483414 0.04064548
v -0.07617497 0.0439887 0.04559505
v -0.07331598 0.04500055 0.04975152
v -0.06948674 0.04759884 0.052001
v -0.06571341 0.05108738 0.05174077
v -0.06088889 0.05391312 0.04349983
v -0.06169283 0.0517354 0.04738367
v -0.06187642 0.05465651 0.03914714
v -0.06439066 0.05376673 0.03549206
v -0.06775796 0.05148172 0.0335139
v -0.07107615 0.04841423 0.03374279
v -0.07345605 0.04538584 0.0361172
v -0.07426 0.04320812 0.04000115
v -0.07327259 0.04246473 0.04435372
v -0.07075834 0.04335451 0.04800892
v -0.06739092 0.04563951 0.04998696
v -0.06407273 0.04870701 0.0497582
v -0.06088328 0.05060959 0.042328
v -0.06148005 0.04899311 0.04521072
v -0.06161618 0.05116129 0.03909743
v -0.06348228 0.05050087 0.03638446
v -0.06598163 0.04880476 0.03491628
v -0.06844449 0.04652786 0.03508604
v -0.07021093 0.04428005 0.03684855
v -0.0708077 0.04266357 0.03973126
v -0.0700748 0.04211187 0.04296184
v -0.06820858 0.04277277 0.0456748
v -0.06570923 0.0444684 0.04714298
v -0.06324637 0.0467453 0.04697323
v -0.06207669 0.04749489 0.04124999
v -0.06239414 0.04663467 0.04278386
v -0.06246662 0.04778814 0.03953099
v -0.06345952 0.04743671 0.03808749
v -0.06478941 0.04653454 0.03730631
v -0.06609988 0.0453229 0.03739667
v -0.06703973 0.04412699 0.03833437
v -0.0673573 0.04326677 0.03986824
v -0.06696737 0.04297352 0.04158723
v -0.06597435 0.04332495 0.04303074
v -0.06464446 0.04422712 0.04381204
v -0.06333399 0.04543877 0.04372156
v -0.06432498 0.04494476 0.04039574
v 0.05359423 0.0361414 -0.06541526
v 0.05468261 0.03641129 -0.06443954
v 0.0410918 0.01527405 -0.04343617
v 0.04000342 0.01500416 -0.0444119
v 0.05602658 0.03609324 -0.06388974
v 0.04243577 0.014956 -0.04288638
v 0.05726588 0.03527308 -0.06391323
v 0.04367507 0.01413584 -0.04290986
v 0.05806863 0.03417015 -0.06450379
v 0.04447782 0.01303291 -0.04350042
v 0.05821955 0.0330801 -0.065503
v 0.04462874 0.01194286 -0.04449964
v 0.05767834 0.03229523 -0.06664324
v 0.04408753 0.01115799 -0.04563987
v 0.05658996 0.03202534 -0.06761897
v 0.04299915 0.0108881 -0.0466156
v 0.055246 0.03234339 -0.06816876
v 0.04165518 0.01120615 -0.04716539
v 0.0540067 0.03316355 -0.06814528
v 0.04041588 0.01202631 -0.04714191
v 0.05320394 0.03426647 -0.06755471
v 0.03961313 0.01312923 -0.04655135
v 0.05305302 0.03535652 -0.0665555
v 0.03946221 0.01421928 -0.04555213
v 0.02963054 -0.002551079 -0.02572381
v 0.02854216 -0.002820969 -0.02669954
v 0.03097451 -0.002869129 -0.02517414
v 0.03221393 -0.003689289 -0.02519763
v 0.03301656 -0.004792213 -0.02578807
v 0.0331676 -0.005882263 -0.0267874
v 0.03262627 -0.006667137 -0.02792764
v 0.03153789 -0.006937027 -0.02890337
v 0.03019404 -0.006618977 -0.02945316
v 0.02895463 -0.005798817 -0.02942955
v 0.02815187 -0.004695892 -0.02883911
v 0.02800095 -0.003605843 -0.02783978
v -0.06568575 0.05000877 0.04034233
v -0.06665778 0.04952145 0.03932893
v -0.0457077 0.02591276 0.03058994
v -0.04473567 0.02640057 0.03160334
v -0.06779981 0.0486455 0.03895748
v -0.04684973 0.02503681 0.03021848
v -0.06880581 0.047616 0.03932762
v -0.04785573 0.02400732 0.03058863
v -0.06940627 0.04670811 0.04034007
v -0.04845619 0.02309942 0.03160107
v -0.06944025 0.04616594 0.04172361
v -0.04849017 0.02255726 0.03298461
v -0.06889868 0.046134 0.04310751
v -0.0479486 0.02252579 0.03436852
v -0.06792665 0.0466218 0.04412091
v -0.04697657 0.02301311 0.03538191
v -0.06678462 0.04749775 0.04449236
v -0.04583454 0.02388906 0.03575337
v -0.06577861 0.04852724 0.04412222
v -0.04482853 0.02491856 0.03538322
v -0.06517816 0.04943466 0.04310977
v -0.04422808 0.02582645 0.03437078
v -0.06514418 0.0499773 0.04172623
v -0.0441941 0.02636862 0.03298724
v -0.02804041 0.006003857 0.0232203
v -0.02706838 0.006491184 0.0242337
v -0.02918243 0.005127907 0.02284896
v -0.03018844 0.004097939 0.02321911
v -0.03078878 0.003190517 0.02423155
v -0.03082287 0.002648354 0.0256151
v -0.03028131 0.002616405 0.026999
v -0.02930927 0.003103733 0.02801239
v -0.02816725 0.003979683 0.02838373
v -0.02716124 0.005009651 0.02801359
v -0.02656078 0.005917072 0.02700114
v -0.02652681 0.006459713 0.0256176
v 0.042153 -0.1109004 0.09719801
v 0.0694586 -0.123292 0.04364789
v 0.09476519 -0.3299289 0.1043687
v 0.06745946 -0.3175373 0.1579189
v 0.02606726 -0.140336 0.003729701
v 0.05137372 -0.3469729 0.06445062
v -0.02805591 -0.1384783 0.03260911
v -0.002749324 -0.3451152 0.09333003
v -0.01811433 -0.120286 0.09037566
v 0.007192135 -0.3269229 0.1510966
v 0.1536187 -0.8104784 0.2455785
v 0.126313 -0.7980869 0.299129
v 0.1102272 -0.8275225 0.2056603
v 0.05610418 -0.825665 0.2345399
v 0.06604576 -0.8074727 0.2923065
vn -0.5327283 -0.296609 -0.7926057
vn -0.5931412 -0.2909331 -0.750694
vn -0.7805842 -0.2580057 -0.5693166
vn -0.769251 0.1012694 0.6308704
vn -0.7978711 0.08775456 0.5964066
vn -0.8218914 0.07555445 0.5646116
vn 0.6844839 0.2783145 0.6738123
vn 0.5931411 0.2909262 0.7506967
vn 0.6591487 0.2823648 0.6969888
vn 0.822242 -0.07538037 -0.564124
vn 0.7978716 -0.08776093 -0.5964051
vn 0.6530696 -0.1477685 -0.7427414
vn -0.1076327 0.9527107 -0.2841788
vn 0.1076327 -0.9527107 0.2841788
vn 0.03986837 0.4167049 -0.9081671
vn -0.03986856 -0.4167048 0.9081672
vn -0.893506 0.3781932 -0.2421094
vn 0.8935059 -0.3781932 0.2421094
vn 0.177587 -0.664862 -0.7255491
vn -0.1775871 0.664862 0.7255491
vn 0.8078496 0.587856 -0.04247912
vn -0.8078495 -0.5878562 0.04247918
vn -0.9708938 -0.1690728 -0.1696457
vn -0.9837705 -0.1490929 -0.09983511
vn -0.98585 -0.07184675 0.1514527
vn -0.09225594 0.2832875 0.9545874
vn -0.1384275 0.2766146 0.9509586
vn -0.1792961 0.2701603 0.9459738
vn 0.9932704 0.1148637 -0.01484548
vn 0.9837711 0.1490863 0.09983819
vn 0.9920015 0.1249057 0.01821461
vn 0.1799082 -0.2700699 -0.9458834
vn 0.1384279 -0.2766209 -0.9509566
vn -0.07449485 -0.302046 -0.9503782
vn -0.1141624 0.949344 -0.2927678
vn 0.1141624 -0.949344 0.2927678
vn -0.5281405 0.3892701 -0.7546763
vn 0.5281405 -0.3892698 0.7546765
vn -0.7351913 0.5754061 0.3583319
vn 0.7351912 -0.5754061 -0.3583318
vn -0.4839434 -0.6931117 -0.5342239
vn 0.4839434 0.6931116 0.534224
vn 0.6384723 0.3817489 -0.668297
vn -0.6384722 -0.381749 0.6682971
vn -0.969649 -0.2001492 -0.1404323
vn -0.9813117 -0.1789375 -0.07077193
vn -0.9792073 -0.09601675 0.1787007
vn -0.07600852 0.3024802 0.9501202
vn -0.1220471 0.2944308 0.9478477
vn -0.1628274 0.2867175 0.9440764
vn 0.9888665 0.1423581 -0.04332629
vn 0.9813127 0.178931 0.07077514
vn 0.9881523 0.1531189 -0.01047635
vn 0.1634387 -0.2866078 -0.9440041
vn 0.1220477 -0.294437 -0.9478456
vn -0.08997428 -0.3258153 -0.9411424
vn -0.1487652 0.9387706 -0.3107712
vn 0.1487652 -0.9387706 0.3107712
vn -0.5581339 0.3568012 -0.7491192
vn 0.5581338 -0.356801 0.7491193
vn -0.7420321 0.5626146 0.3644903
vn 0.7420322 -0.5626147 -0.3644903
vn -0.4773075 -0.71855 -0.5058295
vn 0.4773075 0.71855 0.5058296
vn 0.6100357 0.3840562 -0.6930782
vn -0.6100355 -0.3840564 0.6930782
vn -0.5440087 -0.3296272 -0.771622
vn -0.6034729 -0.324688 -0.7282845
vn -0.7871044 -0.292875 -0.5428545
vn -0.7555271 0.09410645 0.6483232
vn -0.7846159 0.07900303 0.614928
vn -0.8090781 0.06540412 0.5840505
vn 0.6931528 0.3128751 0.6493447
vn 0.6034731 0.3246812 0.7282873
vn 0.6683101 0.3167441 0.6730785
vn 0.809436 -0.06520909 -0.5835763
vn 0.7846166 -0.07900933 -0.6149263
vn 0.6379166 -0.1464147 -0.756059
vn -0.1421182 0.9425163 -0.3024326
vn 0.1421182 -0.9425163 0.3024326
vn 0.004762369 0.3966468 -0.917959
vn -0.004762562 -0.3966467 0.9179591
vn -0.9098617 0.3472623 -0.2270698
vn 0.9098616 -0.3472623 0.2270698
vn 0.1780549 -0.6761329 -0.7149412
vn -0.1780549 0.6761329 0.7149412
vn 0.7893105 0.609192 -0.07664315
vn -0.7893105 -0.6091921 0.07664321
vn 0.7720253 -0.4587874 0.4398763
vn 0.5317574 -0.416774 0.7372473
vn 0.1911882 -0.4227032 0.885872
vn -0.1712886 -0.4729918 0.8642564
vn -0.4804426 -0.5571294 0.6773343
vn -0.6638342 -0.65772 0.3559897
vn -0.660587 -0.7500064 -0.03339641
vn -0.4482459 -0.8059965 -0.3865815
vn -0.07272464 -0.8053865 -0.5882719
vn 0.3524214 -0.746585 -0.5642784
vn 0.6897385 -0.6485624 -0.3219125
vn 0.8383852 -0.5425084 0.05286876
vn -0.1092683 0.9394568 -0.324779
vn -0.7747742 0.5326863 -0.340544
vn -0.7484963 0.6423718 0.1646567
vn -0.5216593 0.5799343 0.6257379
vn -0.1550442 0.3621038 0.919153
vn 0.253115 0.04724792 0.9662818
vn 0.5934521 -0.2802679 0.7544962
vn 0.7747743 -0.5326864 0.3405439
vn 0.7484963 -0.6423718 -0.164657
vn 0.5216593 -0.5799342 -0.6257379
vn 0.1550442 -0.3621038 -0.919153
vn -0.2531148 -0.04724802 -0.9662818
vn -0.5934523 0.2802681 -0.754496
vn 0.6129325 0.7649353 -0.1979589
vn -0.7885036 0.608254 -0.09104576
vn -0.6574817 0.6327109 0.409139
vn -0.3502887 0.4876338 0.7996945
vn 0.0507656 0.2118943 0.9759732
vn 0.4382151 -0.1206205 0.8907403
vn 0.7082459 -0.4208154 0.5668352
vn 0.7885035 -0.608254 0.09104559
vn 0.6574817 -0.632711 -0.409139
vn 0.3502882 -0.4876334 -0.7996949
vn -0.05076451 -0.2118952 -0.9759731
vn -0.438214 0.1206194 -0.8907411
vn -0.7082471 0.4208169 -0.5668328
vn -0.6129241 -0.7649415 0.1979611
vn 0.6173803 0.7622517 -0.194458
vn 0.6173803 0.7622517 -0.194458
vn 0.6173803 0.7622517 -0.194458
vn 0.6173803 0.7622517 -0.194458
vn 0.6173803 0.7622517 -0.194458
vn 0.6173803 0.7622517 -0.194458
vn 0.6173803 0.7622517 -0.194458
vn 0.6173803 0.7622517 -0.194458
vn 0.6173803 0.7622517 -0.194458
vn 0.6173803 0.7622517 -0.194458
vn 0.6173803 0.7622517 -0.194458
vn 0.6173803 0.7622517 -0.194458
vn 0.5487857 0.656163 -0.5179618
vn 0.4193768 0.7707493 -0.4796547
vn 0.3330464 0.8707412 -0.361787
vn 0.3129266 0.929346 -0.1959414
vn 0.3644085 0.9308605 -0.02655593
vn 0.4736975 0.874879 0.1009826
vn 0.6115098 0.7764016 0.1525004
vn 0.7409187 0.6618152 0.1141932
vn 0.8272491 0.5618234 -0.003674413
vn 0.8473689 0.5032186 -0.16952
vn 0.795887 0.5017041 -0.3389055
vn 0.6865979 0.5576857 -0.4664441
vn 0.4139994 0.4709314 -0.7789918
vn 0.1707903 0.6862832 -0.7069979
vn 0.008542214 0.8742065 -0.4854792
vn -0.02927066 0.9843474 -0.1737914
vn 0.06748361 0.9871938 0.1445491
vn 0.2728798 0.8819829 0.3842431
vn 0.5318822 0.6969059 0.4810649
vn 0.7750914 0.4815541 0.409071
vn 0.9373394 0.2936309 0.1875523
vn 0.9751522 0.18349 -0.1241355
vn 0.8783979 0.1806436 -0.4424759
vn 0.6730016 0.2858545 -0.6821702
vn 0.2292786 0.2288984 -0.9460639
vn -0.09839611 0.5190412 -0.8490669
vn -0.3169924 0.7722296 -0.5506155
vn -0.3679376 0.920622 -0.1306795
vn -0.2375808 0.9244569 0.2982195
vn 0.03914865 0.7827067 0.6211583
vn 0.3881017 0.5333531 0.751606
vn 0.7157765 0.2432104 0.6546089
vn 0.9343727 -0.009977911 0.3561575
vn 0.9853178 -0.1583704 -0.06377838
vn 0.8549612 -0.1622053 -0.4926773
vn 0.5782315 -0.02045494 -0.8156164
vn 0.01690346 -0.04074302 -0.9990267
vn -0.3557145 0.2891951 -0.8887258
vn -0.604293 0.5771103 -0.5493394
vn -0.6622257 0.745856 -0.07180584
vn -0.5139895 0.7502168 0.4159201
vn -0.1993043 0.5890245 0.7831526
vn 0.1975105 0.3054701 0.9314922
vn 0.5701285 -0.0244681 0.8211911
vn 0.8187068 -0.3123832 0.4818048
vn 0.8766395 -0.4811288 0.00427136
vn 0.7284034 -0.4854897 -0.4834545
vn 0.4137179 -0.3242972 -0.8506873
vn -0.1975104 -0.3054702 -0.9314922
vn -0.5701284 0.02446791 -0.8211912
vn -0.8187069 0.3123831 -0.4818048
vn -0.8766396 0.4811288 -0.004271315
vn -0.7284034 0.4854896 0.4834546
vn -0.4137182 0.3242973 0.8506871
vn -0.01690344 0.0407429 0.9990267
vn 0.3557145 -0.2891952 0.8887257
vn 0.604293 -0.5771104 0.5493394
vn 0.6622257 -0.745856 0.07180589
vn 0.5139895 -0.7502169 -0.4159199
vn 0.199304 -0.5890244 -0.7831528
vn -0.3881017 -0.5333533 -0.7516059
vn -0.7157764 -0.2432106 -0.6546089
vn -0.9343727 0.009977805 -0.3561575
vn -0.9853178 0.1583703 0.06377842
vn -0.8549612 0.1622052 0.4926774
vn -0.5782316 0.02045496 0.8156163
vn -0.2292786 -0.2288986 0.9460639
vn 0.09839616 -0.5190414 0.8490668
vn 0.3169923 -0.7722296 0.5506154
vn 0.3679374 -0.9206221 0.1306796
vn 0.2375808 -0.924457 -0.2982193
vn -0.03914893 -0.7827066 -0.6211584
vn -0.5318822 -0.696906 -0.4810649
vn -0.7750912 -0.4815542 -0.4090711
vn -0.9373394 -0.2936309 -0.1875523
vn -0.9751522 -0.18349 0.1241355
vn -0.8783979 -0.1806436 0.442476
vn -0.6730018 -0.2858545 0.68217
vn -0.4139993 -0.4709314 0.7789918
vn -0.1707902 -0.6862833 0.7069979
vn -0.008542216 -0.8742065 0.4854792
vn 0.02927067 -0.9843474 0.1737914
vn -0.06748361 -0.9871938 -0.144549
vn -0.2728799 -0.8819828 -0.3842433
vn -0.6115099 -0.7764016 -0.1525002
vn -0.7409186 -0.6618153 -0.1141931
vn -0.827249 -0.5618235 0.003674488
vn -0.8473688 -0.5032188 0.1695201
vn -0.7958869 -0.5017042 0.3389054
vn -0.6865979 -0.5576857 0.4664439
vn -0.5487857 -0.6561631 0.5179617
vn -0.4193769 -0.7707494 0.4796546
vn -0.3330465 -0.8707412 0.3617869
vn -0.3129267 -0.9293459 0.1959414
vn -0.3644086 -0.9308605 0.02655606
vn -0.4736977 -0.8748789 -0.1009825
vn -0.7717004 0.5823656 -0.2555954
vn -0.7717004 0.5823656 -0.2555954
vn -0.7717004 0.5823656 -0.2555954
vn -0.7717004 0.5823656 -0.2555954
vn -0.7717004 0.5823656 -0.2555954
vn -0.7717004 0.5823656 -0.2555954
vn -0.7717004 0.5823656 -0.2555954
vn -0.7717004 0.5823656 -0.2555954
vn -0.7717004 0.5823656 -0.2555954
vn -0.7717004 0.5823656 -0.2555954
vn -0.7717004 0.5823656 -0.2555954
vn -0.7717004 0.5823656 -0.2555954
vn -0.7308105 0.6783752 0.0756522
vn -0.6213302 0.7833933 -0.01561323
vn -0.5396713 0.8251356 -0.1670514
vn -0.5077143 0.7924172 -0.3380847
vn -0.534022 0.694005 -0.4828847
vn -0.6115453 0.5562685 -0.5626525
vn -0.7195118 0.416114 -0.5560144
vn -0.8289921 0.3110959 -0.4647489
vn -0.9106508 0.2693536 -0.3133107
vn -0.9426079 0.302072 -0.1422776
vn -0.9163002 0.4004841 0.002522474
vn -0.8387769 0.5382208 0.08229035
vn -0.601774 0.6925628 0.397775
vn -0.3960184 0.8899323 0.2262521
vn -0.24255 0.9683821 -0.0583586
vn -0.1824905 0.9068916 -0.3797959
vn -0.2319327 0.7219372 -0.6519309
vn -0.3776288 0.4630773 -0.8018453
vn -0.5805396 0.199673 -0.7893697
vn -0.7862952 0.002303544 -0.6178468
vn -0.9397635 -0.0761462 -0.3332362
vn -0.999823 -0.01465579 -0.01179897
vn -0.9503808 0.1702986 0.260336
vn -0.8046845 0.4291586 0.4102506
vn -0.4001547 0.6232169 0.6719203
vn -0.1229409 0.8891323 0.4408281
vn 0.08382656 0.9948273 0.05737317
vn 0.1647445 0.9119815 -0.3756982
vn 0.09813104 0.6627931 -0.7423448
vn -0.09816469 0.3140321 -0.9443239
vn -0.3715456 -0.04085152 -0.9275155
vn -0.6487594 -0.3067667 -0.6964234
vn -0.8555268 -0.4124618 -0.3129685
vn -0.9364446 -0.329616 0.1201028
vn -0.8698313 -0.08042768 0.4867493
vn -0.6735355 0.2683336 0.6887287
vn -0.1502708 0.478702 0.865022
vn 0.164965 0.7810897 0.6022338
vn 0.4000923 0.9012818 0.1661849
vn 0.4921088 0.8070729 -0.3262857
vn 0.4163588 0.5237063 -0.7432208
vn 0.1931395 0.12711 -0.972903
vn -0.1177378 -0.2764487 -0.9537893
vn -0.4329738 -0.5788364 -0.6910009
vn -0.6681009 -0.6990284 -0.2549521
vn -0.7601174 -0.6048196 0.2375183
vn -0.6843674 -0.3214531 0.6544534
vn -0.4611479 0.07514364 0.8841358
vn 0.1177379 0.2764486 0.9537893
vn 0.4329737 0.5788363 0.6910011
vn 0.668101 0.6990284 0.2549522
vn 0.7601174 0.6048195 -0.2375184
vn 0.6843674 0.321453 -0.6544535
vn 0.4611481 -0.07514337 -0.8841357
vn 0.1502708 -0.4787021 -0.8650219
vn -0.1649651 -0.7810897 -0.6022336
vn -0.4000923 -0.9012818 -0.1661848
vn -0.4921087 -0.8070729 0.3262857
vn -0.4163587 -0.5237065 0.7432207
vn -0.1931392 -0.1271098 0.9729031
vn 0.3715457 0.04085138 0.9275156
vn 0.6487593 0.3067666 0.6964234
vn 0.8555268 0.4124617 0.3129686
vn 0.9364448 0.3296159 -0.1201028
vn 0.8698313 0.08042756 -0.4867493
vn 0.6735356 -0.2683335 -0.6887286
vn 0.4001547 -0.6232171 -0.6719202
vn 0.1229409 -0.8891323 -0.440828
vn -0.08382649 -0.9948273 -0.05737309
vn -0.1647444 -0.9119815 0.3756981
vn -0.098131 -0.6627932 0.7423447
vn 0.09816492 -0.3140319 0.9443239
vn 0.5805395 -0.1996731 0.7893697
vn 0.7862951 -0.002303594 0.6178469
vn 0.9397635 0.07614621 0.3332362
vn 0.999823 0.01465578 0.01179895
vn 0.9503807 -0.1702986 -0.2603361
vn 0.8046847 -0.4291585 -0.4102506
vn 0.601774 -0.6925628 -0.397775
vn 0.3960184 -0.8899323 -0.226252
vn 0.24255 -0.9683821 0.05835863
vn 0.1824905 -0.9068916 0.3797959
vn 0.2319328 -0.7219372 0.6519309
vn 0.3776289 -0.4630771 0.8018454
vn 0.7195119 -0.4161141 0.5560142
vn 0.828992 -0.311096 0.4647489
vn 0.9106508 -0.2693538 0.3133107
vn 0.9426078 -0.3020722 0.1422776
vn 0.9163001 -0.4004843 -0.002522388
vn 0.838777 -0.5382208 -0.08229017
vn 0.7308105 -0.6783752 -0.07565203
vn 0.6213302 -0.7833933 0.01561338
vn 0.5396714 -0.8251355 0.1670515
vn 0.5077145 -0.7924172 0.3380846
vn 0.5340221 -0.694005 0.4828846
vn 0.6115454 -0.5562685 0.5626524
vn 0.603734 0.7970071 0.01688698
vn 0.6290256 0.6200444 -0.4689049
vn 0.4857704 0.2769413 -0.8290541
vn 0.2123534 -0.1403679 -0.967059
vn -0.1179635 -0.5200657 -0.845941
vn -0.4166722 -0.7604123 -0.4981541
vn -0.603734 -0.7970071 -0.0168869
vn -0.6290256 -0.6200443 0.4689051
vn -0.4857703 -0.2769413 0.8290541
vn -0.2123535 0.1403679 0.967059
vn 0.1179634 0.5200657 0.8459412
vn 0.4166723 0.7604125 0.4981538
vn -0.7683824 0.5874321 -0.2539922
vn 0.6381242 0.7335192 -0.2339814
vn 0.577062 0.4643128 -0.6718729
vn 0.3613768 0.07069499 -0.929736
vn 0.04885979 -0.3418673 -0.9384772
vn -0.2767475 -0.6628246 -0.6957546
vn -0.528201 -0.8061793 -0.2666057
vn -0.6381242 -0.7335192 0.2339815
vn -0.5770619 -0.4643128 0.6718729
vn -0.3613764 -0.07069435 0.9297362
vn -0.04886067 0.3418663 0.9384775
vn 0.2767465 0.6628237 0.6957558
vn 0.5282021 0.8061795 0.2666029
vn 0.7683757 -0.5874404 0.2539934
vn -0.1426318 0.8433473 0.5180943
vn -0.1426318 0.8433473 0.5180943
vn -0.1426318 0.8433473 0.5180943
vn -0.1426318 0.8433473 0.5180943
vn -0.1426318 0.8433473 0.5180943
vn -0.1426318 0.8433473 0.5180943
vn -0.1426318 0.8433473 0.5180943
vn -0.1426318 0.8433473 0.5180943
vn -0.1426318 0.8433473 0.5180943
vn -0.1426318 0.8433473 0.5180943
vn -0.1426318 0.8433473 0.5180943
vn -0.1426318 0.8433473 0.5180943
vn 0.2013727 0.8579223 0.4726717
vn 0.1335081 0.9350296 0.328474
vn -0.006043081 0.9739429 0.2267129
vn -0.1798883 0.9642352 0.1946552
vn -0.3414459 0.9085078 0.2408907
vn -0.4474265 0.8216928 0.3530305
vn -0.4694329 0.7270521 0.501027
vn -0.4015682 0.6499447 0.6452247
vn -0.262017 0.6110314 0.7469857
vn -0.08817183 0.6207391 0.7790435
vn 0.07338569 0.6764665 0.7328081
vn 0.1793664 0.7632816 0.6206681
vn 0.5210887 0.7690191 0.3702379
vn 0.393545 0.9139336 0.09923506
vn 0.1312745 0.9870667 -0.09201321
vn -0.1954476 0.9688222 -0.1522621
vn -0.4990765 0.864089 -0.0653679
vn -0.6982549 0.7009301 0.1453861
vn -0.7396134 0.5230638 0.4235286
vn -0.6120696 0.3781492 0.6945315
vn -0.3497992 0.3050163 0.8857797
vn -0.02307703 0.3232607 0.9460285
vn 0.2805518 0.427994 0.8591344
vn 0.4797305 0.591153 0.6483802
vn 0.7779538 0.587361 0.223148
vn 0.6061147 0.7826038 -0.1419732
vn 0.2527585 0.8811356 -0.3996413
vn -0.1874331 0.8565549 -0.4808144
vn -0.5965112 0.7154482 -0.3637422
vn -0.8648636 0.4956248 -0.07979415
vn -0.9205856 0.2559861 0.2949463
vn -0.7487464 0.06074331 0.6600675
vn -0.3953903 -0.03778845 0.9177356
vn 0.04480123 -0.01320783 0.9989086
vn 0.4538793 0.1278989 0.8818364
vn 0.7222319 0.3477225 0.5978882
vn 0.9409861 0.3348584 0.0491431
vn 0.7455779 0.5568803 -0.3660574
vn 0.3437561 0.6689266 -0.6590668
vn -0.1568113 0.6409745 -0.7513734
vn -0.6219978 0.4805138 -0.6182438
vn -0.9271569 0.2305399 -0.29535
vn -0.9905216 -0.04196716 0.1307891
vn -0.7951132 -0.2639891 0.5459898
vn -0.3932916 -0.3760353 0.838999
vn 0.1072758 -0.3480832 0.9313055
vn 0.5724622 -0.1876226 0.798176
vn 0.8776215 0.06235162 0.4752818
vn 0.9905216 0.04196706 -0.1307891
vn 0.7951133 0.2639889 -0.5459896
vn 0.3932916 0.3760352 -0.838999
vn -0.1072758 0.3480831 -0.9313056
vn -0.5724623 0.1876224 -0.798176
vn -0.8776214 -0.0623515 -0.4752822
vn -0.9409861 -0.3348585 -0.04914307
vn -0.7455777 -0.5568804 0.3660575
vn -0.343756 -0.6689267 0.6590668
vn 0.1568113 -0.6409746 0.7513734
vn 0.6219977 -0.4805139 0.6182438
vn 0.927157 -0.2305397 0.2953496
vn 0.9205856 -0.2559863 -0.2949463
vn 0.7487465 -0.06074348 -0.6600674
vn 0.3953903 0.03778835 -0.9177356
vn -0.04480123 0.01320769 -0.9989086
vn -0.4538793 -0.1278991 -0.8818364
vn -0.7222317 -0.3477225 -0.5978884
vn -0.7779537 -0.5873611 -0.223148
vn -0.6061145 -0.7826039 0.1419733
vn -0.2527585 -0.8811357 0.3996413
vn 0.187433 -0.856555 0.4808143
vn 0.5965111 -0.7154483 0.3637422
vn 0.8648636 -0.4956247 0.07979386
vn 0.7396134 -0.5230638 -0.4235286
vn 0.6120697 -0.3781493 -0.6945314
vn 0.3497992 -0.3050163 -0.8857797
vn 0.02307701 -0.3232607 -0.9460285
vn -0.2805519 -0.427994 -0.8591344
vn -0.4797303 -0.5911528 -0.6483804
vn -0.5210887 -0.7690192 -0.3702379
vn -0.3935449 -0.9139338 -0.09923497
vn -0.1312745 -0.9870667 0.09201321
vn 0.1954476 -0.9688222 0.1522621
vn 0.4990764 -0.864089 0.06536791
vn 0.6982551 -0.7009299 -0.1453862
vn 0.4694327 -0.7270522 -0.501027
vn 0.4015682 -0.6499448 -0.6452246
vn 0.262017 -0.6110315 -0.7469857
vn 0.08817185 -0.6207392 -0.7790434
vn -0.07338565 -0.6764666 -0.732808
vn -0.1793662 -0.7632816 -0.6206682
vn -0.2013726 -0.8579223 -0.4726717
vn -0.133508 -0.9350296 -0.3284741
vn 0.006043162 -0.9739429 -0.2267131
vn 0.1798883 -0.9642352 -0.1946554
vn 0.3414457 -0.9085078 -0.2408908
vn 0.4474264 -0.8216928 -0.3530307
vn -0.03530753 0.5335332 -0.8450419
vn -0.03530753 0.5335332 -0.8450419
vn -0.03530753 0.5335332 -0.8450419
vn -0.03530753 0.5335332 -0.8450419
vn -0.03530753 0.5335332 -0.8450419
vn -0.03530753 0.5335332 -0.8450419
vn -0.03530753 0.5335332 -0.8450419
vn -0.03530753 0.5335332 -0.8450419
vn -0.03530753 0.5335332 -0.8450419
vn -0.03530753 0.5335332 -0.8450419
vn -0.03530753 0.5335332 -0.8450419
vn -0.03530753 0.5335332 -0.8450419
vn -0.3739427 0.5174994 -0.7696501
vn -0.3149514 0.6597482 -0.6823035
vn -0.1804593 0.7595561 -0.6249071
vn -0.006503312 0.7901799 -0.6128405
vn 0.1603052 0.7434138 -0.6493367
vn 0.2752699 0.6317889 -0.7246167
vn 0.3075862 0.4852148 -0.8185092
vn 0.248595 0.342966 -0.9058559
vn 0.1141028 0.2431581 -0.9632521
vn -0.05985311 0.2125343 -0.9753188
vn -0.2266616 0.2593004 -0.9388226
vn -0.3416264 0.3709254 -0.8635426
vn -0.6674748 0.4390477 -0.6014271
vn -0.5566075 0.7063878 -0.4372691
vn -0.303845 0.8939655 -0.3293994
vn 0.02308529 0.9515193 -0.3067214
vn 0.3365827 0.8636279 -0.3753119
vn 0.5526457 0.6538416 -0.516792
vn 0.6133806 0.3783725 -0.6932523
vn 0.5025132 0.1110322 -0.8574103
vn 0.2497507 -0.07654532 -0.96528
vn -0.07717954 -0.1340992 -0.9879579
vn -0.3906768 -0.04620773 -0.9193674
vn -0.6067401 0.1635787 -0.7778872
vn -0.8804997 0.3076403 -0.3606631
vn -0.7311286 0.6678267 -0.1394937
vn -0.3905826 0.9205494 0.005838898
vn 0.04988948 0.9980915 0.03639278
vn 0.4722634 0.8796756 -0.05601894
vn 0.7633643 0.5970314 -0.2466345
vn 0.8451921 0.2258927 -0.4843788
vn 0.695821 -0.1342938 -0.7055482
vn 0.355275 -0.3870164 -0.8508807
vn -0.08519697 -0.4645585 -0.8814346
vn -0.5075708 -0.3461426 -0.789023
vn -0.7986719 -0.06349811 -0.5984072
vn -0.9873232 0.1391269 -0.07639783
vn -0.8174648 0.5487158 0.1751068
vn -0.4302101 0.8361015 0.3403729
vn 0.07067624 0.9242791 0.3751175
vn 0.5509821 0.7896215 0.2700308
vn 0.8820099 0.4682103 0.05327076
vn 0.9750611 0.04616705 -0.2170821
vn 0.8052024 -0.3634219 -0.4685868
vn 0.4179478 -0.6508074 -0.6338527
vn -0.08293839 -0.7389851 -0.6685973
vn -0.5632441 -0.6043276 -0.5635107
vn -0.8942722 -0.282916 -0.3467504
vn -0.9750611 -0.04616716 0.2170821
vn -0.8052025 0.3634218 0.4685867
vn -0.4179479 0.6508074 0.6338528
vn 0.08293842 0.738985 0.6685973
vn 0.5632442 0.6043274 0.5635107
vn 0.894272 0.2829162 0.3467506
vn 0.9873232 -0.139127 0.07639784
vn 0.8174646 -0.548716 -0.1751068
vn 0.43021 -0.8361015 -0.3403728
vn -0.07067621 -0.9242791 -0.3751174
vn -0.5509819 -0.7896217 -0.2700308
vn -0.88201 -0.4682101 -0.05327051
vn -0.8451921 -0.2258929 0.4843788
vn -0.695821 0.1342936 0.7055482
vn -0.355275 0.3870163 0.8508808
vn 0.08519699 0.4645583 0.8814347
vn 0.5075708 0.3461425 0.789023
vn 0.7986718 0.06349822 0.5984074
vn 0.8804996 -0.3076404 0.3606631
vn 0.7311285 -0.6678269 0.1394937
vn 0.3905825 -0.9205495 -0.005838818
vn -0.04988944 -0.9980915 -0.03639266
vn -0.4722632 -0.8796757 0.05601897
vn -0.7633644 -0.5970312 0.2466347
vn -0.6133806 -0.3783725 0.6932523
vn -0.5025133 -0.1110323 0.8574102
vn -0.2497507 0.07654532 0.96528
vn 0.07717956 0.1340992 0.9879579
vn 0.3906769 0.04620773 0.9193674
vn 0.6067399 -0.1635785 0.7778873
vn 0.6674748 -0.4390477 0.6014271
vn 0.5566074 -0.7063879 0.4372691
vn 0.303845 -0.8939655 0.3293994
vn -0.02308527 -0.9515193 0.3067214
vn -0.3365826 -0.8636279 0.3753119
vn -0.5526458 -0.6538414 0.5167921
vn -0.3075861 -0.4852149 0.8185092
vn -0.2485949 -0.3429662 0.9058558
vn -0.1141028 -0.2431582 0.9632521
vn 0.05985311 -0.2125345 0.9753188
vn 0.2266615 -0.2593005 0.9388226
vn 0.3416262 -0.3709254 0.8635426
vn 0.3739426 -0.5174995 0.7696502
vn 0.3149513 -0.6597482 0.6823035
vn 0.1804592 -0.7595561 0.6249073
vn 0.006503336 -0.7901798 0.6128406
vn -0.160305 -0.7434138 0.6493368
vn -0.2752698 -0.6317888 0.7246168
vn -0.2357199 0.813964 0.5309413
vn 0.2813945 0.8143042 0.5076671
vn 0.7231096 0.5964522 0.3483638
vn 0.971068 0.2187813 0.09571668
vn 0.9588295 -0.2175119 -0.1825776
vn 0.6896735 -0.5955229 -0.4119503
vn 0.2357198 -0.813964 -0.5309413
vn -0.2813948 -0.8143041 -0.507667
vn -0.7231097 -0.5964522 -0.3483638
vn -0.971068 -0.2187813 -0.09571669
vn -0.9588295 0.2175118 0.1825776
vn -0.6896732 0.5955231 0.4119504
vn -0.03825016 0.5381425 -0.8419856
vn 0.02364292 0.842853 0.5376242
vn 0.51997 0.7302603 0.4431154
vn 0.8769707 0.4219953 0.2298744
vn 0.9989885 0.0006553262 -0.04496234
vn 0.8533279 -0.4208581 -0.30775
vn 0.4790196 -0.7296036 -0.4880768
vn -0.02364309 -0.8428531 -0.5376242
vn -0.51997 -0.7302603 -0.4431153
vn -0.8769712 -0.4219948 -0.229874
vn -0.9989886 -0.0006564645 0.04496159
vn -0.8533288 0.4208568 0.3077492
vn -0.4790169 0.7296048 0.4880774
vn 0.0382512 -0.5381514 0.8419797
vn 0.1786188 0.5316336 -0.8279259
vn -0.3322628 0.4482932 -0.8298401
vn -0.7541147 0.2448331 -0.6093995
vn -0.9739023 -0.02422982 -0.2256707
vn -0.9327335 -0.2868004 0.2185263
vn -0.6416396 -0.472523 0.6041694
vn -0.1786187 -0.5316335 0.8279258
vn 0.332263 -0.4482932 0.8298401
vn 0.7541147 -0.2448331 0.6093994
vn 0.9739023 0.02422981 0.2256707
vn 0.9327335 0.2868003 -0.2185262
vn 0.6416394 0.4725231 -0.6041696
vn -0.1400346 0.8466278 0.5134313
vn -0.07953176 0.5072464 -0.8581234
vn -0.5623505 0.3587871 -0.745006
vn -0.8944871 0.1141916 -0.4322652
vn -0.9869471 -0.1610028 -0.003697577
vn -0.8149554 -0.3930552 0.4258586
vn -0.4245978 -0.5197893 0.7413069
vn 0.07953194 -0.5072465 0.8581234
vn 0.5623505 -0.3587872 0.7450059
vn 0.8944874 -0.1141911 0.4322646
vn 0.9869472 0.1610021 0.003698754
vn 0.8149564 0.3930545 -0.4258572
vn 0.4245951 0.5197896 -0.7413082
vn 0.1400342 -0.8466334 -0.5134222
vn 0.4201632 0.6418853 -0.6414407
vn 0.4201632 0.6418853 -0.6414407
vn 0.4201632 0.6418853 -0.6414407
vn 0.4201632 0.6418853 -0.6414407
vn 0.4201632 0.6418853 -0.6414407
vn 0.4201632 0.6418853 -0.6414407
vn 0.4201632 0.6418853 -0.6414407
vn 0.4201632 0.6418853 -0.6414407
vn 0.4201632 0.6418853 -0.6414407
vn 0.4201632 0.6418853 -0.6414407
vn 0.4201632 0.6418853 -0.6414407
vn 0.4201632 0.6418853 -0.6414407
vn 0.1351506 0.5558076 -0.8202513
vn 0.08494549 0.6911278 -0.7177233
vn 0.1177721 0.8028811 -0.5843901
vn 0.2248346 0.8611232 -0.4559784
vn 0.3774457 0.8502483 -0.3668959
vn 0.5347134 0.7731703 -0.3410122
vn 0.6544979 0.6505421 -0.3852629
vn 0.704703 0.5152219 -0.487791
vn 0.6718764 0.4034687 -0.6211241
vn 0.5648139 0.3452266 -0.7495358
vn 0.4122028 0.3561015 -0.8386183
vn 0.2549351 0.4331795 -0.864502
vn -0.166163 0.4026913 -0.9001275
vn -0.2605179 0.65701 -0.7074378
vn -0.198824 0.8670375 -0.4568535
vn 0.002387693 0.9764969 -0.2155184
vn 0.2892027 0.9560588 -0.04809806
vn 0.5847692 0.8111995 0.0005473474
vn 0.8098904 0.580734 -0.08261669
vn 0.9042453 0.3264152 -0.2753065
vn 0.8425514 0.1163879 -0.5258908
vn 0.6413397 0.006928464 -0.7672258
vn 0.3545247 0.02736658 -0.9346461
vn 0.05895794 0.1722259 -0.9832916
vn -0.4474351 0.2010045 -0.871435
vn -0.574559 0.5436472 -0.6118249
vn -0.4914391 0.8266164 -0.2742136
vn -0.2203473 0.9740906 0.05093641
vn 0.1660776 0.9465545 0.2765012
vn 0.5642932 0.7513862 0.342041
vn 0.8675984 0.4408807 0.2299944
vn 0.9947222 0.09823795 -0.02961579
vn 0.9116023 -0.1847311 -0.3672272
vn 0.6405105 -0.3322054 -0.692377
vn 0.2540857 -0.3046692 -0.9179418
vn -0.1441303 -0.1095007 -0.9834816
vn -0.6747398 -0.02492643 -0.7376347
vn -0.8192998 0.3647124 -0.4424169
vn -0.7247794 0.6864931 -0.0584994
vn -0.4165051 0.8541947 0.3112475
vn 0.02292107 0.8228817 0.5677503
vn 0.4757552 0.6009445 0.6422794
vn 0.8206609 0.2478507 0.5148647
vn 0.9652209 -0.1417883 0.2196468
vn 0.8707004 -0.4635688 -0.1642706
vn 0.5624262 -0.6312703 -0.5340174
vn 0.1230001 -0.5999574 -0.7905202
vn -0.3298344 -0.3780199 -0.8650493
vn -0.8206609 -0.2478508 -0.5148647
vn -0.9652209 0.1417881 -0.2196469
vn -0.8707004 0.4635687 0.1642706
vn -0.5624262 0.6312703 0.5340174
vn -0.123 0.5999573 0.7905203
vn 0.329834 0.37802 0.8650494
vn 0.6747398 0.02492631 0.7376347
vn 0.8192998 -0.3647126 0.4424168
vn 0.7247792 -0.6864932 0.05849937
vn 0.4165051 -0.8541948 -0.3112474
vn -0.02292094 -0.8228818 -0.5677502
vn -0.4757555 -0.6009443 -0.6422793
vn -0.8675983 -0.4408808 -0.2299943
vn -0.9947222 -0.09823813 0.02961579
vn -0.9116023 0.184731 0.3672272
vn -0.6405105 0.3322053 0.6923771
vn -0.2540856 0.3046691 0.9179419
vn 0.1441301 0.1095008 0.9834817
vn 0.4474351 -0.2010046 0.8714351
vn 0.5745589 -0.5436473 0.6118248
vn 0.491439 -0.8266163 0.2742135
vn 0.2203472 -0.9740907 -0.05093629
vn -0.1660775 -0.9465545 -0.2765011
vn -0.5642935 -0.751386 -0.3420409
vn -0.8098904 -0.580734 0.08261667
vn -0.9042453 -0.3264153 0.2753064
vn -0.8425514 -0.1163879 0.5258908
vn -0.6413397 -0.006928462 0.7672258
vn -0.3545246 -0.02736657 0.9346461
vn -0.05895816 -0.1722258 0.9832915
vn 0.1661631 -0.4026914 0.9001275
vn 0.2605179 -0.6570102 0.7074378
vn 0.198824 -0.8670375 0.4568535
vn -0.002387678 -0.9764969 0.2155184
vn -0.2892027 -0.9560588 0.04809812
vn -0.5847694 -0.8111994 -0.0005473843
vn -0.6544978 -0.6505421 0.385263
vn -0.7047029 -0.5152221 0.487791
vn -0.6718763 -0.4034688 0.6211241
vn -0.5648139 -0.3452267 0.7495358
vn -0.4122028 -0.3561016 0.8386182
vn -0.2549352 -0.4331796 0.8645019
vn -0.1351508 -0.5558077 0.8202513
vn -0.08494563 -0.6911278 0.7177233
vn -0.1177723 -0.802881 0.5843902
vn -0.2248347 -0.8611231 0.4559785
vn -0.3774457 -0.8502482 0.3668961
vn -0.5347134 -0.7731702 0.3410124
vn 0.3053737 0.9166811 0.2577649
vn 0.3053737 0.9166811 0.2577649
vn 0.3053737 0.9166811 0.2577649
vn 0.3053737 0.9166811 0.2577649
vn 0.3053737 0.9166811 0.2577649
vn 0.3053737 0.9166811 0.2577649
vn 0.3053737 0.9166811 0.2577649
vn 0.3053737 0.9166811 0.2577649
vn 0.3053737 0.9166811 0.2577649
vn 0.3053737 0.9166811 0.2577649
vn 0.3053737 0.9166811 0.2577649
vn 0.3053737 0.9166811 0.2577649
vn 0.5109814 0.8594389 -0.0162124
vn 0.3627705 0.9280334 -0.08456749
vn 0.1942455 0.9787731 -0.06536019
vn 0.05056261 0.9980624 0.03626294
vn -0.02977845 0.9807326 0.1930721
vn -0.0252504 0.9314274 0.3630502
vn 0.06293352 0.863358 0.5006521
vn 0.2111445 0.7947634 0.5690072
vn 0.3796694 0.7440237 0.5497998
vn 0.5233523 0.7247345 0.4481767
vn 0.6036934 0.7420642 0.2913677
vn 0.5991652 0.7913695 0.1213893
vn 0.6549571 0.6985358 -0.2882343
vn 0.3764117 0.8274512 -0.4166998
vn 0.05968839 0.9228107 -0.3806019
vn -0.2103471 0.9590626 -0.1896129
vn -0.3613389 0.9264933 0.1050918
vn -0.3528289 0.8338298 0.4245463
vn -0.1870974 0.7059011 0.6831531
vn 0.09144814 0.5769857 0.8116186
vn 0.4081713 0.4816262 0.7755207
vn 0.6782067 0.4453743 0.5845317
vn 0.8291986 0.4779436 0.2898271
vn 0.8206886 0.5706071 -0.02962771
vn 0.7199354 0.4533788 -0.5254909
vn 0.3446521 0.6270662 -0.698572
vn -0.08206806 0.7555436 -0.6499375
vn -0.4458859 0.8043857 -0.3926187
vn -0.6493166 0.7605053 0.004435966
vn -0.6378512 0.6356601 0.4348358
vn -0.4145617 0.4633022 0.7832559
vn -0.03927835 0.2896148 0.956337
vn 0.3874418 0.1611374 0.9077024
vn 0.7512596 0.1122953 0.6503837
vn 0.9546903 0.1561757 0.2533291
vn 0.9432248 0.2810211 -0.1770711
vn 0.6980789 0.1535377 -0.6993656
vn 0.2713225 0.3510477 -0.8961862
vn -0.2139259 0.4971469 -0.840881
vn -0.6276442 0.5526881 -0.5482689
vn -0.8589771 0.502789 -0.09675498
vn -0.8459392 0.3608203 0.3926777
vn -0.5920237 0.1648221 0.7888864
vn -0.1652671 -0.03268792 0.985707
vn 0.319981 -0.178787 0.9304017
vn 0.7336993 -0.2343282 0.6377897
vn 0.9650322 -0.1844292 0.1862759
vn 0.9519941 -0.04246031 -0.3031572
vn 0.5920237 -0.1648222 -0.7888864
vn 0.1652673 0.03268776 -0.985707
vn -0.319981 0.1787869 -0.9304017
vn -0.7336994 0.2343281 -0.6377896
vn -0.9650323 0.1844291 -0.1862758
vn -0.9519942 0.04246036 0.3031569
vn -0.6980788 -0.1535378 0.6993656
vn -0.2713223 -0.3510478 0.8961862
vn 0.2139259 -0.497147 0.8408809
vn 0.6276442 -0.5526881 0.5482689
vn 0.8589771 -0.5027892 0.09675512
vn 0.845939 -0.3608203 -0.392678
vn 0.4145616 -0.4633023 -0.7832558
vn 0.03927843 -0.2896149 -0.956337
vn -0.3874418 -0.1611375 -0.9077024
vn -0.7512596 -0.1122954 -0.6503836
vn -0.9546903 -0.1561758 -0.253329
vn -0.9432248 -0.281021 0.1770709
vn -0.7199354 -0.453379 0.5254909
vn -0.344652 -0.6270664 0.698572
vn 0.08206807 -0.7555437 0.6499373
vn 0.4458858 -0.8043858 0.3926186
vn 0.6493165 -0.7605054 -0.00443584
vn 0.6378511 -0.6356601 -0.4348361
vn 0.1870974 -0.7059011 -0.6831531
vn -0.09144799 -0.5769857 -0.8116186
vn -0.4081713 -0.4816262 -0.7755207
vn -0.6782068 -0.4453743 -0.5845317
vn -0.8291986 -0.4779435 -0.289827
vn -0.8206887 -0.5706071 0.02962747
vn -0.6549571 -0.6985358 0.2882343
vn -0.3764116 -0.8274513 0.4166998
vn -0.05968837 -0.9228107 0.3806018
vn 0.2103471 -0.9590626 0.1896129
vn 0.3613388 -0.9264934 -0.1050918
vn 0.3528289 -0.8338298 -0.4245465
vn -0.06293361 -0.863358 -0.500652
vn -0.2111445 -0.7947636 -0.569007
vn -0.3796694 -0.7440239 -0.5497997
vn -0.5233521 -0.7247346 -0.4481766
vn -0.6036932 -0.7420644 -0.2913676
vn -0.5991652 -0.7913696 -0.1213895
vn -0.5109813 -0.859439 0.01621229
vn -0.3627703 -0.9280334 0.08456734
vn -0.1942455 -0.9787731 0.06536004
vn -0.05056274 -0.9980623 -0.03626304
vn 0.02977829 -0.9807326 -0.193072
vn 0.02525023 -0.9314274 -0.3630503
vn -0.4548593 0.372385 -0.80897
vn -0.8124691 0.3881069 -0.4350485
vn -0.9523783 0.2998359 0.05544403
vn -0.8370985 0.1312241 0.5310803
vn -0.4975189 -0.07254905 0.864414
vn -0.02462961 -0.2568827 0.9661287
vn 0.4548594 -0.372385 0.8089699
vn 0.8124691 -0.3881069 0.4350483
vn 0.9523783 -0.2998359 -0.05544408
vn 0.8370985 -0.1312241 -0.5310802
vn 0.497519 0.07254899 -0.8644139
vn 0.02462928 0.2568828 -0.9661287
vn 0.3039227 0.9187544 0.2520344
vn -0.6560178 0.3936585 -0.6439517
vn -0.9135528 0.3561039 -0.1964978
vn -0.926302 0.2231318 0.3036067
vn -0.6908483 0.03037088 0.7223616
vn -0.270284 -0.170527 0.9475585
vn 0.2227026 -0.3257324 0.918859
vn 0.6560179 -0.3936585 0.6439516
vn 0.9135528 -0.356104 0.1964977
vn 0.9263018 -0.2231316 -0.3036073
vn 0.6908492 -0.0303714 -0.7223608
vn 0.2702856 0.1705263 -0.9475582
vn -0.2227054 0.3257331 -0.9188582
vn -0.3039167 -0.9187585 -0.2520266
vn -0.5256645 0.4043192 -0.748467
vn -0.5256645 0.4043192 -0.748467
vn -0.5256645 0.4043192 -0.748467
vn -0.5256645 0.4043192 -0.748467
vn -0.5256645 0.4043192 -0.748467
vn -0.5256645 0.4043192 -0.748467
vn -0.5256645 0.4043192 -0.748467
vn -0.5256645 0.4043192 -0.748467
vn -0.5256645 0.4043192 -0.748467
vn -0.5256645 0.4043192 -0.748467
vn -0.5256645 0.4043192 -0.748467
vn -0.5256645 0.4043192 -0.748467
vn -0.751863 0.4434985 -0.4878639
vn -0.6499653 0.5881286 -0.4813001
vn -0.506267 0.6769737 -0.5342288
vn -0.3592718 0.6862277 -0.6324677
vn -0.248367 0.613411 -0.7496938
vn -0.2032695 0.4780348 -0.8544965
vn -0.236063 0.3163731 -0.918794
vn -0.3379607 0.1717428 -0.9253578
vn -0.4816591 0.0828978 -0.8724291
vn -0.6286542 0.07364383 -0.7741902
vn -0.739559 0.1464605 -0.6569641
vn -0.7846566 0.2818368 -0.5521614
vn -0.8873757 0.4291852 -0.1684173
vn -0.6958708 0.701001 -0.1560814
vn -0.4258063 0.8679752 -0.2555547
vn -0.1495457 0.885367 -0.4401835
vn 0.05888717 0.7485164 -0.6604965
vn 0.1436428 0.4940924 -0.857461
vn 0.08201105 0.1902677 -0.9783008
vn -0.109494 -0.08154821 -0.9906366
vn -0.3795585 -0.2485222 -0.8911633
vn -0.655819 -0.265914 -0.7065346
vn -0.8642518 -0.1290634 -0.4862216
vn -0.9490075 0.1253607 -0.2892568
vn -0.9158579 0.363106 0.1713431
vn -0.657844 0.7293224 0.1879632
vn -0.293987 0.954286 0.05394313
vn 0.07821795 0.9777179 -0.1948065
vn 0.3590388 0.7933396 -0.4916335
vn 0.4732297 0.4505552 -0.7570031
vn 0.3901935 0.04121311 -0.9198101
vn 0.1321795 -0.3250034 -0.9364302
vn -0.2316775 -0.5499669 -0.8024101
vn -0.6038823 -0.5733988 -0.5536605
vn -0.8847031 -0.3890205 -0.2568336
vn -0.9988941 -0.04623577 0.008536262
vn -0.833874 0.2532307 0.4904369
vn -0.5404715 0.6696767 0.5093366
vn -0.1267085 0.9254959 0.3569346
vn 0.2965473 0.9521417 0.07406697
vn 0.6158849 0.7424744 -0.2634722
vn 0.7457381 0.3526743 -0.5652394
vn 0.6513128 -0.1128123 -0.7503767
vn 0.35791 -0.5292584 -0.7692763
vn -0.05585279 -0.7850775 -0.6168743
vn -0.4791085 -0.8117232 -0.3340068
vn -0.7984461 -0.602056 0.003532341
vn -0.9282993 -0.2122554 0.3052999
vn -0.6513127 0.1128122 0.7503767
vn -0.3579101 0.5292582 0.7692764
vn 0.0558528 0.7850774 0.6168744
vn 0.4791086 0.8117232 0.3340068
vn 0.7984462 0.6020558 -0.003532373
vn 0.9282994 0.2122557 -0.3052996
vn 0.833874 -0.2532308 -0.4904368
vn 0.5404714 -0.6696769 -0.5093365
vn 0.1267085 -0.925496 -0.3569345
vn -0.2965472 -0.9521417 -0.07406692
vn -0.6158848 -0.7424745 0.2634721
vn -0.745738 -0.352674 0.5652397
vn -0.3901934 -0.04121323 0.9198101
vn -0.1321795 0.3250032 0.9364302
vn 0.2316775 0.5499668 0.8024102
vn 0.6038824 0.5733988 0.5536606
vn 0.8847032 0.3890204 0.2568336
vn 0.9988941 0.04623592 -0.008536082
vn 0.9158579 -0.363106 -0.171343
vn 0.6578438 -0.7293226 -0.187963
vn 0.2939869 -0.954286 -0.05394303
vn -0.07821786 -0.9777179 0.1948066
vn -0.3590386 -0.7933397 0.4916334
vn -0.4732296 -0.4505549 0.7570033
vn -0.08201107 -0.1902677 0.9783008
vn 0.1094939 0.08154812 0.9906367
vn 0.3795584 0.2485222 0.8911633
vn 0.655819 0.265914 0.7065346
vn 0.8642519 0.1290634 0.4862216
vn 0.9490075 -0.1253605 0.289257
vn 0.8873757 -0.4291853 0.1684173
vn 0.6958707 -0.7010012 0.1560814
vn 0.4258063 -0.8679752 0.2555547
vn 0.1495457 -0.885367 0.4401834
vn -0.0588871 -0.7485164 0.6604964
vn -0.1436429 -0.4940922 0.8574612
vn 0.2360632 -0.3163731 0.9187939
vn 0.3379608 -0.171743 0.9253577
vn 0.4816591 -0.08289795 0.8724291
vn 0.6286542 -0.07364399 0.7741902
vn 0.7395589 -0.1464607 0.6569642
vn 0.7846565 -0.2818367 0.5521615
vn 0.7518629 -0.4434985 0.487864
vn 0.6499653 -0.5881286 0.4813003
vn 0.506267 -0.6769736 0.5342289
vn 0.3592719 -0.6862276 0.6324678
vn 0.2483671 -0.6134109 0.7496938
vn 0.2032696 -0.4780347 0.8544965
vn 0.142783 0.9064341 0.3974798
vn 0.5428247 0.8363512 0.07653723
vn 0.797417 0.5421687 -0.2649135
vn 0.8383421 0.1027125 -0.5353808
vn 0.6546341 -0.3642655 -0.6623933
vn 0.2955174 -0.7336388 -0.6119181
vn -0.1427831 -0.9064341 -0.3974797
vn -0.5428249 -0.8363512 -0.07653707
vn -0.7974171 -0.5421687 0.2649135
vn -0.8383421 -0.1027125 0.5353808
vn -0.6546342 0.3642654 0.6623933
vn -0.2955171 0.7336389 0.611918
vn -0.5261135 0.4096673 -0.7452364
vn 0.3548973 0.9021317 0.2453702
vn 0.6937612 0.7135736 -0.09750978
vn 0.846732 0.3338148 -0.4142615
vn 0.7728215 -0.1353915 -0.6200131
vn 0.4918347 -0.5683174 -0.6596317
vn 0.07906168 -0.8489638 -0.5225034
vn -0.3548973 -0.9021316 -0.24537
vn -0.6937612 -0.7135736 0.09750983
vn -0.8467321 -0.3338141 0.4142619
vn -0.7728219 0.1353903 0.6200127
vn -0.491836 0.568316 0.6596319
vn -0.07905914 0.8489648 0.5225021
vn 0.5261108 -0.409677 0.745233
vn -0.6438774 0.7164903 0.2684467
vn -0.6438774 0.7164903 0.2684467
vn -0.6438774 0.7164903 0.2684467
vn -0.6438774 0.7164903 0.2684467
vn -0.6438774 0.7164903 0.2684467
vn -0.6438774 0.7164903 0.2684467
vn -0.6438774 0.7164903 0.2684467
vn -0.6438774 0.7164903 0.2684467
vn -0.6438774 0.7164903 0.2684467
vn -0.6438774 0.7164903 0.2684467
vn -0.6438774 0.7164903 0.2684467
vn -0.6438774 0.7164903 0.2684467
vn -0.3749124 0.7975089 0.4726736
vn -0.3434559 0.8827153 0.320705
vn -0.3820924 0.911804 0.1503959
vn -0.4804694 0.8769805 0.007380546
vn -0.6122268 0.7875757 -0.07002028
vn -0.7420604 0.6675458 -0.06106708
vn -0.8351812 0.5490524 0.03184118
vn -0.8666378 0.4638459 0.1838098
vn -0.8280011 0.4347573 0.3541188
vn -0.7296243 0.4695808 0.4971342
vn -0.5978669 0.5589855 0.574535
vn -0.4680332 0.6790156 0.5655818
vn -0.0607275 0.7823361 0.6198891
vn -0.001608526 0.9424719 0.3342816
vn -0.07422148 0.9971406 0.01420521
vn -0.2591097 0.9316938 -0.2545758
vn -0.5067327 0.7636679 -0.4000418
vn -0.7507399 0.5380853 -0.3832152
vn -0.9257499 0.3153907 -0.2086048
vn -0.9848688 0.1552549 0.07700279
vn -0.9122559 0.1005862 0.397079
vn -0.7273676 0.166033 0.6658599
vn -0.4797448 0.3340589 0.8113259
vn -0.2357373 0.5596417 0.7944994
vn 0.2607822 0.672802 0.6923367
vn 0.3404329 0.8885524 0.3075388
vn 0.2426017 0.9622073 -0.1236989
vn -0.006497543 0.8740311 -0.4858266
vn -0.3401191 0.6476504 -0.6818123
vn -0.668869 0.3437239 -0.659142
vn -0.9046595 0.04368815 -0.4238901
vn -0.9843101 -0.1720622 -0.03909204
vn -0.886479 -0.2457171 0.3921456
vn -0.6373798 -0.1575409 0.7542732
vn -0.3037583 0.06883971 0.9502589
vn 0.02499191 0.3727665 0.9275886
vn 0.5508375 0.482118 0.6812784
vn 0.641413 0.7274603 0.2437024
vn 0.5301636 0.8112177 -0.2466831
vn 0.2468983 0.7109474 -0.6584795
vn -0.1324821 0.4535167 -0.8813462
vn -0.5063227 0.1079042 -0.8555664
vn -0.7744536 -0.2332838 -0.5880479
vn -0.8650292 -0.478626 -0.1504716
vn -0.7537797 -0.5623834 0.3399136
vn -0.4705144 -0.462113 0.7517099
vn -0.09113419 -0.2046825 0.9745767
vn 0.2827069 0.1409303 0.9487969
vn 0.7744536 0.2332837 0.5880479
vn 0.8650292 0.4786259 0.1504718
vn 0.7537796 0.5623832 -0.3399136
vn 0.4705145 0.462113 -0.7517099
vn 0.09113413 0.2046823 -0.9745767
vn -0.2827065 -0.1409301 -0.948797
vn -0.5508375 -0.4821182 -0.6812783
vn -0.641413 -0.7274604 -0.2437022
vn -0.5301635 -0.8112177 0.2466831
vn -0.2468982 -0.7109475 0.6584794
vn 0.132482 -0.4535169 0.8813462
vn 0.506323 -0.1079041 0.8555663
vn 0.9046594 -0.0436883 0.42389
vn 0.9843102 0.1720621 0.03909213
vn 0.886479 0.245717 -0.3921455
vn 0.6373798 0.1575408 -0.7542731
vn 0.3037583 -0.06883983 -0.9502589
vn -0.0249917 -0.3727664 -0.9275886
vn -0.2607821 -0.6728022 -0.6923367
vn -0.3404328 -0.8885525 -0.3075387
vn -0.2426016 -0.9622074 0.1236989
vn 0.00649762 -0.8740311 0.4858264
vn 0.340119 -0.6476505 0.6818122
vn 0.6688693 -0.3437237 0.6591419
vn 0.9257499 -0.3153907 0.2086049
vn 0.9848688 -0.1552549 -0.07700263
vn 0.9122559 -0.1005862 -0.397079
vn 0.7273676 -0.166033 -0.6658599
vn 0.4797447 -0.3340589 -0.811326
vn 0.2357375 -0.5596415 -0.7944995
vn 0.06072748 -0.7823361 -0.619889
vn 0.00160855 -0.942472 -0.3342814
vn 0.07422151 -0.9971406 -0.01420519
vn 0.2591097 -0.9316938 0.2545758
vn 0.5067326 -0.7636679 0.4000417
vn 0.7507399 -0.5380852 0.3832152
vn 0.8351812 -0.5490525 -0.03184127
vn 0.8666377 -0.4638461 -0.1838098
vn 0.8280012 -0.4347574 -0.3541188
vn 0.7296242 -0.469581 -0.4971341
vn 0.5978668 -0.5589856 -0.5745349
vn 0.4680334 -0.6790156 -0.5655817
vn 0.3749125 -0.7975089 -0.4726735
vn 0.343456 -0.8827153 -0.3207049
vn 0.3820925 -0.9118039 -0.150396
vn 0.4804695 -0.8769804 -0.007380676
vn 0.6122268 -0.7875758 0.07002012
vn 0.7420604 -0.6675457 0.06106691
vn -0.7111476 0.6697339 0.2138356
vn -0.3321171 0.7636691 0.5536315
vn 0.1359041 0.6529798 0.7450822
vn 0.5675097 0.3673251 0.7368888
vn 0.8470516 -0.01675413 0.5312465
vn 0.8996267 -0.396344 0.1832574
vn 0.7111475 -0.6697339 -0.2138357
vn 0.3321168 -0.7636691 -0.5536316
vn -0.1359041 -0.6529798 -0.7450823
vn -0.5675097 -0.3673251 -0.7368888
vn -0.8470516 0.01675401 -0.5312466
vn -0.8996267 0.3963442 -0.1832571
vn 0.4149722 0.6453905 -0.6413029
vn -0.540034 0.7419832 0.3972709
vn -0.1015676 0.7333103 0.6722648
vn 0.3641129 0.5281479 0.7671256
vn 0.7322311 0.1814671 0.6564353
vn 0.904147 -0.2138358 0.3698547
vn 0.8337985 -0.5518419 -0.01582804
vn 0.5400339 -0.7419834 -0.397271
vn 0.1015676 -0.7333104 -0.6722648
vn -0.3641135 -0.5281475 -0.7671256
vn -0.7322304 -0.1814681 -0.6564359
vn -0.9041469 0.2138344 -0.3698559
vn -0.8337975 0.5518435 0.01583034
vn -0.4149655 -0.645398 0.6412995
vn 0.5594472 0.6746779 -0.4814859
vn 0.2209449 0.5049296 -0.8344036
vn -0.1767594 0.1998858 -0.9637437
vn -0.5271011 -0.1587172 -0.8348493
vn -0.7362065 -0.474792 -0.4822577
vn -0.748046 -0.6636468 -0.0004457033
vn -0.5594471 -0.6746779 0.481486
vn -0.2209447 -0.5049295 0.8344038
vn 0.1767594 -0.1998858 0.9637436
vn 0.5271011 0.1587171 0.8348493
vn 0.7362065 0.4747919 0.4822578
vn 0.748046 0.6636468 0.0004453684
vn -0.6396745 0.7208457 0.2668296
vn 0.4039614 0.610609 -0.6811549
vn 0.02287284 0.364838 -0.9307901
vn -0.3643439 0.02130964 -0.9310207
vn -0.653936 -0.3279302 -0.6817842
vn -0.7683053 -0.5892997 -0.2498657
vn -0.6768088 -0.6927675 0.249004
vn -0.4039613 -0.6106089 0.6811549
vn -0.02287278 -0.364838 0.9307901
vn 0.3643443 -0.02130908 0.9310206
vn 0.6539355 0.3279293 0.6817851
vn 0.7683054 0.589299 0.2498673
vn 0.6768078 0.6927676 -0.2490068
vn 0.6396694 -0.7208526 -0.2668232
vn 0.8879417 0.2263975 0.4003796
vn 0.6975194 -0.1220636 -0.706093
vn -0.4568506 -0.3018371 -0.8367687
vn -0.9798691 -0.06448229 0.1889408
vn -0.148742 0.2619847 0.9535407
vn 0.8879415 0.2263979 0.4003798
vn -0.1166973 0.9528792 -0.2800055
vn 0.6975188 -0.122062 -0.7060937
vn -0.4568506 -0.3018361 -0.836769
vn -0.979869 -0.06448349 0.1889408
vn -0.1487426 0.2619831 0.953541
vn 0.1166976 -0.9528791 0.2800056
vt -0.3544583 0.2018318
vt -0.3389872 0.1720157
vt -0.3363193 0.17076
vt -0.3517904 0.2005761
vt -0.3448684 0.1596634
vt -0.3530604 0.1428166
vt -0.3504086 0.1415271
vt -0.3422166 0.158374
vt -0.3740663 0.1123661
vt -0.4091023 0.1010073
vt -0.4065514 0.09952826
vt -0.3715155 0.110887
vt 0.1267909 0.4612424
vt 0.09616187 0.4582931
vt 0.0939839 0.4563054
vt 0.1246129 0.4592547
vt 0.0733754 0.4640998
vt 0.06013326 0.4773501
vt 0.0580476 0.4752657
vt 0.07128975 0.4620155
vt 0.03711965 0.4808548
vt 0.03253809 0.5186018
vt 0.03054871 0.5164254
vt 0.03513025 0.4786784
vt 0.4011325 0.1059326
vt 0.366702 0.1184378
vt 0.3640863 0.1170768
vt 0.3985168 0.1045715
vt 0.3530618 0.1428187
vt 0.3448698 0.1596656
vt 0.342218 0.1583761
vt 0.35041 0.1415293
vt 0.3542885 0.1416078
vt 0.3660375 0.1752951
vt 0.3634101 0.173957
vt 0.3516609 0.1402695
vt -0.03894279 0.513773
vt -0.03893633 0.4789049
vt -0.03694851 0.4767269
vt -0.03695498 0.5115951
vt -0.0601301 0.4773504
vt -0.07337234 0.4641001
vt -0.07128669 0.4620157
vt -0.05804446 0.475266
vt -0.1523401 0.4429699
vt -0.188368 0.4382306
vt -0.1859594 0.4365297
vt -0.1499315 0.441269
vt -0.2405072 0.137445
vt -0.2573521 0.1456411
vt -0.2915586 0.1338266
vt -0.2997546 0.1169817
vt -0.2879402 0.08277514
vt -0.2710953 0.0745791
vt -0.2368887 0.08639361
vt -0.2286927 0.1032385
vt 0.2286927 0.1032385
vt 0.2368888 0.08639362
vt 0.2710953 0.07457911
vt 0.2879401 0.08277515
vt 0.2997546 0.1169817
vt 0.2915586 0.1338265
vt 0.2573521 0.1456411
vt 0.2405072 0.137445
vt -0.4183386 0.2629933
vt -0.4527951 0.25056
vt -0.4228789 0.2270899
vt 0.4206577 0.226809
vt 0.450574 0.2502792
vt 0.4161175 0.2627124
vt -0.3379164 0.3427955
vt -0.3647658 0.3650417
vt -0.3717919 0.3300629
vt 0.3709091 0.3277142
vt 0.3638831 0.362693
vt 0.3370336 0.3404467
vt -0.1195729 0.3076522
vt -0.1557606 0.3043477
vt -0.1374494 0.2761864
vt 0.1397436 0.2774898
vt 0.1580548 0.3056511
vt 0.1218671 0.3089557
vt 0.195677 -0.283841
vt 0.225914 -0.2781346
vt 0.2039082 -0.2486001
vt -0.2013973 -0.2480138
vt -0.2234029 -0.2775483
vt -0.193166 -0.2832546
vt -0.4011911 0.1756758
vt -0.3993474 0.1512526
vt -0.3979175 0.1496471
vt -0.3997612 0.1740703
vt -0.3932505 0.1815187
vt -0.40428 0.1734614
vt -0.4030117 0.1717253
vt -0.3919823 0.1797827
vt -0.3071286 0.3412413
vt -0.3292872 0.3564138
vt -0.3290054 0.3542823
vt -0.3068469 0.3391099
vt 0.2963225 0.3082617
vt 0.2744385 0.313209
vt 0.2724766 0.3123295
vt 0.2943606 0.3073822
vt 0.2679647 0.3252037
vt 0.2623103 0.3376374
vt 0.2603531 0.3367473
vt 0.2660075 0.3243136
vt 0.2562453 0.3481319
vt 0.263829 0.3747995
vt 0.2618769 0.3738986
vt 0.2542933 0.3472309
vt 0.4097975 0.247629
vt 0.3843616 0.2394802
vt 0.3834603 0.2375283
vt 0.4088961 0.245677
vt 0.4042796 0.1734652
vt 0.3932501 0.1815225
vt 0.3919819 0.1797864
vt 0.4030114 0.1717291
vt 0.3807202 0.2246358
vt 0.3738051 0.2497138
vt 0.3727836 0.247822
vt 0.3796986 0.2227439
vt -0.2669222 0.3697608
vt -0.257053 0.3463306
vt -0.2551009 0.3454294
vt -0.2649702 0.3688596
vt -0.2623084 0.3376372
vt -0.2679628 0.3252034
vt -0.2660056 0.3243134
vt -0.2603512 0.3367471
vt -0.2915359 0.279092
vt -0.3165483 0.2703512
vt -0.3145761 0.2694952
vt -0.2895636 0.2782361
vt -0.240384 0.1151892
vt -0.2446903 0.1281517
vt -0.2682799 0.1399761
vt -0.2812424 0.1356697
vt -0.2930668 0.1120801
vt -0.2887605 0.09911769
vt -0.2651709 0.08729325
vt -0.2522084 0.09159961
vt 0.2522084 0.09159961
vt 0.2651709 0.08729325
vt 0.2887605 0.09911768
vt 0.2930668 0.1120801
vt 0.2812424 0.1356697
vt 0.2682799 0.1399761
vt 0.2446903 0.1281517
vt 0.240384 0.1151892
vt -0.4059893 0.2754791
vt -0.4324601 0.2790409
vt -0.4210157 0.2537881
vt 0.4196739 0.2528586
vt 0.4311182 0.2781113
vt 0.4046475 0.2745495
vt -0.09018428 0.4166161
vt -0.09088905 0.4420303
vt -0.1134463 0.4290727
vt 0.1143099 0.4274599
vt 0.09175269 0.4404175
vt 0.09104794 0.4150034
vt -0.2142549 0.03977701
vt -0.2386345 0.02940075
vt -0.219635 0.01394405
vt 0.2215185 0.01433635
vt 0.240518 0.02979306
vt 0.2161385 0.04016931
vt -0.3858151 0.2564164
vt -0.405046 0.2448598
vt -0.382522 0.2302355
vt 0.3806567 0.23047
vt 0.4031808 0.2450943
vt 0.3839498 0.2566509
vt -0.4039571 0.1486107
vt -0.4029203 0.1359899
vt -0.4021756 0.1351647
vt -0.4032124 0.1477855
vt -0.3979481 0.169444
vt -0.4036629 0.1652951
vt -0.4030098 0.1643956
vt -0.397295 0.1685445
vt -0.2957997 0.3512227
vt -0.3067486 0.3597614
vt -0.3066714 0.3586525
vt -0.2957225 0.3501138
vt 0.2842771 0.3098395
vt 0.2730573 0.3127854
vt 0.272028 0.3123658
vt 0.2832478 0.30942
vt 0.2672923 0.3245564
vt 0.2645975 0.3310841
vt 0.26357 0.3306599
vt 0.2662648 0.3241322
vt 0.2592396 0.3413705
vt 0.2636561 0.3550076
vt 0.2626306 0.3545785
vt 0.2582141 0.3409414
vt 0.3926461 0.2449639
vt 0.3796095 0.2404093
vt 0.37917 0.2393883
vt 0.3922066 0.2439429
vt 0.4036625 0.1652991
vt 0.3979477 0.169448
vt 0.3972946 0.1685485
vt 0.4030095 0.1643996
vt 0.3834377 0.2194522
vt 0.3796237 0.23235
vt 0.3791137 0.2313623
vt 0.3829277 0.2184645
vt -0.265122 0.3524167
vt -0.2595848 0.340495
vt -0.2585593 0.3400659
vt -0.2640965 0.3519875
vt -0.2645956 0.3310839
vt -0.2672903 0.3245562
vt -0.2662629 0.324132
vt -0.263568 0.3306597
vt -0.290196 0.2743866
vt -0.3029774 0.2694573
vt -0.3019441 0.2690475
vt -0.2891627 0.2739769
vt -0.2607206 0.1285645
vt -0.262748 0.1353292
vt -0.2747584 0.1418005
vt -0.2815232 0.139773
vt -0.2879944 0.1277626
vt -0.285967 0.1209979
vt -0.2739566 0.1145266
vt -0.2671918 0.1165541
vt 0.2671918 0.1165541
vt 0.2739566 0.1145266
vt 0.285967 0.1209979
vt 0.2879944 0.1277626
vt 0.2815232 0.139773
vt 0.2747584 0.1418005
vt 0.262748 0.1353292
vt 0.2607206 0.1285645
vt -0.4057098 0.2678788
vt -0.4193971 0.2697107
vt -0.4134708 0.2566586
vt 0.4127767 0.2561785
vt 0.4187029 0.2692306
vt 0.4050156 0.2673987
vt -0.09443478 0.4197677
vt -0.09421884 0.4329107
vt -0.1061658 0.4267325
vt 0.1066487 0.4259191
vt 0.09470178 0.4320973
vt 0.09491771 0.4189543
vt -0.2003504 0.02172678
vt -0.2126997 0.01579746
vt -0.2025251 0.008258397
vt 0.2035072 0.00841699
vt 0.2136817 0.01595606
vt 0.2013324 0.02188537
vt -0.385842 0.2474912
vt -0.3955079 0.2410778
vt -0.3835362 0.2340446
vt 0.3825783 0.2342087
vt 0.39455 0.2412419
vt 0.3848841 0.2476553
vt -0.3462413 0.1743293
vt -0.3376235 0.1587843
vt -0.3361941 0.1581591
vt -0.3448119 0.1737041
vt -0.3440423 0.1443732
vt -0.3481334 0.1353447
vt -0.3467123 0.1347007
vt -0.3426212 0.1437293
vt -0.3717068 0.09758728
vt -0.3900884 0.09111302
vt -0.3887195 0.09036459
vt -0.3703379 0.09683885
vt 0.1268871 0.460807
vt 0.1106117 0.4603585
vt 0.10939 0.459388
vt 0.1256655 0.4598366
vt 0.0901735 0.4659947
vt 0.08369135 0.4734936
vt 0.08251101 0.4724732
vt 0.08899315 0.4649744
vt 0.06311877 0.4774058
vt 0.06221436 0.497505
vt 0.06107749 0.4964364
vt 0.06198193 0.4763373
vt 0.3788312 0.1039034
vt 0.3607941 0.1109989
vt 0.3593915 0.1103155
vt 0.3774286 0.10322
vt 0.3481349 0.1353469
vt 0.3440437 0.1443754
vt 0.3426226 0.1437315
vt 0.3467138 0.134703
vt 0.3528724 0.126454
vt 0.3595617 0.1441071
vt 0.358153 0.1434363
vt 0.3514638 0.1257832
vt -0.06526233 0.494715
vt -0.06386052 0.4763185
vt -0.0627244 0.4752492
vt -0.06412621 0.4936457
vt -0.08368807 0.473494
vt -0.09017027 0.4659952
vt -0.08898991 0.4649749
vt -0.08250774 0.4724737
vt -0.1640027 0.4414076
vt -0.1828941 0.4378278
vt -0.1815709 0.4370011
vt -0.1626794 0.4405809
vt -0.258598 0.1389947
vt -0.2673771 0.1435967
vt -0.285656 0.1378907
vt -0.290258 0.1291117
vt -0.284552 0.1108328
vt -0.275773 0.1062307
vt -0.257494 0.1119367
vt -0.252892 0.1207158
vt 0.252892 0.1207158
vt 0.257494 0.1119367
vt 0.275773 0.1062307
vt 0.284552 0.1108328
vt 0.290258 0.1291117
vt 0.285656 0.1378907
vt 0.2673771 0.1435967
vt 0.258598 0.1389947
vt -0.4113456 0.2588893
vt -0.4295093 0.2521241
vt -0.4135534 0.2398682
vt 0.4123766 0.2397316
vt 0.4283325 0.2519876
vt 0.4101689 0.2587528
vt -0.3440164 0.3357538
vt -0.3579882 0.3478029
vt -0.3620703 0.3293716
vt 0.3616278 0.3281199
vt 0.3575457 0.3465512
vt 0.3435739 0.3345021
vt -0.1177894 0.2966994
vt -0.1368505 0.2941745
vt -0.1265643 0.2796795
vt 0.1278052 0.2803193
vt 0.1380914 0.2948143
vt 0.1190303 0.2973392
vt 0.140237 -0.3002698
vt 0.1564932 -0.2993607
vt 0.1469848 -0.2823493
vt -0.1457079 -0.2818685
vt -0.1552163 -0.29888
vt -0.13896 -0.299789
vt 0.3689655 0.2916305
vt 0.3799058 0.3024901
vt 0.3755495 0.3049005
vt 0.3976731 0.2562951
vt 0.4122035 0.262619
vt 0.4091683 0.2665655
vt 0.4012465 0.2452738
vt 0.4171503 0.2471168
vt 0.415657 0.2518663
vt 0.4003184 0.218303
vt 0.4159489 0.2155585
vt 0.4161727 0.2205321
vt 0.4007965 0.1152582
vt 0.4136943 0.1067427
vt 0.4161105 0.1110957
vt 0.2751116 -0.2027439
vt 0.2744105 -0.2175893
vt 0.2793893 -0.2175954
vt -0.06907438 -0.2205979
vt -0.08260363 -0.2250314
vt -0.08083447 -0.2296852
vt -0.1312442 -0.02881673
vt -0.1448167 -0.02658496
vt -0.1452169 -0.03154754
vt -0.1046204 0.1597149
vt -0.1165309 0.1662054
vt -0.1182543 0.1615345
vt -0.02366755 0.3125063
vt -0.0326459 0.3228921
vt -0.03562769 0.3189051
vt 0.116286 0.3888472
vt 0.1127242 0.4025864
vt 0.1084139 0.4000946
vt 0.2755116 0.3607713
vt 0.2798134 0.3749465
vt 0.2748347 0.3749486
vt -0.2797063 0.1222836
vt -0.284017 0.1197925
vt -0.2865046 0.1154799
vt -0.2865026 0.1105012
vt -0.2840115 0.1061905
vt -0.2796988 0.1037029
vt -0.2747201 0.1037049
vt -0.2704095 0.106196
vt -0.2679219 0.1105087
vt -0.2679239 0.1154874
vt -0.2704149 0.119798
vt -0.2747276 0.1222856
vt -0.3512609 0.322205
vt -0.3513991 0.3221658
vt -0.3505057 0.3190149
vt -0.3503676 0.3190541
vt -0.1850616 0.3947667
vt -0.1852049 0.3947575
vt -0.1849953 0.3914891
vt -0.184852 0.3914983
vt 0.04327275 0.4043276
vt 0.04313127 0.404352
vt 0.04257467 0.4011246
vt 0.04271616 0.4011002
vt 0.2458187 0.3424954
vt 0.2456837 0.3425444
vt 0.2445666 0.3394657
vt 0.2447016 0.3394167
vt 0.3721549 0.2763013
vt 0.3720243 0.2763609
vt 0.3706655 0.2733809
vt 0.3707961 0.2733214
vt 0.4110441 0.2657436
vt 0.410912 0.2657999
vt 0.4096261 0.2627878
vt 0.4097581 0.2627315
vt 0.3512609 0.322205
vt 0.3511228 0.3222442
vt 0.3502294 0.3190933
vt 0.3503676 0.3190541
vt 0.1850615 0.3947667
vt 0.1849182 0.3947759
vt 0.1847087 0.3915075
vt 0.1848519 0.3914983
vt -0.04327279 0.4043276
vt -0.04341428 0.4043032
vt -0.04285768 0.4010758
vt -0.04271619 0.4011002
vt -0.2458187 0.3424954
vt -0.2459536 0.3424465
vt -0.2448366 0.3393677
vt -0.2447016 0.3394167
vt -0.3721549 0.2763013
vt -0.3722855 0.2762417
vt -0.3709267 0.2732618
vt -0.3707961 0.2733214
vt -0.4110441 0.2657435
vt -0.4111761 0.2656872
vt -0.4098901 0.2626751
vt -0.409758 0.2627315
vt -0.1264095 -0.2441079
vt -0.1263914 -0.2439604
vt -0.1264495 -0.2438236
vt -0.1265683 -0.2437341
vt -0.1267158 -0.243716
vt -0.1268526 -0.2437741
vt -0.1269421 -0.2438928
vt -0.1269602 -0.2440403
vt -0.1269021 -0.2441771
vt -0.1267834 -0.2442666
vt -0.1266358 -0.2442847
vt -0.126499 -0.2442266
vt -0.279826 0.358635
vt -0.2799723 0.3586087
vt -0.2794832 0.3558904
vt -0.2793369 0.3559167
vt -0.07325545 0.4072657
vt -0.07340386 0.4072741
vt -0.0735585 0.4045164
vt -0.07341009 0.4045081
vt 0.1515488 0.3757
vt 0.1514056 0.3757396
vt 0.1506681 0.373078
vt 0.1508113 0.3730383
vt 0.3183565 0.3022549
vt 0.3182196 0.3023129
vt 0.3171418 0.2997699
vt 0.3172787 0.2997119
vt 0.4016891 0.2589865
vt 0.401554 0.2590483
vt 0.4004059 0.2565363
vt 0.4005411 0.2564745
vt 0.393452 0.2841847
vt 0.3933125 0.284236
vt 0.3923592 0.2816438
vt 0.3924987 0.2815925
vt 0.2799723 0.3586087
vt 0.279826 0.358635
vt 0.2793368 0.3559168
vt 0.2794831 0.3558904
vt 0.07340384 0.407274
vt 0.07325543 0.4072657
vt 0.07341007 0.4045081
vt 0.07355846 0.4045165
vt -0.1514059 0.3757396
vt -0.1515491 0.3756999
vt -0.1508117 0.3730383
vt -0.1506684 0.373078
vt -0.3182193 0.302313
vt -0.3183562 0.302255
vt -0.3172784 0.2997121
vt -0.3171415 0.2997701
vt -0.4015538 0.2590483
vt -0.401689 0.2589865
vt -0.400541 0.2564745
vt -0.4004058 0.2565363
vt -0.3933122 0.2842364
vt -0.3934516 0.2841851
vt -0.3924983 0.2815929
vt -0.3923588 0.2816442
vt 0.126504 -0.2442214
vt 0.1266408 -0.2442795
vt 0.1267883 -0.2442614
vt 0.126907 -0.244172
vt 0.1269651 -0.2440352
vt 0.126947 -0.2438876
vt 0.1268576 -0.2437689
vt 0.1267208 -0.2437108
vt 0.1265732 -0.243729
vt 0.1264545 -0.2438184
vt 0.1263964 -0.2439552
vt 0.1264145 -0.2441027
vt -0.1219783 -0.2469083
vt -0.1216378 -0.2469653
vt -0.1216549 -0.2467874
vt -0.1219783 -0.2469083
vt -0.1217119 -0.2471278
vt -0.1216378 -0.2469653
vt -0.1219783 -0.2469083
vt -0.1218574 -0.2472316
vt -0.1217119 -0.2471278
vt -0.1219783 -0.2469083
vt -0.1220353 -0.2472487
vt -0.1218574 -0.2472316
vt -0.1219783 -0.2469083
vt -0.1221979 -0.2471746
vt -0.1220353 -0.2472487
vt -0.1219783 -0.2469083
vt -0.1223017 -0.2470291
vt -0.1221979 -0.2471746
vt -0.1219783 -0.2469083
vt -0.1223188 -0.2468513
vt -0.1223017 -0.2470291
vt -0.1219783 -0.2469083
vt -0.1222447 -0.2466886
vt -0.1223188 -0.2468513
vt -0.1219783 -0.2469083
vt -0.1220992 -0.2465849
vt -0.1222447 -0.2466886
vt -0.1219783 -0.2469083
vt -0.1219213 -0.2465678
vt -0.1220992 -0.2465849
vt -0.1219783 -0.2469083
vt -0.1217587 -0.2466419
vt -0.1219213 -0.2465678
vt -0.1219783 -0.2469083
vt -0.1216549 -0.2467874
vt -0.1217587 -0.2466419
vt -0.37601 -0.03766683
vt -0.3761204 -0.03780644
vt -0.3759027 -0.03807078
vt -0.3756951 -0.03780841
vt -0.3356656 -0.04976688
vt -0.3358143 -0.04986463
vt -0.3356909 -0.05018407
vt -0.3354113 -0.05000033
vt -0.2722875 -0.06399308
vt -0.272459 -0.06404112
vt -0.2724382 -0.06438296
vt -0.2721161 -0.06429271
vt -0.1881907 -0.07960749
vt -0.1883685 -0.07960124
vt -0.1884525 -0.07993324
vt -0.1881182 -0.079945
vt -0.08982228 -0.1005659
vt -0.08998979 -0.1005057
vt -0.09017093 -0.1007963
vt -0.0898561 -0.1009094
vt 0.01303916 -0.1287438
vt 0.01289786 -0.1286356
vt 0.01263694 -0.1288574
vt 0.01290246 -0.1290608
vt 0.1098168 -0.1611553
vt 0.1097149 -0.1610094
vt 0.1093991 -0.1611417
vt 0.1095905 -0.161416
vt 0.1911272 -0.192614
vt 0.1910752 -0.1924438
vt 0.1907339 -0.1924724
vt 0.1908316 -0.1927924
vt 0.2462524 -0.2246218
vt 0.2462616 -0.224444
vt 0.245931 -0.2243547
vt 0.2459138 -0.2246887
vt 0.2264885 -0.2981424
vt 0.2265894 -0.2979957
vt 0.2263543 -0.2977466
vt 0.2261649 -0.2980223
vt -0.3221906 -0.228048
vt -0.3220942 -0.2281976
vt -0.3217736 -0.2280771
vt -0.3219548 -0.2277959
vt -0.3929975 -0.0474259
vt -0.3930477 -0.04759665
vt -0.392747 -0.04776047
vt -0.3926525 -0.04743958
vt -0.4088452 0.2010592
vt -0.4091383 0.2009049
vt -0.4090211 0.2005845
vt -0.4086263 0.2007923
vt -0.3957835 0.1284947
vt -0.3960924 0.1283754
vt -0.3960132 0.1280435
vt -0.395597 0.1282041
vt -0.3285095 0.09610718
vt -0.3288351 0.09604667
vt -0.3288181 0.09570587
vt -0.3283795 0.09578741
vt -0.2169731 0.08240999
vt -0.217304 0.08242302
vt -0.2173629 0.08208691
vt -0.2169171 0.08206936
vt -0.07481903 0.06490268
vt -0.07513742 0.06499374
vt -0.07527424 0.06468114
vt -0.07484527 0.06455846
vt 0.07684149 0.03393759
vt 0.07655253 0.03409932
vt 0.07634758 0.03382649
vt 0.07673691 0.0336086
vt 0.216926 0.001748049
vt 0.2166751 0.001964281
vt 0.2164198 0.001737947
vt 0.2167577 0.001446603
vt 0.3309706 -0.002000965
vt 0.3307539 -0.00175051
vt 0.3304684 -0.001937263
vt 0.3307603 -0.002274693
vt 0.4040342 0.06523219
vt 0.4038281 0.06549136
vt 0.4035351 0.06531655
vt 0.4038128 0.06496736
vt 0.3620712 0.2712584
vt 0.3618117 0.2714642
vt 0.3615658 0.2712276
vt 0.3619154 0.2709503
vt -0.03612854 0.4683674
vt -0.03645938 0.4683526
vt -0.03648983 0.4680128
vt -0.03604411 0.4680327
vt -0.3358094 0.3297062
vt -0.3361064 0.3295598
vt -0.3359978 0.3292363
vt -0.3355976 0.3294336
vt -0.3814327 0.307201
vt -0.3818447 0.3070439
vt -0.3817364 0.3067189
vt -0.3812679 0.3068976
vt -0.4104134 0.2329867
vt -0.4108308 0.2328444
vt -0.4107343 0.2325158
vt -0.4102596 0.2326776
vt -0.3584222 0.2142978
vt -0.3588542 0.2142095
vt -0.3588 0.2138714
vt -0.3583087 0.2139718
vt -0.2361966 0.2252366
vt -0.2366375 0.2252306
vt -0.2366475 0.2248883
vt -0.2361461 0.2248951
vt -0.06421616 0.2247706
vt -0.06464814 0.2248591
vt -0.06473117 0.2245269
vt -0.06423993 0.2244262
vt 0.1189893 0.1927473
vt 0.1185839 0.1929209
vt 0.1184357 0.1926121
vt 0.1188967 0.1924147
vt 0.2752644 0.1514416
vt 0.2748901 0.1516748
vt 0.2746968 0.1513922
vt 0.2751223 0.151127
vt 0.380501 0.1483354
vt 0.3801448 0.1485954
vt 0.3799313 0.1483276
vt 0.3803363 0.148032
vt 0.408938 0.2267847
vt 0.4085709 0.2270289
vt 0.4083691 0.2267522
vt 0.4087866 0.2264744
vt 0.3009225 0.3854662
vt 0.3005118 0.385627
vt 0.3003735 0.3853137
vt 0.3008404 0.3851309
vt 0.02262839 0.4894522
vt 0.02218749 0.4894593
vt 0.02216726 0.4891175
vt 0.02266865 0.4891093
vt -0.2461826 0.423391
vt -0.2466081 0.4232756
vt -0.2465328 0.4229416
vt -0.2460488 0.4230727
vt -0.3493337 0.3201788
vt -0.349797 0.3199974
vt -0.3496563 0.3196822
vt -0.349193 0.3198636
vt -0.4103274 0.2688612
vt -0.4107901 0.2686782
vt -0.4106483 0.2683634
vt -0.4101857 0.2685465
vt -0.3789845 0.282011
vt -0.3794625 0.281873
vt -0.3793514 0.2815461
vt -0.3788734 0.2816841
vt -0.25319 0.3331163
vt -0.2536848 0.3330651
vt -0.2536334 0.3327237
vt -0.2531385 0.3327749
vt -0.05432494 0.3588277
vt -0.05481906 0.3588859
vt -0.05484345 0.3585415
vt -0.05434931 0.3584834
vt 0.155064 0.3236575
vt 0.1545913 0.3238125
vt 0.154499 0.3234799
vt 0.1549718 0.3233248
vt 0.315592 0.2630636
vt 0.315143 0.263278
vt 0.3150089 0.26296
vt 0.3154579 0.2627455
vt 0.4014041 0.239663
vt 0.4009627 0.2398927
vt 0.4008177 0.2395794
vt 0.4012591 0.2393498
vt 0.3956383 0.290024
vt 0.3951814 0.2902208
vt 0.3950597 0.2898977
vt 0.3955167 0.2897009
vt 0.2723884 0.3914731
vt 0.2719028 0.3915817
vt 0.2718433 0.3912417
vt 0.2723288 0.3911331
vt 0.04239569 0.4507139
vt 0.04189848 0.4506959
vt 0.04192704 0.4503519
vt 0.04242425 0.4503699
vt -0.1937763 0.4070826
vt -0.1942574 0.4069558
vt -0.194154 0.4066264
vt -0.1936729 0.4067532
vt -0.315592 0.2630635
vt -0.3160409 0.2628491
vt -0.3158526 0.2625569
vt -0.3154578 0.2627455
vt -0.401404 0.239663
vt -0.4018454 0.2394333
vt -0.4016472 0.2391477
vt -0.401259 0.2393497
vt -0.3956383 0.290024
vt -0.3960953 0.2898273
vt -0.3959186 0.2895279
vt -0.3955167 0.2897009
vt -0.2723884 0.3914731
vt -0.2728739 0.3913645
vt -0.2727558 0.3910376
vt -0.2723288 0.391133
vt -0.04239563 0.450714
vt -0.04289285 0.4507321
vt -0.04286144 0.4503859
vt -0.0424242 0.4503699
vt 0.1937761 0.4070826
vt 0.193295 0.4072095
vt 0.1932497 0.4068648
vt 0.1936727 0.4067533
vt 0.3493337 0.3201788
vt 0.3488705 0.3203602
vt 0.3487856 0.320023
vt 0.3491931 0.3198635
vt 0.4103275 0.2688612
vt 0.4098648 0.2690443
vt 0.4097789 0.2687075
vt 0.4101857 0.2685465
vt 0.3789844 0.282011
vt 0.3785064 0.282149
vt 0.378453 0.2818055
vt 0.3788734 0.2816841
vt 0.25319 0.3331163
vt 0.252695 0.3331675
vt 0.2527033 0.33282
vt 0.2531385 0.3327749
vt 0.054325 0.3588277
vt 0.05383088 0.3587695
vt 0.05391487 0.3584321
vt 0.05434939 0.3584833
vt -0.1550642 0.3236574
vt -0.1555369 0.3235023
vt -0.1553876 0.3231883
vt -0.1549719 0.3233247
vt -0.2752643 0.1514416
vt -0.2756386 0.1512084
vt -0.2754001 0.1509539
vt -0.2751223 0.151127
vt -0.380501 0.1483354
vt -0.3808571 0.1480754
vt -0.3806007 0.1478391
vt -0.3803363 0.148032
vt -0.408938 0.2267847
vt -0.4093051 0.2265404
vt -0.4090591 0.2262931
vt -0.4087866 0.2264744
vt -0.3009225 0.3854662
vt -0.3013331 0.3853055
vt -0.3011453 0.3850116
vt -0.3008405 0.3851309
vt -0.02262833 0.4894521
vt -0.02306923 0.4894449
vt -0.02299582 0.4891039
vt -0.02266857 0.4891093
vt 0.2461824 0.423391
vt 0.2457568 0.4235063
vt 0.2457328 0.4231583
vt 0.2460487 0.4230728
vt 0.3814327 0.307201
vt 0.3810207 0.3073581
vt 0.3809621 0.3070143
vt 0.381268 0.3068976
vt 0.4104134 0.2329866
vt 0.409996 0.2331289
vt 0.4099498 0.2327832
vt 0.4102596 0.2326776
vt 0.3584222 0.2142978
vt 0.3579901 0.2143861
vt 0.3579881 0.2140373
vt 0.3583087 0.2139717
vt 0.2361966 0.2252366
vt 0.2357557 0.2252426
vt 0.2358188 0.2248995
vt 0.2361461 0.2248951
vt 0.06421621 0.2247706
vt 0.06378422 0.2246821
vt 0.06391933 0.2243605
vt 0.06423996 0.2244262
vt -0.1189894 0.1927472
vt -0.1193947 0.1925736
vt -0.1191977 0.1922858
vt -0.1188968 0.1924147
vt -0.2169259 0.001748047
vt -0.2171768 0.001531815
vt -0.2168911 0.001331555
vt -0.2167577 0.001446611
vt -0.3309706 -0.00200096
vt -0.3311872 -0.002251415
vt -0.3308755 -0.002407957
vt -0.3307602 -0.002274697
vt -0.4040342 0.0652322
vt -0.4042403 0.06497303
vt -0.4039224 0.06482946
vt -0.4038127 0.06496738
vt -0.3620711 0.2712584
vt -0.3623306 0.2710525
vt -0.3620534 0.2708408
vt -0.3619154 0.2709503
vt 0.03612862 0.4683674
vt 0.0357978 0.4683822
vt 0.03586816 0.4680406
vt 0.03604418 0.4680327
vt 0.3358093 0.3297063
vt 0.3355123 0.3298527
vt 0.3354395 0.3295116
vt 0.3355975 0.3294336
vt 0.4088453 0.2010592
vt 0.4085522 0.2012134
vt 0.4084704 0.2008744
vt 0.4086263 0.2007923
vt 0.3957834 0.1284946
vt 0.3954745 0.1286138
vt 0.3954326 0.1282675
vt 0.3955969 0.1282041
vt 0.3285095 0.09610719
vt 0.3281839 0.0961677
vt 0.3282062 0.09581961
vt 0.3283795 0.0957874
vt 0.2169731 0.08240999
vt 0.2166422 0.08239697
vt 0.216741 0.08206243
vt 0.2169171 0.08206936
vt 0.07481904 0.06490267
vt 0.07450064 0.06481161
vt 0.07467587 0.06451
vt 0.07484528 0.06455846
vt -0.07684162 0.03393758
vt -0.07713057 0.03377584
vt -0.07689079 0.03352253
vt -0.07673702 0.03360858
vt -0.1098168 -0.1611554
vt -0.1099186 -0.1613013
vt -0.1095905 -0.1614161
vt -0.191127 -0.1926141
vt -0.191179 -0.1927843
vt -0.1908315 -0.1927924
vt -0.2462523 -0.2246219
vt -0.2462431 -0.2247996
vt -0.2459136 -0.2246888
vt -0.2264881 -0.2981426
vt -0.2263873 -0.2982894
vt -0.2261644 -0.2980225
vt 0.3221903 -0.2280482
vt 0.3222867 -0.2278986
vt 0.3219545 -0.227796
vt 0.3929974 -0.04742618
vt 0.3929471 -0.04725543
vt 0.3926525 -0.04743984
vt 0.37601 -0.03766694
vt 0.3758995 -0.03752733
vt 0.3756951 -0.03780852
vt 0.3356655 -0.04976693
vt 0.3355168 -0.04966918
vt 0.3354113 -0.05000039
vt 0.2722875 -0.06399319
vt 0.2721161 -0.06394514
vt 0.272116 -0.06429278
vt 0.1881906 -0.07960753
vt 0.1880127 -0.07961379
vt 0.1881182 -0.07994506
vt 0.08982231 -0.1005659
vt 0.08965479 -0.1006261
vt 0.08985613 -0.1009095
vt -0.0130392 -0.1287439
vt -0.0131805 -0.1288522
vt -0.01290251 -0.1290609
vt -0.3246537 0.3230772
vt -0.3249739 0.3232064
vt -0.3249955 0.323029
vt -0.3246537 0.3230772
vt -0.3248664 0.3233491
vt -0.3249739 0.3232064
vt -0.3246537 0.3230772
vt -0.3247019 0.323419
vt -0.3248664 0.3233491
vt -0.3246537 0.3230772
vt -0.3245246 0.3233973
vt -0.3247019 0.323419
vt -0.3246537 0.3230772
vt -0.3243818 0.3232899
vt -0.3245246 0.3233973
vt -0.3246537 0.3230772
vt -0.3243119 0.3231254
vt -0.3243818 0.3232899
vt -0.3246537 0.3230772
vt -0.3243336 0.322948
vt -0.3243119 0.3231254
vt -0.3246537 0.3230772
vt -0.324441 0.3228052
vt -0.3243336 0.322948
vt -0.3246537 0.3230772
vt -0.3246055 0.3227354
vt -0.324441 0.3228052
vt -0.3246537 0.3230772
vt -0.3247829 0.3227571
vt -0.3246055 0.3227354
vt -0.3246537 0.3230772
vt -0.3249257 0.3228645
vt -0.3247829 0.3227571
vt -0.3246537 0.3230772
vt -0.3249955 0.323029
vt -0.3249257 0.3228645
vt -0.2092374 0.3629464
vt -0.2091958 0.3631195
vt -0.2095045 0.3632678
vt -0.2095826 0.3629425
vt -0.2240491 0.3138584
vt -0.2239321 0.3139925
vt -0.2241368 0.314267
vt -0.2243567 0.3140149
vt -0.2630062 0.2699353
vt -0.2628406 0.2700004
vt -0.2628959 0.2703384
vt -0.2632072 0.2702159
vt -0.311987 0.2497995
vt -0.3118101 0.2497791
vt -0.3117001 0.2501035
vt -0.3120324 0.2501417
vt -0.3549346 0.2545865
vt -0.3547885 0.254485
vt -0.3545381 0.2547186
vt -0.3548128 0.2549095
vt -0.3823014 0.2683773
vt -0.3822193 0.2682194
vt -0.3818889 0.2683097
vt -0.3820432 0.2686065
vt -0.3944183 0.2766819
vt -0.394418 0.2765039
vt -0.3940831 0.2764323
vt -0.3940838 0.2767669
vt -0.3944683 0.2820137
vt -0.3945522 0.2818567
vt -0.3942911 0.2816352
vt -0.3941334 0.2819301
vt -0.3796642 0.3016431
vt -0.3798173 0.3015522
vt -0.3797086 0.3012275
vt -0.3794209 0.3013982
vt -0.3398897 0.3450014
vt -0.3400672 0.3450149
vt -0.3401646 0.3446866
vt -0.3398311 0.3446612
vt -0.2787696 0.3867406
vt -0.2789047 0.3868565
vt -0.2791775 0.3866493
vt -0.2789235 0.3864316
vt -0.2276469 0.3933713
vt -0.2276962 0.3935423
vt -0.2280379 0.3935191
vt -0.2279452 0.3931976
vt -0.06492886 0.3756753
vt -0.06482406 0.3759894
vt -0.06513041 0.3761397
vt -0.06527162 0.3757165
vt -0.107089 0.2627251
vt -0.1068738 0.2629768
vt -0.1071012 0.2632312
vt -0.1073911 0.2628921
vt -0.1920566 0.1634628
vt -0.1917564 0.1636028
vt -0.191858 0.1639285
vt -0.1922624 0.1637399
vt -0.2985301 0.1368094
vt -0.2981996 0.1367891
vt -0.2981333 0.1371238
vt -0.2985786 0.1371512
vt -0.3791996 0.1881867
vt -0.378923 0.1880045
vt -0.3786989 0.1882617
vt -0.3790715 0.1885072
vt -0.4105629 0.2434674
vt -0.4103977 0.2431804
vt -0.4100818 0.2433097
vt -0.4103045 0.2436963
vt -0.4141425 0.2460949
vt -0.4141022 0.2457662
vt -0.413761 0.2457621
vt -0.4138152 0.2462049
vt -0.4131174 0.2055431
vt -0.413205 0.2052237
vt -0.412891 0.2050903
vt -0.412773 0.2055206
vt -0.4138197 0.1870577
vt -0.414046 0.1868159
vt -0.4138303 0.1865516
vt -0.4135254 0.1868773
vt -0.3642589 0.2996268
vt -0.3645896 0.299609
vt -0.3646169 0.2992688
vt -0.3641714 0.2992929
vt -0.1879267 0.4469818
vt -0.1881428 0.4472327
vt -0.1884288 0.4470467
vt -0.1881378 0.4467085
vt -0.07916269 0.4514132
vt -0.0791958 0.4517427
vt -0.07953684 0.4517543
vt -0.0794922 0.4513103
vt 0.08401998 0.3554504
vt 0.08417772 0.3558622
vt 0.08386345 0.3559982
vt 0.08368406 0.35553
vt 0.0189275 0.1915738
vt 0.01918391 0.1919325
vt 0.01891407 0.1921434
vt 0.01862249 0.1917354
vt -0.1015774 0.02941661
vt -0.1012109 0.02966184
vt -0.101389 0.02995433
vt -0.1018058 0.02967547
vt -0.2799182 -0.003576112
vt -0.2794776 -0.003558605
vt -0.2794765 -0.00321613
vt -0.2799776 -0.003236061
vt -0.4007664 0.1408101
vt -0.4003991 0.1405661
vt -0.4001976 0.140843
vt -0.4006152 0.1411205
vt -0.4102879 0.2567033
vt -0.4100658 0.2563223
vt -0.4097628 0.2564819
vt -0.4100153 0.2569152
vt -0.3874615 0.2440207
vt -0.3873618 0.2435911
vt -0.3870252 0.2436543
vt -0.3871385 0.2441427
vt -0.3685669 0.1329158
vt -0.3685701 0.1324748
vt -0.3682281 0.1324577
vt -0.3682244 0.1329591
vt -0.3695918 -0.003651119
vt -0.3697125 -0.004075226
vt -0.3693875 -0.004182983
vt -0.3692501 -0.003700715
vt -0.4123934 0.09537873
vt -0.4127806 0.09516775
vt -0.4126297 0.0948603
vt -0.4121894 0.09510023
vt 0.04367496 0.4771725
vt 0.04355768 0.4775976
vt 0.04322396 0.4775206
vt 0.04335732 0.4770373
vt 0.1075617 0.4549859
vt 0.1076182 0.4554233
vt 0.1072808 0.4554817
vt 0.1072165 0.4549844
vt 0.2165174 0.3136701
vt 0.2166931 0.3141356
vt 0.2163648 0.3142423
vt 0.2161891 0.3137768
vt 0.1486625 0.1289432
vt 0.1488851 0.1293882
vt 0.1485695 0.1295281
vt 0.1483469 0.1290832
vt 0.02638671 -0.09275059
vt 0.02671156 -0.09237374
vt 0.02643986 -0.09216073
vt 0.02611504 -0.0925376
vt -0.2425118 -0.1621817
vt -0.2420259 -0.1620747
vt -0.2421157 -0.1617414
vt -0.2426016 -0.1618484
vt -0.4143486 0.1491117
vt -0.4139624 0.1487981
vt -0.4137575 0.1490759
vt -0.4141437 0.1493895
vt -0.3711816 0.3107993
vt -0.3709538 0.310357
vt -0.3706546 0.3105291
vt -0.3708823 0.3109714
vt -0.3198887 0.2702972
vt -0.3197363 0.2698236
vt -0.3194129 0.2699445
vt -0.3195654 0.2704181
vt -0.2719724 0.1036695
vt -0.2718502 0.1031872
vt -0.2715198 0.1032874
vt -0.2716419 0.1037697
vt -0.2050363 -0.1295935
vt -0.2048983 -0.1300715
vt -0.2045714 -0.1299604
vt -0.2047094 -0.1294824
vt 0.07785986 -0.3447624
vt 0.07823323 -0.3450912
vt 0.07844912 -0.3448219
vt 0.07807575 -0.344493
vt 0.3554994 0.2948797
vt 0.3557405 0.2953149
vt 0.3554311 0.295468
vt 0.35519 0.2950328
vt 0.272783 0.3921484
vt 0.2729495 0.3926172
vt 0.2726192 0.3927175
vt 0.2724527 0.3922487
vt 0.3198888 0.2702972
vt 0.3200412 0.2707708
vt 0.3196995 0.2708346
vt 0.3195654 0.2704181
vt 0.2719724 0.1036696
vt 0.2720945 0.1041519
vt 0.2717494 0.1041939
vt 0.271642 0.1037698
vt 0.2050363 -0.1295935
vt 0.2051744 -0.1291155
vt 0.2048309 -0.129062
vt 0.2047095 -0.1294824
vt -0.07785983 -0.3447624
vt -0.07748646 -0.3444335
vt -0.07774737 -0.3442038
vt -0.07807571 -0.344493
vt -0.3554993 0.2948798
vt -0.3552581 0.2944446
vt -0.3549778 0.2946502
vt -0.3551899 0.2950329
vt -0.272783 0.3921484
vt -0.2726164 0.3916796
vt -0.2723062 0.3918364
vt -0.2724527 0.3922487
vt -0.2165174 0.31367
vt -0.2163417 0.3132046
vt -0.2160346 0.3133674
vt -0.2161891 0.3137768
vt -0.1486624 0.1289432
vt -0.1484399 0.1284982
vt -0.1481511 0.1286918
vt -0.1483469 0.1290831
vt -0.02638661 -0.0927506
vt -0.02606177 -0.09312746
vt -0.02582929 -0.09286903
vt -0.02611495 -0.09253762
vt 0.2425117 -0.1621817
vt 0.2429976 -0.1622887
vt 0.2430289 -0.1619425
vt 0.2426016 -0.1618484
vt 0.4143487 0.1491116
vt 0.4147348 0.1494252
vt 0.4144833 0.1496652
vt 0.4141437 0.1493894
vt 0.3711815 0.3107993
vt 0.3714094 0.3112417
vt 0.3710827 0.3113604
vt 0.3708823 0.3109714
vt 0.3874615 0.2440207
vt 0.3875612 0.2444502
vt 0.3872126 0.2444616
vt 0.3871385 0.2441427
vt 0.3685669 0.1329158
vt 0.3685637 0.1333568
vt 0.3682221 0.1332864
vt 0.3682244 0.1329592
vt 0.3695918 -0.00365106
vt 0.3694711 -0.003226952
vt 0.3691606 -0.003385874
vt 0.3692502 -0.003700657
vt 0.4123933 0.0953789
vt 0.4120061 0.09558989
vt 0.411902 0.09525698
vt 0.4121893 0.09510039
vt -0.0436749 0.4771724
vt -0.04379218 0.4767474
vt -0.04344432 0.4767218
vt -0.04335726 0.4770373
vt -0.1075616 0.454986
vt -0.107505 0.4545487
vt -0.1071744 0.4546598
vt -0.1072164 0.4549844
vt -0.0840199 0.3554503
vt -0.08386216 0.3550386
vt -0.08356692 0.3552243
vt -0.08368398 0.35553
vt -0.01892743 0.1915737
vt -0.01867102 0.1912149
vt -0.0184321 0.1914691
vt -0.01862242 0.1917354
vt 0.1015774 0.02941663
vt 0.1019439 0.0291714
vt 0.1020778 0.02949349
vt 0.1018058 0.02967551
vt 0.2799182 -0.003576073
vt 0.2803588 -0.00359358
vt 0.2803046 -0.003249
vt 0.2799776 -0.003236011
vt 0.4007663 0.1408101
vt 0.4011336 0.1410541
vt 0.4008878 0.1413016
vt 0.4006152 0.1411204
vt 0.4102879 0.2567033
vt 0.4105099 0.2570843
vt 0.4101801 0.257198
vt 0.4100153 0.2569152
vt 0.4141424 0.2460949
vt 0.4141827 0.2464236
vt 0.4138366 0.2463798
vt 0.4138152 0.2462049
vt 0.4131173 0.2055431
vt 0.4130298 0.2058624
vt 0.4127263 0.2056905
vt 0.4127729 0.2055206
vt 0.4138198 0.1870577
vt 0.4135935 0.1872995
vt 0.413405 0.187006
vt 0.4135254 0.1868774
vt 0.3642589 0.2996268
vt 0.3639282 0.2996446
vt 0.3639954 0.2993024
vt 0.3641713 0.2992929
vt 0.1879267 0.4469818
vt 0.1877106 0.4467308
vt 0.1880228 0.446575
vt 0.1881377 0.4467085
vt 0.07916274 0.4514132
vt 0.07912962 0.4510837
vt 0.07947464 0.4511351
vt 0.07949228 0.4513103
vt 0.06492887 0.3756753
vt 0.06503367 0.3753611
vt 0.06532739 0.3755493
vt 0.06527162 0.3757164
vt 0.107089 0.2627251
vt 0.1073042 0.2624734
vt 0.1075057 0.2627582
vt 0.1073912 0.2628921
vt 0.1920566 0.1634628
vt 0.1923567 0.1633228
vt 0.1924221 0.1636655
vt 0.1922624 0.1637399
vt 0.2985301 0.1368094
vt 0.2988606 0.1368298
vt 0.2987544 0.1371621
vt 0.2985786 0.1371512
vt 0.3791996 0.1881867
vt 0.3794761 0.1883689
vt 0.3792185 0.1886042
vt 0.3790714 0.1885072
vt 0.4105629 0.2434674
vt 0.4107282 0.2437544
vt 0.4103925 0.243849
vt 0.4103045 0.2436963
vt 0.3944183 0.2766819
vt 0.3944187 0.2768599
vt 0.3940837 0.2767669
vt 0.3944683 0.2820137
vt 0.3943844 0.2821707
vt 0.3941334 0.2819302
vt 0.3796643 0.3016431
vt 0.3795112 0.3017339
vt 0.3794209 0.3013982
vt 0.3398897 0.3450014
vt 0.3397122 0.3449879
vt 0.3398311 0.3446612
vt 0.2787696 0.3867406
vt 0.2786345 0.3866247
vt 0.2789235 0.3864316
vt 0.227647 0.3933713
vt 0.2275977 0.3932003
vt 0.2279453 0.3931976
vt 0.2092374 0.3629464
vt 0.209279 0.3627733
vt 0.2095826 0.3629425
vt 0.2240491 0.3138583
vt 0.2241661 0.3137242
vt 0.2243568 0.3140149
vt 0.2630063 0.2699353
vt 0.2631719 0.2698702
vt 0.2632072 0.270216
vt 0.311987 0.2497996
vt 0.3121638 0.2498199
vt 0.3120324 0.2501418
vt 0.3549346 0.2545866
vt 0.3550808 0.2546882
vt 0.3548128 0.2549096
vt 0.3823014 0.2683774
vt 0.3823834 0.2685353
vt 0.3820432 0.2686065
vt 0.03496636 -0.216845
vt 0.03505519 -0.2167322
vt 0.03248217 -0.2147059
vt 0.03239334 -0.2148187
vt -0.3696546 -0.09170951
vt -0.3695137 -0.09173734
vt -0.3688788 -0.08852436
vt -0.3690196 -0.08849652
vt -0.3738212 0.296005
vt -0.3737455 0.295883
vt -0.3709624 0.2976094
vt -0.371038 0.2977314
vt -0.3062235 0.3450851
vt -0.3061718 0.3449511
vt -0.3031159 0.3461289
vt -0.3031675 0.3462629
vt -0.2510033 0.2303108
vt -0.2509562 0.2301752
vt -0.2478621 0.2312488
vt -0.2479092 0.2313845
vt -0.1827696 0.01830144
vt -0.1827144 0.01816893
vt -0.1796918 0.01942993
vt -0.179747 0.01956244
vt -0.03496629 -0.216845
vt -0.03487746 -0.2169578
vt -0.03230444 -0.2149315
vt -0.03239328 -0.2148187
vt 0.3696547 -0.09170926
vt 0.3697956 -0.09168142
vt 0.3691607 -0.08846845
vt 0.3690198 -0.08849628
vt 0.3738212 0.296005
vt 0.3738969 0.296127
vt 0.3711137 0.2978534
vt 0.371038 0.2977314
vt 0.3062235 0.3450851
vt 0.3062751 0.345219
vt 0.3032191 0.3463969
vt 0.3031675 0.3462629
vt 0.2510033 0.2303108
vt 0.2510504 0.2304465
vt 0.2479563 0.2315201
vt 0.2479092 0.2313845
vt 0.1827696 0.01830127
vt 0.1828248 0.01843377
vt 0.1798022 0.01969478
vt 0.179747 0.01956227
vt -0.3237788 0.3229177
vt -0.323827 0.322777
vt -0.3237985 0.3226312
vt -0.3237008 0.3225191
vt -0.3235602 0.3224709
vt -0.3234144 0.3224995
vt -0.3233023 0.3225971
vt -0.3232541 0.3227378
vt -0.3232827 0.3228836
vt -0.3233803 0.3229957
vt -0.323521 0.3230439
vt -0.3236668 0.3230153
vt -0.1466165 -0.2624862
vt -0.1464866 -0.2624141
vt -0.1478269 -0.2599992
vt -0.1479568 -0.2600713
vt -0.4080634 0.1652753
vt -0.407955 0.1651736
vt -0.4060667 0.1671893
vt -0.4061752 0.1672909
vt -0.3341972 0.3482752
vt -0.3341351 0.3481401
vt -0.3316252 0.3492928
vt -0.3316873 0.3494278
vt -0.275411 0.3047169
vt -0.2753615 0.3045767
vt -0.2727568 0.3054954
vt -0.2728063 0.3056356
vt -0.2176062 0.1338345
vt -0.2175551 0.1336949
vt -0.2149614 0.1346441
vt -0.2150125 0.1347837
vt -0.1253073 -0.1018954
vt -0.1252381 -0.1020269
vt -0.1227945 -0.1007395
vt -0.1228638 -0.100608
vt 0.1464867 -0.2624141
vt 0.1466167 -0.2624862
vt 0.147957 -0.2600713
vt 0.147827 -0.2599992
vt 0.4079549 0.1651737
vt 0.4080634 0.1652753
vt 0.4061752 0.167291
vt 0.4060667 0.1671893
vt 0.334135 0.3481402
vt 0.3341971 0.3482753
vt 0.3316872 0.3494279
vt 0.3316251 0.3492928
vt 0.2753616 0.304577
vt 0.2754111 0.3047171
vt 0.2728064 0.3056359
vt 0.272757 0.3054958
vt 0.2175553 0.1336957
vt 0.2176064 0.1338353
vt 0.2150127 0.1347844
vt 0.2149616 0.1346449
vt 0.1252373 -0.1020283
vt 0.1253065 -0.1018968
vt 0.122863 -0.1006094
vt 0.1227937 -0.1007409
vt 0.3236659 0.3230141
vt 0.32352 0.3230427
vt 0.3233795 0.3229945
vt 0.3232818 0.3228824
vt 0.3232532 0.3227366
vt 0.3233014 0.322596
vt 0.3234135 0.3224983
vt 0.3235593 0.3224697
vt 0.3237 0.3225179
vt 0.3237976 0.32263
vt 0.3238262 0.3227758
vt 0.323778 0.3229164
vt 0.03805415 0.2234997
vt 0.03810726 0.2238409
vt 0.0379296 0.2238217
vt 0.03805415 0.2234997
vt 0.03827071 0.2237686
vt 0.03810726 0.2238409
vt 0.03805415 0.2234997
vt 0.03837612 0.2236243
vt 0.03827071 0.2237686
vt 0.03805415 0.2234997
vt 0.03839526 0.2234467
vt 0.03837612 0.2236243
vt 0.03805415 0.2234997
vt 0.038323 0.2232832
vt 0.03839526 0.2234467
vt 0.03805415 0.2234997
vt 0.03817871 0.2231778
vt 0.038323 0.2232832
vt 0.03805415 0.2234997
vt 0.03800105 0.2231587
vt 0.03817871 0.2231778
vt 0.03805415 0.2234997
vt 0.03783761 0.2232309
vt 0.03800105 0.2231587
vt 0.03805415 0.2234997
vt 0.03773219 0.2233752
vt 0.03783761 0.2232309
vt 0.03805415 0.2234997
vt 0.03771305 0.2235529
vt 0.03773219 0.2233752
vt 0.03805415 0.2234997
vt 0.03778532 0.2237163
vt 0.03771305 0.2235529
vt 0.03805415 0.2234997
vt 0.0379296 0.2238217
vt 0.03778532 0.2237163
vt 0.09370795 0.07641152
vt 0.0938838 0.07643904
vt 0.09390343 0.07678095
vt 0.09357291 0.07672922
vt 0.01389374 0.06226874
vt 0.01405658 0.06219684
vt 0.01425788 0.06247392
vt 0.01395186 0.06260903
vt -0.05816361 0.1009321
vt -0.05806362 0.1007849
vt -0.05774609 0.1009132
vt -0.057934 0.1011899
vt -0.09980197 0.1719525
vt -0.0997885 0.171775
vt -0.09944923 0.1717283
vt -0.09947454 0.1720619
vt -0.1052245 0.2484278
vt -0.1052969 0.2482652
vt -0.1050205 0.248063
vt -0.1048844 0.2483685
vt -0.0755645 0.3123708
vt -0.07570575 0.3122626
vt -0.07555936 0.3119529
vt -0.07529391 0.3121565
vt -0.01532879 0.351651
vt -0.01550521 0.3516273
vt -0.01553237 0.3512859
vt -0.01520081 0.3513303
vt 0.06074498 0.3572116
vt 0.06058147 0.3572819
vt 0.06038282 0.3570029
vt 0.06069012 0.3568707
vt 0.1283142 0.328912
vt 0.1282088 0.3290555
vt 0.1278963 0.3289155
vt 0.1280943 0.3286459
vt 0.1693023 0.2757479
vt 0.1692796 0.2759244
vt 0.1689384 0.2759534
vt 0.168981 0.2756216
vt 0.177943 0.2071926
vt 0.1780065 0.2073589
vt 0.1777195 0.2075457
vt 0.1776002 0.2072332
vt 0.1526429 0.1339332
vt 0.1527792 0.1340478
vt 0.152619 0.1343505
vt 0.152363 0.1341352
vt 0.1648397 -0.05991749
vt 0.1651564 -0.05982088
vt 0.1651014 -0.05948412
vt 0.1646746 -0.05961429
vt -0.01965256 -0.1051689
vt -0.01934981 -0.1053031
vt -0.0191711 -0.1050124
vt -0.01957898 -0.1048316
vt -0.1698752 -0.001117091
vt -0.1697128 -0.001405643
vt -0.1693957 -0.001279475
vt -0.1696146 -0.0008906925
vt -0.2319197 0.1444023
vt -0.2319084 0.1440714
vt -0.2315689 0.1440373
vt -0.2315841 0.1444832
vt -0.2358012 0.2704576
vt -0.2359217 0.2701492
vt -0.2356233 0.2699836
vt -0.235461 0.2703992
vt -0.1899297 0.369517
vt -0.1901677 0.3692867
vt -0.1899654 0.369012
vt -0.1896447 0.3693222
vt -0.07804803 0.4382777
vt -0.07836987 0.4381997
vt -0.07833456 0.4378603
vt -0.07790093 0.4379655
vt 0.08806992 0.445648
vt 0.08776369 0.445774
vt 0.08759281 0.4454787
vt 0.08800541 0.4453089
vt 0.221114 0.3874891
vt 0.2209272 0.3877626
vt 0.2206223 0.3876095
vt 0.220874 0.3872411
vt 0.2840147 0.3063067
vt 0.2839698 0.3066348
vt 0.2836286 0.3066342
vt 0.283689 0.3061922
vt 0.2975834 0.2072617
vt 0.2976716 0.2075809
vt 0.2973577 0.2077148
vt 0.297239 0.2072847
vt 0.2670812 0.07887568
vt 0.267296 0.07912771
vt 0.2670682 0.07938178
vt 0.2667788 0.07904221
vt 0.274768 -0.1295245
vt 0.2751308 -0.1292737
vt 0.2749483 -0.128984
vt 0.2745357 -0.1292691
vt -0.0871828 -0.2499537
vt -0.08679187 -0.2501577
vt -0.08662061 -0.2498611
vt -0.08706516 -0.2496291
vt -0.2988539 -0.02825909
vt -0.2987076 -0.02867506
vt -0.29838 -0.02857532
vt -0.2985464 -0.02810228
vt -0.3407226 0.1556012
vt -0.3407292 0.1551603
vt -0.3403873 0.1551406
vt -0.3403798 0.155642
vt -0.3391194 0.2794574
vt -0.3392414 0.2790337
vt -0.3389166 0.278925
vt -0.3387779 0.2794068
vt -0.3014137 0.3689191
vt -0.3016592 0.3685528
vt -0.3013831 0.3683501
vt -0.3011039 0.3687666
vt -0.1691718 0.4592153
vt -0.1695671 0.4590198
vt -0.1694285 0.4587066
vt -0.168979 0.4589289
vt 0.1325027 0.4732053
vt 0.1320965 0.4733768
vt 0.1319499 0.4730673
vt 0.1324118 0.4728723
vt 0.31968 0.3709058
vt 0.3194692 0.371293
vt 0.3191617 0.3711423
vt 0.3194014 0.3707019
vt 0.3708309 0.3009885
vt 0.3707743 0.3014259
vt 0.3704332 0.3013965
vt 0.3704975 0.3008992
vt 0.3813295 0.2238675
vt 0.3813913 0.2243041
vt 0.3810546 0.2243666
vt 0.3809843 0.2238701
vt 0.3671868 0.09235204
vt 0.3673733 0.09275159
vt 0.3670695 0.09290962
vt 0.3668573 0.09245528
vt 0.4120308 0.02457421
vt 0.4121646 0.02505345
vt 0.4118281 0.02513066
vt 0.4116944 0.02465143
vt -0.3330983 -0.2038989
vt -0.3328621 -0.2043368
vt -0.3325662 -0.2041591
vt -0.3328024 -0.2037211
vt -0.4038079 0.07488993
vt -0.4037867 0.07439284
vt -0.4034429 0.07442359
vt -0.4034641 0.07492068
vt -0.4062316 0.2019239
vt -0.4062634 0.2014274
vt -0.4059182 0.2014213
vt -0.4058864 0.2019178
vt -0.4027543 0.2711359
vt -0.4028302 0.2706441
vt -0.402487 0.2706074
vt -0.402411 0.2710991
vt -0.3900922 0.2978179
vt -0.3902313 0.2973403
vt -0.3898957 0.2972592
vt -0.3897566 0.2977369
vt -0.3210427 0.3541865
vt -0.3213381 0.3537861
vt -0.321051 0.3535943
vt -0.3207557 0.3539947
vt 0.2481831 0.3982794
vt 0.2477716 0.3985591
vt 0.247591 0.3982649
vt 0.2480025 0.3979852
vt 0.4035731 0.2547569
vt 0.4034343 0.2552346
vt 0.4031076 0.255123
vt 0.4032465 0.2546452
vt 0.4156892 0.2601482
vt 0.4156374 0.2606431
vt 0.4152961 0.2605912
vt 0.4153479 0.2600964
vt 0.4178465 0.2491783
vt 0.4178433 0.2496758
vt 0.4174985 0.2496576
vt 0.4175018 0.2491601
vt 0.4179689 0.182084
vt 0.418011 0.1825798
vt 0.4176661 0.182593
vt 0.417624 0.1820972
vt 0.3210427 0.3541865
vt 0.3207474 0.3545869
vt 0.3204959 0.3543468
vt 0.3207557 0.3539947
vt -0.2481828 0.3982796
vt -0.2485943 0.3979999
vt -0.2483641 0.3977394
vt -0.2480022 0.3979854
vt -0.4035731 0.2547569
vt -0.4037119 0.2542791
vt -0.4033686 0.2542251
vt -0.4032465 0.2546453
vt -0.4156892 0.2601483
vt -0.415741 0.2596534
vt -0.4153935 0.2596612
vt -0.4153479 0.2600964
vt -0.4178464 0.2491783
vt -0.4178497 0.2486808
vt -0.4175046 0.2487225
vt -0.4175018 0.2491601
vt -0.4179689 0.182084
vt -0.4179268 0.1815883
vt -0.417587 0.1816613
vt -0.417624 0.1820972
vt -0.4120308 0.02457411
vt -0.4118971 0.02409487
vt -0.4115767 0.0242299
vt -0.4116944 0.02465134
vt 0.3330984 -0.2038987
vt 0.3333345 -0.2034609
vt 0.3330101 -0.2033359
vt 0.3328024 -0.203721
vt 0.4038079 0.07488991
vt 0.4038291 0.07538701
vt 0.4034827 0.0753578
vt 0.403464 0.07492067
vt 0.4062315 0.2019239
vt 0.4061996 0.2024204
vt 0.4058583 0.2023545
vt 0.4058864 0.2019178
vt 0.4027543 0.2711358
vt 0.4026783 0.2716275
vt 0.4023443 0.2715314
vt 0.4024111 0.271099
vt 0.3900921 0.297818
vt 0.389953 0.2982957
vt 0.3896342 0.298157
vt 0.3897566 0.297737
vt 0.1691718 0.4592153
vt 0.1687766 0.4594108
vt 0.1686857 0.4590741
vt 0.168979 0.4589289
vt -0.1325026 0.4732053
vt -0.1329088 0.4730337
vt -0.1327132 0.4727449
vt -0.1324117 0.4728723
vt -0.31968 0.3709058
vt -0.3198908 0.3705185
vt -0.3195578 0.3704144
vt -0.3194014 0.3707019
vt -0.370831 0.3009886
vt -0.3708875 0.3005512
vt -0.3705395 0.3005746
vt -0.3704975 0.3008991
vt -0.3813295 0.2238675
vt -0.3812677 0.2234309
vt -0.3809384 0.223546
vt -0.3809843 0.2238701
vt -0.3671868 0.09235211
vt -0.3670002 0.09195257
vt -0.3667188 0.09215879
vt -0.3668573 0.09245535
vt -0.2747679 -0.1295245
vt -0.2744052 -0.1297753
vt -0.2742664 -0.1294552
vt -0.2745357 -0.1292691
vt 0.08718295 -0.2499536
vt 0.08757387 -0.2497496
vt 0.08735547 -0.2494776
vt 0.08706531 -0.249629
vt 0.2988539 -0.02825909
vt 0.2990002 -0.02784312
vt 0.298655 -0.02779356
vt 0.2985463 -0.02810229
vt 0.3407226 0.1556012
vt 0.340716 0.1560421
vt 0.3403749 0.1559692
vt 0.3403798 0.1556419
vt 0.3391194 0.2794574
vt 0.3389973 0.2798811
vt 0.3386873 0.2797213
vt 0.3387779 0.2794068
vt 0.3014136 0.3689191
vt 0.3011681 0.3692854
vt 0.3009216 0.3690386
vt 0.3011039 0.3687667
vt 0.07804805 0.4382777
vt 0.07772621 0.4383557
vt 0.07772972 0.4380068
vt 0.07790096 0.4379653
vt -0.08806987 0.445648
vt -0.08837609 0.445522
vt -0.08816827 0.4452418
vt -0.08800532 0.4453089
vt -0.221114 0.3874891
vt -0.2213008 0.3872157
vt -0.2209734 0.3870956
vt -0.220874 0.3872411
vt -0.2840146 0.3063067
vt -0.2840595 0.3059786
vt -0.2837129 0.3060176
vt -0.2836891 0.3061922
vt -0.2975835 0.2072616
vt -0.2974953 0.2069424
vt -0.2971921 0.2071148
vt -0.297239 0.2072847
vt -0.2670812 0.0788758
vt -0.2668664 0.07862376
vt -0.2666645 0.07890822
vt -0.2667788 0.07904232
vt -0.1648396 -0.0599175
vt -0.1645229 -0.06001412
vt -0.164506 -0.05966571
vt -0.1646746 -0.0596143
vt 0.01965264 -0.1051689
vt 0.01995539 -0.1050347
vt 0.01974015 -0.1047602
vt 0.01957905 -0.1048316
vt 0.1698752 -0.001117068
vt 0.1700377 -0.0008285156
vt 0.1697011 -0.000737137
vt 0.1696146 -0.0008906668
vt 0.2319197 0.1444023
vt 0.2319309 0.1447333
vt 0.2315901 0.1446593
vt 0.2315841 0.1444832
vt 0.2358012 0.2704576
vt 0.2356807 0.2707661
vt 0.2353968 0.2705633
vt 0.2354609 0.2703992
vt 0.1899297 0.3695171
vt 0.1896917 0.3697473
vt 0.189518 0.3694448
vt 0.1896447 0.3693223
vt 0.01532876 0.3516509
vt 0.01515235 0.3516745
vt 0.01520078 0.3513303
vt -0.06074493 0.3572115
vt -0.06090844 0.3571412
vt -0.06069009 0.3568707
vt -0.1283142 0.328912
vt -0.1284196 0.3287686
vt -0.1280943 0.3286459
vt -0.1693022 0.2757478
vt -0.1693249 0.2755713
vt -0.1689809 0.2756216
vt -0.177943 0.2071926
vt -0.1778795 0.2070263
vt -0.1776001 0.2072332
vt -0.1526429 0.1339333
vt -0.1525066 0.1338188
vt -0.1523629 0.1341353
vt -0.09370791 0.07641159
vt -0.09353206 0.07638407
vt -0.09357289 0.07672931
vt -0.01389374 0.06226883
vt -0.0137309 0.06234073
vt -0.01395185 0.06260912
vt 0.05816356 0.1009322
vt 0.05826356 0.1010794
vt 0.05793396 0.10119
vt 0.09980191 0.1719525
vt 0.09981538 0.17213
vt 0.09947447 0.1720619
vt 0.1052245 0.2484277
vt 0.105152 0.2485903
vt 0.1048843 0.2483685
vt 0.07556441 0.3123708
vt 0.07542317 0.3124791
vt 0.07529382 0.3121565
vt -0.4054884 0.2150661
vt -0.4057422 0.214832
vt -0.4055911 0.2147365
vt -0.4054884 0.2150661
vt -0.4058252 0.2149902
vt -0.4057422 0.214832
vt -0.4054884 0.2150661
vt -0.405818 0.2151688
vt -0.4058252 0.2149902
vt -0.4054884 0.2150661
vt -0.4057226 0.2153198
vt -0.405818 0.2151688
vt -0.4054884 0.2150661
vt -0.4055643 0.2154029
vt -0.4057226 0.2153198
vt -0.4054884 0.2150661
vt -0.4053858 0.2153957
vt -0.4055643 0.2154029
vt -0.4054884 0.2150661
vt -0.4052348 0.2153002
vt -0.4053858 0.2153957
vt -0.4054884 0.2150661
vt -0.4051517 0.215142
vt -0.4052348 0.2153002
vt -0.4054884 0.2150661
vt -0.4051589 0.2149634
vt -0.4051517 0.215142
vt -0.4054884 0.2150661
vt -0.4052544 0.2148124
vt -0.4051589 0.2149634
vt -0.4054884 0.2150661
vt -0.4054126 0.2147293
vt -0.4052544 0.2148124
vt -0.4054884 0.2150661
vt -0.4055911 0.2147365
vt -0.4054126 0.2147293
vt -0.3992305 0.2483395
vt -0.3993852 0.2484275
vt -0.3996136 0.2481723
vt -0.3993228 0.2480068
vt -0.381466 0.2238719
vt -0.3815648 0.2240199
vt -0.3818833 0.2238943
vt -0.3816977 0.223616
vt -0.3643388 0.1786338
vt -0.3643611 0.1788103
vt -0.3647023 0.1788401
vt -0.3646604 0.1785082
vt -0.359505 0.1247984
vt -0.3594429 0.1249652
vt -0.3597315 0.1251497
vt -0.3598481 0.1248362
vt -0.3738604 0.09334007
vt -0.3737212 0.0934511
vt -0.3738736 0.09375781
vt -0.3741351 0.09354915
vt -0.3987034 0.1197267
vt -0.3985256 0.119734
vt -0.3984672 0.1200714
vt -0.3988015 0.1200577
vt -0.4069921 0.1963825
vt -0.4068491 0.1962766
vt -0.4065919 0.1965027
vt -0.4068608 0.1967017
vt -0.3965112 0.2620543
vt -0.396456 0.261885
vt -0.3961153 0.2619202
vt -0.396219 0.2622382
vt -0.3898244 0.2862657
vt -0.3898622 0.2860917
vt -0.3895503 0.2859501
vt -0.3894794 0.286277
vt -0.3942277 0.281253
vt -0.3943411 0.2811158
vt -0.394129 0.2808469
vt -0.3939159 0.2811047
vt -0.4034415 0.2680036
vt -0.4036041 0.2679313
vt -0.4035343 0.2675961
vt -0.4032285 0.267732
vt -0.4073597 0.2584543
vt -0.4075375 0.2584628
vt -0.4076256 0.2581319
vt -0.4072916 0.2581159
vt -0.3898819 0.2801639
vt -0.3901762 0.2803157
vt -0.3903718 0.2800361
vt -0.3899752 0.2798316
vt -0.3383575 0.2707886
vt -0.3385589 0.2710515
vt -0.3388551 0.270882
vt -0.3385837 0.2705279
vt -0.2847272 0.1905544
vt -0.2848149 0.1908737
vt -0.285153 0.1908281
vt -0.2850348 0.1903979
vt -0.2536301 0.05863104
vt -0.2535977 0.0589606
vt -0.2539297 0.0590391
vt -0.2539734 0.05859507
vt -0.2693354 -0.06765971
vt -0.2691662 -0.06737503
vt -0.2694336 -0.06716307
vt -0.2696616 -0.06754659
vt -0.368652 -0.04688639
vt -0.3683338 -0.04679481
vt -0.3683835 -0.04645723
vt -0.3688123 -0.04658063
vt -0.3836083 0.2398554
vt -0.3833866 0.2396093
vt -0.3831048 0.2398018
vt -0.3834035 0.2401333
vt -0.3182638 0.3645262
vt -0.3182464 0.3641956
vt -0.3179063 0.3641678
vt -0.3179297 0.3646134
vt -0.3132168 0.3540983
vt -0.3133349 0.3537888
vt -0.3130352 0.3536257
vt -0.3128761 0.3540426
vt -0.3419701 0.2970706
vt -0.3421909 0.2968238
vt -0.3419692 0.2965644
vt -0.3416718 0.296897
vt -0.382226 0.2508911
vt -0.3825245 0.2507476
vt -0.382419 0.2504231
vt -0.382017 0.2506164
vt -0.4070231 0.2520014
vt -0.4073542 0.2520016
vt -0.4074001 0.2516635
vt -0.4069539 0.2516631
vt -0.3749031 0.3066443
vt -0.3753009 0.3068345
vt -0.3754617 0.3065322
vt -0.3750094 0.3063158
vt -0.2756484 0.3389466
vt -0.2759266 0.3392888
vt -0.2762013 0.3390843
vt -0.2758851 0.3386952
vt -0.1821243 0.2404317
vt -0.1822885 0.240841
vt -0.1826115 0.2407272
vt -0.1824248 0.2402618
vt -0.1124271 0.054132
vt -0.1124994 0.05456701
vt -0.1128393 0.05452539
vt -0.1127572 0.05403073
vt -0.06551802 -0.160251
vt -0.06550737 -0.1598102
vt -0.06584906 -0.1597872
vt -0.06586118 -0.1602885
vt -0.08664645 -0.337708
vt -0.08649947 -0.3372922
vt -0.08681718 -0.3371643
vt -0.08698431 -0.3376371
vt -0.1446624 0.4369845
vt -0.1446684 0.4365436
vt -0.1443265 0.4365242
vt -0.1443196 0.4370256
vt -0.1481287 0.4579214
vt -0.1482471 0.4574967
vt -0.1479215 0.4573907
vt -0.1477868 0.4578737
vt -0.1954374 0.3822202
vt -0.1956335 0.3818253
vt -0.1953336 0.38166
vt -0.1951105 0.3821091
vt -0.2611986 0.2611479
vt -0.2614783 0.2608069
vt -0.261223 0.2605786
vt -0.260905 0.2609663
vt -0.3417419 0.1708718
vt -0.3421145 0.170636
vt -0.3419438 0.170339
vt -0.3415202 0.1706072
vt -0.4041759 0.1956567
vt -0.4046148 0.1956131
vt -0.4045955 0.1952711
vt -0.4040965 0.1953207
vt -0.3441722 0.3360686
vt -0.3446168 0.3362918
vt -0.3447572 0.3359765
vt -0.3443126 0.3357532
vt -0.183 0.4121653
vt -0.1833028 0.4125601
vt -0.1835666 0.4123375
vt -0.1832638 0.4119428
vt -0.06452356 0.3059945
vt -0.06474418 0.3064404
vt -0.06504615 0.3062732
vt -0.06482553 0.3058272
vt 0.03074592 0.1082086
vt 0.03055471 0.1086679
vt 0.03024253 0.1085205
vt 0.03043374 0.1080612
vt 0.1410994 -0.09589571
vt 0.1408793 -0.0954495
vt 0.1405771 -0.09561644
vt 0.1407972 -0.09606265
vt 0.3459856 -0.1081242
vt 0.3455836 -0.107831
vt 0.3453934 -0.1081191
vt 0.3457954 -0.1084123
vt 0.246859 0.401861
vt 0.2464713 0.4015491
vt 0.2466999 0.4012905
vt 0.2470876 0.4016023
vt 0.04236464 0.4665563
vt 0.04211375 0.4661266
vt 0.04241963 0.4659666
vt 0.04267052 0.4663962
vt -0.06374526 0.3613641
vt -0.06397967 0.3609252
vt -0.06366794 0.3607769
vt -0.06343353 0.3612158
vt -0.1569893 0.189043
vt -0.1572587 0.1886247
vt -0.1569601 0.1884514
vt -0.1566907 0.1888697
vt -0.2702632 0.04335201
vt -0.2706184 0.0430036
vt -0.2703654 0.04276865
vt -0.2700103 0.04311706
vt -0.3945464 0.08578056
vt -0.3950259 0.08564799
vt -0.3949186 0.08531989
vt -0.394439 0.08545247
vt -0.246859 0.401861
vt -0.2472467 0.4021727
vt -0.2474285 0.4018765
vt -0.2470876 0.4016022
vt -0.04236467 0.4665563
vt -0.04261557 0.4669859
vt -0.04289117 0.4667741
vt -0.04267054 0.4663963
vt 0.06374528 0.3613641
vt 0.06351088 0.361803
vt 0.06322742 0.3616017
vt 0.06343356 0.3612158
vt 0.1569893 0.189043
vt 0.1567199 0.1894612
vt 0.1564538 0.1892376
vt 0.1566907 0.1888697
vt 0.2702633 0.04335201
vt 0.2699081 0.04370042
vt 0.269698 0.04342345
vt 0.2700104 0.04311708
vt 0.3945463 0.08578046
vt 0.3940668 0.08591305
vt 0.3940172 0.08556896
vt 0.394439 0.08545236
vt 0.3441722 0.3360686
vt 0.3437276 0.3358453
vt 0.3439216 0.3355569
vt 0.3443126 0.3357532
vt 0.1829999 0.4121653
vt 0.1826971 0.4117706
vt 0.1829975 0.4115956
vt 0.1832638 0.4119428
vt 0.06452357 0.3059945
vt 0.06430294 0.3055485
vt 0.06463154 0.305435
vt 0.06482555 0.3058271
vt -0.03074591 0.1082086
vt -0.03093713 0.1077492
vt -0.03060188 0.1076573
vt -0.03043371 0.1080612
vt -0.1410993 -0.09589567
vt -0.1413194 -0.09634187
vt -0.1409907 -0.09645499
vt -0.1407971 -0.09606262
vt -0.3459858 -0.108124
vt -0.3463878 -0.1084172
vt -0.3461491 -0.1086699
vt -0.3457956 -0.1084121
vt 0.1446625 0.4369845
vt 0.1446564 0.4374254
vt 0.1443152 0.4373529
vt 0.1443197 0.4370256
vt 0.1481288 0.4579214
vt 0.1480103 0.4583462
vt 0.147699 0.458189
vt 0.1477869 0.4578737
vt 0.1954374 0.3822202
vt 0.1952412 0.3826151
vt 0.194965 0.3824022
vt 0.1951106 0.3821091
vt 0.2611986 0.2611479
vt 0.260919 0.2614888
vt 0.2606975 0.2612193
vt 0.2609051 0.2609663
vt 0.3417419 0.1708718
vt 0.3413693 0.1711077
vt 0.3412437 0.1707823
vt 0.3415202 0.1706072
vt 0.4041759 0.1956566
vt 0.4037371 0.1957002
vt 0.4037708 0.1953531
vt 0.4040965 0.1953207
vt 0.374903 0.3066442
vt 0.3745053 0.306454
vt 0.3747141 0.3061746
vt 0.3750094 0.3063158
vt 0.2756484 0.3389465
vt 0.2753703 0.3386043
vt 0.2756786 0.3384412
vt 0.275885 0.3386952
vt 0.1821243 0.2404316
vt 0.1819602 0.2400224
vt 0.182303 0.239958
vt 0.1824248 0.2402617
vt 0.1124272 0.05413201
vt 0.112355 0.05369701
vt 0.1127036 0.05370787
vt 0.1127572 0.05403073
vt 0.06551808 -0.1602509
vt 0.06552874 -0.1606917
vt 0.06586915 -0.1606157
vt 0.06586125 -0.1602884
vt 0.08664673 -0.3377079
vt 0.08679371 -0.3381237
vt 0.08709369 -0.3379457
vt 0.08698459 -0.3376372
vt 0.3836083 0.2398554
vt 0.3838299 0.2401014
vt 0.3835214 0.2402642
vt 0.3834034 0.2401333
vt 0.3182638 0.3645263
vt 0.3182812 0.364857
vt 0.317939 0.3647893
vt 0.3179297 0.3646134
vt 0.3132168 0.3540983
vt 0.3130988 0.3544077
vt 0.3128133 0.3542072
vt 0.3128761 0.3540426
vt 0.3419701 0.2970707
vt 0.3417494 0.2973175
vt 0.3415543 0.2970283
vt 0.3416718 0.296897
vt 0.382226 0.2508911
vt 0.3819275 0.2510346
vt 0.3818582 0.2506928
vt 0.3820169 0.2506164
vt 0.407023 0.2520013
vt 0.4066919 0.2520011
vt 0.4067777 0.251663
vt 0.406954 0.2516631
vt 0.3898819 0.2801639
vt 0.3895876 0.2800121
vt 0.3898186 0.2797508
vt 0.3899752 0.2798316
vt 0.3383575 0.2707886
vt 0.338156 0.2705258
vt 0.3384765 0.270388
vt 0.3385837 0.2705279
vt 0.2847272 0.1905544
vt 0.2846394 0.190235
vt 0.2849882 0.190228
vt 0.2850348 0.1903979
vt 0.2536301 0.05863104
vt 0.2536625 0.05830149
vt 0.2539907 0.05841972
vt 0.2539734 0.05859509
vt 0.2693354 -0.06765966
vt 0.2695046 -0.06794435
vt 0.2697516 -0.06769805
vt 0.2696616 -0.06754657
vt 0.3686521 -0.04688627
vt 0.3689703 -0.04697785
vt 0.3689817 -0.04662921
vt 0.3688124 -0.04658049
vt 0.4069921 0.1963825
vt 0.4071352 0.1964884
vt 0.4068608 0.1967017
vt 0.3965112 0.2620542
vt 0.3965664 0.2622234
vt 0.3962191 0.2622381
vt 0.3898245 0.2862656
vt 0.3897867 0.2864396
vt 0.3894794 0.286277
vt 0.3942277 0.281253
vt 0.3941143 0.2813902
vt 0.393916 0.2811047
vt 0.4034415 0.2680036
vt 0.4032789 0.2680759
vt 0.4032286 0.267732
vt 0.4073597 0.2584543
vt 0.4071819 0.2584457
vt 0.4072916 0.2581158
vt 0.3992305 0.2483394
vt 0.3990758 0.2482514
vt 0.3993228 0.2480068
vt 0.381466 0.2238718
vt 0.3813672 0.2237237
vt 0.3816977 0.2236159
vt 0.3643389 0.1786337
vt 0.3643166 0.1784572
vt 0.3646604 0.1785082
vt 0.359505 0.1247985
vt 0.3595671 0.1246316
vt 0.3598482 0.1248362
vt 0.3738604 0.09334013
vt 0.3739995 0.0932291
vt 0.3741351 0.09354921
vt 0.3987035 0.1197267
vt 0.3988813 0.1197194
vt 0.3988015 0.1200577
vt 0.03910584 0.2679157
vt 0.0390408 0.2680436
vt 0.03612087 0.2665603
vt 0.03618591 0.2664322
vt 0.1396887 0.07051885
vt 0.1396166 0.07064302
vt 0.1367844 0.06899829
vt 0.1368565 0.06887413
vt 0.2776543 -0.05909492
vt 0.2775535 -0.0589927
vt 0.2752215 -0.06129226
vt 0.2753223 -0.06139448
vt 0.4065295 0.1422618
vt 0.406386 0.1422667
vt 0.4062729 0.1389936
vt 0.4064165 0.1389886
vt 0.2236204 0.4293259
vt 0.2235166 0.4292268
vt 0.2257776 0.4268575
vt 0.2258815 0.4269566
vt 0.06556921 0.4170483
vt 0.06549603 0.4169247
vt 0.06831355 0.415255
vt 0.06838674 0.4153785
vt -0.03910583 0.2679156
vt -0.03917087 0.2677876
vt -0.03625095 0.2663042
vt -0.03618591 0.2664322
vt -0.1396888 0.07051875
vt -0.1397609 0.07039459
vt -0.1369287 0.06874986
vt -0.1368566 0.06887402
vt -0.2776543 -0.05909494
vt -0.2777552 -0.05919716
vt -0.2754232 -0.06149672
vt -0.2753223 -0.06139449
vt -0.4065295 0.1422617
vt -0.406673 0.1422568
vt -0.4065599 0.1389836
vt -0.4064164 0.1389886
vt -0.2236205 0.4293259
vt -0.2237243 0.429425
vt -0.2259854 0.4270557
vt -0.2258815 0.4269566
vt -0.06556915 0.4170482
vt -0.06564233 0.4171717
vt -0.06845985 0.415502
vt -0.06838666 0.4153785
vt -0.4054406 0.2139235
vt -0.4053337 0.2138202
vt -0.4051894 0.2137843
vt -0.4050466 0.2138253
vt -0.4049433 0.2139322
vt -0.4049074 0.2140764
vt -0.4049484 0.2142193
vt -0.4050553 0.2143226
vt -0.4051995 0.2143585
vt -0.4053424 0.2143175
vt -0.4054457 0.2142106
vt -0.4054816 0.2140664
vt 0.08463857 0.1680767
vt 0.08456962 0.1682085
vt 0.0821227 0.1669275
vt 0.08219165 0.1667958
vt 0.1984819 -0.01595615
vt 0.1983961 -0.01583472
vt 0.1961399 -0.01742776
vt 0.1962257 -0.01754919
vt 0.3634583 -0.02327973
vt 0.3633277 -0.02320883
vt 0.36201 -0.02563619
vt 0.3621407 -0.02570709
vt 0.3360549 0.3293806
vt 0.3359207 0.3293166
vt 0.3371079 0.3268229
vt 0.3372421 0.3268868
vt 0.1364346 0.4456549
vt 0.1363468 0.4455349
vt 0.1385762 0.4439045
vt 0.138664 0.4440245
vt 0.01315383 0.352232
vt 0.01308439 0.3521006
vt 0.01552634 0.3508102
vt 0.01559577 0.3509416
vt -0.08456965 0.1682083
vt -0.08463858 0.1680767
vt -0.08219166 0.1667957
vt -0.08212272 0.1669274
vt -0.1983961 -0.01583476
vt -0.1984819 -0.01595619
vt -0.1962257 -0.01754921
vt -0.1961399 -0.01742778
vt -0.3633279 -0.02320851
vt -0.3634586 -0.02327941
vt -0.3621409 -0.02570677
vt -0.3620103 -0.02563587
vt -0.3359212 0.3293159
vt -0.3360554 0.3293798
vt -0.3372427 0.3268861
vt -0.3371085 0.3268222
vt -0.1363474 0.4455349
vt -0.1364351 0.4456549
vt -0.1386645 0.4440246
vt -0.1385768 0.4439046
vt -0.01308378 0.3520997
vt -0.01315322 0.3522311
vt -0.01559517 0.3509408
vt -0.01552573 0.3508093
vt 0.4054812 0.214064
vt 0.4054452 0.2142082
vt 0.405342 0.2143151
vt 0.4051991 0.2143561
vt 0.4050549 0.2143202
vt 0.4049479 0.2142169
vt 0.4049069 0.2140741
vt 0.4049429 0.2139298
vt 0.4050461 0.2138229
vt 0.405189 0.2137819
vt 0.4053332 0.2138179
vt 0.4054402 0.2139211
vt -0.4183393 0.1952935
vt -0.4183551 0.1951508
vt -0.4150998 0.1947916
vt -0.415084 0.1949343
vt -0.4172784 0.2494352
vt -0.4172908 0.2492921
vt -0.4140279 0.2490097
vt -0.4140155 0.2491527
vt -0.4154205 0.2587281
vt -0.4154336 0.2585851
vt -0.412172 0.2582871
vt -0.412159 0.2584301
vt -0.4107911 0.2252743
vt -0.4108103 0.225132
vt -0.4075646 0.2246938
vt -0.4075454 0.2248361
vt -0.3526341 0.2682447
vt -0.3527014 0.2681178
vt -0.3498085 0.2665825
vt -0.3497411 0.2667093
vt 0.414663 0.1455517
vt 0.4146294 0.1456912
vt 0.4114457 0.144923
vt 0.4114793 0.1447835
vt 0.4183393 0.1952935
vt 0.4183236 0.1954362
vt 0.4150682 0.195077
vt 0.415084 0.1949343
vt 0.4172784 0.2494352
vt 0.4172661 0.2495782
vt 0.4140032 0.2492958
vt 0.4140155 0.2491527
vt 0.4154206 0.2587281
vt 0.4154075 0.258871
vt 0.4121459 0.2585731
vt 0.412159 0.2584301
vt 0.4107911 0.2252743
vt 0.4107719 0.2254166
vt 0.4075262 0.2249784
vt 0.4075454 0.2248361
vt 0.3526342 0.2682446
vt 0.3525668 0.2683714
vt 0.3496739 0.266836
vt 0.3497412 0.2667092
vt -0.4146631 0.1455517
vt -0.4146968 0.1454121
vt -0.411513 0.1446439
vt -0.4114794 0.1447835
vt 0.03658754 0.221547
vt 0.03643966 0.2215618
vt 0.03630415 0.2215007
vt 0.03621735 0.2213801
vt 0.03620248 0.2212322
vt 0.03626356 0.2210967
vt 0.03638421 0.2210099
vt 0.03653212 0.220995
vt 0.03666763 0.2210561
vt 0.03675443 0.2211767
vt 0.0367693 0.2213246
vt 0.03670821 0.2214601
vt -0.4146368 0.2264882
vt -0.4146507 0.2263402
vt -0.4119008 0.2260825
vt -0.4118869 0.2262305
vt -0.4132155 0.2601961
vt -0.4132281 0.260048
vt -0.4104764 0.2598117
vt -0.4104637 0.2599598
vt -0.410537 0.2453191
vt -0.4105526 0.2451713
vt -0.4078058 0.2448822
vt -0.4077903 0.24503
vt -0.3995803 0.2099994
vt -0.3996106 0.2098538
vt -0.3969065 0.2092917
vt -0.3968762 0.2094372
vt 0.3391365 0.2711298
vt 0.33904 0.2712428
vt 0.3369405 0.2694482
vt 0.3370371 0.2693352
vt 0.4149821 0.1613113
vt 0.4149606 0.1614584
vt 0.4122277 0.1610586
vt 0.4122492 0.1609116
vt 0.4146507 0.2263402
vt 0.4146368 0.2264882
vt 0.4118869 0.2262305
vt 0.4119008 0.2260825
vt 0.4132281 0.260048
vt 0.4132155 0.2601961
vt 0.4104636 0.2599598
vt 0.4104764 0.2598117
vt 0.4105526 0.2451713
vt 0.410537 0.2453191
vt 0.4077903 0.24503
vt 0.4078058 0.2448822
vt 0.3996107 0.2098538
vt 0.3995804 0.2099994
vt 0.3968763 0.2094372
vt 0.3969066 0.2092916
vt -0.3390377 0.2712455
vt -0.3391344 0.2711325
vt -0.3370349 0.2693379
vt -0.3369383 0.2694509
vt -0.4149606 0.1614588
vt -0.4149822 0.1613117
vt -0.4122493 0.1609119
vt -0.4122278 0.161059
vt -0.03670445 0.2214577
vt -0.03676555 0.2213222
vt -0.03675067 0.2211743
vt -0.03666387 0.2210536
vt -0.03652836 0.2209926
vt -0.03638046 0.2210074
vt -0.0362598 0.2210943
vt -0.03619873 0.2212297
vt -0.03621358 0.2213777
vt -0.0363004 0.2214983
vt -0.03643591 0.2215594
vt -0.0365838 0.2215445
vt -0.3949363 0.06404229
vt -0.3949698 0.06369869
vt -0.3947935 0.06372797
vt -0.3949363 0.06404229
vt -0.3951371 0.06376148
vt -0.3949698 0.06369869
vt -0.3949363 0.06404229
vt -0.3952506 0.0638995
vt -0.3951371 0.06376148
vt -0.3949363 0.06404229
vt -0.3952798 0.06407578
vt -0.3952506 0.0638995
vt -0.3949363 0.06404229
vt -0.3952171 0.06424309
vt -0.3952798 0.06407578
vt -0.3949363 0.06404229
vt -0.395079 0.06435658
vt -0.3952171 0.06424309
vt -0.3949363 0.06404229
vt -0.3949028 0.06438587
vt -0.395079 0.06435658
vt -0.3949363 0.06404229
vt -0.3947355 0.06432308
vt -0.3949028 0.06438587
vt -0.3949363 0.06404229
vt -0.394622 0.06418505
vt -0.3947355 0.06432308
vt -0.3949363 0.06404229
vt -0.3945927 0.06400878
vt -0.394622 0.06418505
vt -0.3949363 0.06404229
vt -0.3946554 0.06384148
vt -0.3945927 0.06400878
vt -0.3949363 0.06404229
vt -0.3947935 0.06372797
vt -0.3946554 0.06384148
vt -0.4071131 0.1934461
vt -0.4072909 0.1934374
vt -0.4073466 0.1930995
vt -0.4070125 0.1931159
vt -0.3903482 0.1458883
vt -0.3905175 0.1459433
vt -0.3906896 0.1456472
vt -0.3903714 0.1455439
vt -0.3556454 0.08459436
vt -0.3557841 0.08470589
vt -0.3560501 0.08449024
vt -0.3557894 0.08428065
vt -0.310559 0.006207359
vt -0.3106486 0.006361122
vt -0.3109742 0.00625488
vt -0.3108056 0.005965898
vt -0.2683241 -0.08335523
vt -0.2683499 -0.08317912
vt -0.2686916 -0.08315606
vt -0.2686432 -0.08348705
vt -0.250782 -0.1642603
vt -0.2507293 -0.1640903
vt -0.2510276 -0.1639221
vt -0.2511267 -0.1642416
vt -0.3021536 -0.1799871
vt -0.3020085 -0.179884
vt -0.3021434 -0.1795692
vt -0.3024161 -0.1797629
vt -0.405258 0.01756924
vt -0.4050991 0.01748908
vt -0.4048839 0.01775542
vt -0.4051825 0.0179061
vt -0.3863917 0.219154
vt -0.3863605 0.2189788
vt -0.3860182 0.2189665
vt -0.386077 0.2192958
vt -0.3777635 0.2705587
vt -0.377828 0.2703928
vt -0.3775421 0.2702042
vt -0.3774209 0.270516
vt -0.3911567 0.2628686
vt -0.3912824 0.2627426
vt -0.3910965 0.262455
vt -0.3908602 0.2626918
vt -0.4052619 0.2327446
vt -0.405425 0.2326732
vt -0.4053568 0.2323376
vt -0.4050504 0.2324719
vt -0.4082723 0.2571079
vt -0.4086031 0.2570932
vt -0.4086336 0.2567534
vt -0.4081879 0.2567732
vt -0.3873608 0.221083
vt -0.3876809 0.2211679
vt -0.3878117 0.2208527
vt -0.3873805 0.2207384
vt -0.3210704 0.1652332
vt -0.3213513 0.1654085
vt -0.321569 0.1651457
vt -0.3211905 0.1649095
vt -0.2241333 0.0682227
vt -0.2243573 0.06846659
vt -0.2246372 0.06827141
vt -0.2243354 0.06794281
vt -0.112055 -0.06417564
vt -0.1122183 -0.06388757
vt -0.1125349 -0.0640147
vt -0.1123149 -0.06440281
vt 0.01152213 -0.2012818
vt 0.01140938 -0.2009704
vt 0.01107589 -0.2010427
vt 0.01122781 -0.2014622
vt 0.1787613 -0.2812109
vt 0.1786523 -0.2808982
vt 0.178318 -0.2809664
vt 0.1784649 -0.2813877
vt 0.2769454 0.3290386
vt 0.2766279 0.3289445
vt 0.2766802 0.3286074
vt 0.277108 0.328734
vt -0.1028525 0.4662445
vt -0.1030675 0.4659927
vt -0.10284 0.4657384
vt -0.1025503 0.4660777
vt -0.2319701 0.4290045
vt -0.2322089 0.4287751
vt -0.2320077 0.4284996
vt -0.2316858 0.4288086
vt -0.3208904 0.3647385
vt -0.321169 0.3645594
vt -0.3210244 0.3642503
vt -0.3206492 0.3644916
vt -0.3825827 0.3019992
vt -0.3828962 0.3018928
vt -0.3828308 0.3015579
vt -0.3824083 0.3017012
vt -0.4059796 0.2651001
vt -0.4064183 0.2650553
vt -0.406398 0.2647134
vt -0.4058992 0.2647644
vt -0.3847684 0.2757131
vt -0.3852016 0.2757955
vt -0.3852799 0.2754621
vt -0.3847873 0.2753684
vt -0.2887464 0.261664
vt -0.2891403 0.2618625
vt -0.2893073 0.2615635
vt -0.2888595 0.2613378
vt -0.1494408 0.1800567
vt -0.1497823 0.1803357
vt -0.1500101 0.18008
vt -0.1496218 0.1797628
vt 0.006712324 0.04852802
vt 0.006410235 0.04884923
vt 0.006150947 0.0486255
vt 0.006494479 0.04826022
vt 0.1764972 -0.06542378
vt 0.1761981 -0.06509976
vt 0.1759367 -0.06532109
vt 0.1762769 -0.06568954
vt 0.3562029 -0.03386611
vt 0.3558394 -0.03361644
vt 0.3556337 -0.03389017
vt 0.356047 -0.0341741
vt 0.3677389 0.2766866
vt 0.3672979 0.2766904
vt 0.3672804 0.2763484
vt 0.3677818 0.2763441
vt 0.1132418 0.4741565
vt 0.1128464 0.4739613
vt 0.1129848 0.473648
vt 0.1134344 0.47387
vt -0.09663017 0.454216
vt -0.09700045 0.4539766
vt -0.09682696 0.4536813
vt -0.09640589 0.4539536
vt -0.2452315 0.36761
vt -0.2456158 0.3673937
vt -0.2454607 0.3670884
vt -0.2450238 0.3673343
vt -0.3518293 0.2912411
vt -0.352244 0.2910913
vt -0.3521415 0.2907645
vt -0.3516699 0.2909349
vt -0.400702 0.2200937
vt -0.401189 0.2199921
vt -0.4011029 0.2196578
vt -0.4006159 0.2197594
vt -0.3818791 0.30245
vt -0.3823738 0.3025028
vt -0.3823944 0.3021582
vt -0.3818997 0.3021054
vt -0.2527552 0.3522486
vt -0.2532139 0.3524413
vt -0.2533327 0.3521172
vt -0.252874 0.3519245
vt -0.07859793 0.2999344
vt -0.07901229 0.3002098
vt -0.07918982 0.2999137
vt -0.07877547 0.2996383
vt 0.09644745 0.1830268
vt 0.09605276 0.1833297
vt 0.09585554 0.1830464
vt 0.0962502 0.1827434
vt 0.261898 0.08986783
vt 0.2614847 0.09014475
vt 0.2613061 0.08984932
vt 0.2617195 0.08957241
vt 0.3893277 0.1230531
vt 0.3888615 0.123227
vt 0.388756 0.1228983
vt 0.3892222 0.1227244
vt 0.377604 0.2997904
vt 0.3771067 0.2997757
vt 0.3771329 0.2994315
vt 0.3776302 0.2994462
vt 0.2031053 0.4249703
vt 0.2026419 0.4247891
vt 0.2027824 0.4244738
vt 0.2032458 0.424655
vt 0.00120689 0.3995996
vt 0.0007797523 0.3993444
vt 0.0009703763 0.3990566
vt 0.001397514 0.3993118
vt -0.1724361 0.2987292
vt -0.1728601 0.2984689
vt -0.172666 0.2981834
vt -0.172242 0.2984438
vt -0.3139858 0.2155722
vt -0.3144365 0.2153615
vt -0.3142759 0.2150559
vt -0.3138252 0.2152667
vt -0.3893277 0.123053
vt -0.3897938 0.1228791
vt -0.3896321 0.1225714
vt -0.3892222 0.1227243
vt -0.377604 0.2997903
vt -0.3781013 0.299805
vt -0.3780676 0.299459
vt -0.3776303 0.2994461
vt -0.2031053 0.4249703
vt -0.2035687 0.4251514
vt -0.2036533 0.4248143
vt -0.2032458 0.424655
vt -0.001206866 0.3995996
vt -0.001634004 0.3998547
vt -0.001773089 0.3995362
vt -0.001397478 0.3993118
vt 0.1724362 0.2987292
vt 0.1720122 0.2989896
vt 0.1718692 0.2986728
vt 0.1722421 0.2984438
vt 0.3139857 0.2155723
vt 0.313535 0.2157831
vt 0.3134287 0.2154521
vt 0.3138251 0.2152667
vt 0.4007021 0.2200938
vt 0.400215 0.2201954
vt 0.4001876 0.2198488
vt 0.4006158 0.2197595
vt 0.381879 0.30245
vt 0.3813843 0.3023973
vt 0.3814647 0.302059
vt 0.3818997 0.3021054
vt 0.2527552 0.3522486
vt 0.2522964 0.3520559
vt 0.2524706 0.351755
vt 0.2528739 0.3519244
vt 0.07859796 0.2999344
vt 0.07818361 0.299659
vt 0.07841112 0.2993961
vt 0.07877548 0.2996383
vt -0.09644736 0.1830268
vt -0.09684205 0.1827238
vt -0.09659719 0.182477
vt -0.09625013 0.1827434
vt -0.2618982 0.08986776
vt -0.2623115 0.08959085
vt -0.2620831 0.08932883
vt -0.2617195 0.08957234
vt -0.3562029 -0.03386622
vt -0.3565664 -0.0341159
vt -0.3563167 -0.03435951
vt -0.3560469 -0.0341742
vt -0.367739 0.2766866
vt -0.3681799 0.2766828
vt -0.3681091 0.2763412
vt -0.3677819 0.276344
vt -0.1132418 0.4741565
vt -0.1136372 0.4743517
vt -0.1137279 0.4740149
vt -0.1134344 0.47387
vt 0.0966302 0.4542161
vt 0.09625992 0.4544555
vt 0.09613108 0.4541313
vt 0.09640591 0.4539536
vt 0.2452316 0.36761
vt 0.2448473 0.3678263
vt 0.2447385 0.3674948
vt 0.2450238 0.3673343
vt 0.3518293 0.2912412
vt 0.3514145 0.291391
vt 0.351362 0.2910462
vt 0.3516699 0.290935
vt 0.4059795 0.2651001
vt 0.4055409 0.2651449
vt 0.4055736 0.2647977
vt 0.4058992 0.2647644
vt 0.3847684 0.2757131
vt 0.3843352 0.2756307
vt 0.3844658 0.2753072
vt 0.3847873 0.2753684
vt 0.2887464 0.261664
vt 0.2883526 0.2614656
vt 0.2885671 0.2611906
vt 0.2888594 0.2613378
vt 0.1494408 0.1800567
vt 0.1490993 0.1797777
vt 0.1493684 0.1795556
vt 0.1496218 0.1797627
vt -0.006712241 0.04852802
vt -0.00701433 0.04820681
vt -0.006718619 0.0480218
vt -0.006494408 0.04826022
vt -0.1764973 -0.06542386
vt -0.1767964 -0.06574788
vt -0.176499 -0.06593011
vt -0.176277 -0.06568963
vt -0.1787613 -0.2812108
vt -0.1788703 -0.2815236
vt -0.1785228 -0.2815541
vt -0.1784648 -0.2813877
vt -0.2769458 0.3290382
vt -0.2772633 0.3291323
vt -0.2772774 0.3287838
vt -0.2771084 0.3287337
vt 0.1028525 0.4662445
vt 0.1026374 0.4664964
vt 0.1024358 0.4662117
vt 0.1025503 0.4660777
vt 0.23197 0.4290045
vt 0.2317312 0.4292338
vt 0.2315587 0.4289306
vt 0.2316858 0.4288086
vt 0.3208905 0.3647385
vt 0.3206119 0.3649176
vt 0.320501 0.3645869
vt 0.3206492 0.3644916
vt 0.3825826 0.3019992
vt 0.382269 0.3021056
vt 0.3822413 0.3017579
vt 0.3824082 0.3017013
vt 0.4082723 0.2571079
vt 0.4079414 0.2571226
vt 0.4080119 0.256781
vt 0.4081879 0.2567731
vt 0.3873608 0.221083
vt 0.3870407 0.2209981
vt 0.3872101 0.2206932
vt 0.3873804 0.2207383
vt 0.3210704 0.1652332
vt 0.3207894 0.1650579
vt 0.321041 0.1648162
vt 0.3211905 0.1649095
vt 0.2241333 0.06822272
vt 0.2239093 0.06797883
vt 0.2242162 0.06781306
vt 0.2243354 0.06794283
vt 0.112055 -0.06417563
vt 0.1118917 -0.0644637
vt 0.112228 -0.06455608
vt 0.1123149 -0.0644028
vt -0.01152225 -0.2012819
vt -0.011635 -0.2015932
vt -0.01128792 -0.2016279
vt -0.01122793 -0.2014623
vt 0.3021537 -0.1799869
vt 0.3022988 -0.18009
vt 0.3024162 -0.1797628
vt 0.405258 0.01756903
vt 0.4054169 0.01764919
vt 0.4051825 0.01790588
vt 0.3863918 0.2191539
vt 0.386423 0.2193291
vt 0.386077 0.2192957
vt 0.3777635 0.2705586
vt 0.377699 0.2707245
vt 0.3774209 0.2705158
vt 0.3911567 0.2628686
vt 0.391031 0.2629946
vt 0.3908602 0.2626917
vt 0.4052619 0.2327446
vt 0.4050989 0.2328161
vt 0.4050504 0.2324718
vt 0.4071131 0.1934461
vt 0.4069353 0.1934548
vt 0.4070125 0.1931158
vt 0.3903482 0.1458883
vt 0.3901789 0.1458333
vt 0.3903714 0.1455438
vt 0.3556454 0.08459433
vt 0.3555067 0.0844828
vt 0.3557895 0.08428062
vt 0.310559 0.006207364
vt 0.3104694 0.006053601
vt 0.3108057 0.005965908
vt 0.2683243 -0.08335518
vt 0.2682985 -0.08353131
vt 0.2686433 -0.08348699
vt 0.2507821 -0.1642603
vt 0.2508349 -0.1644303
vt 0.2511268 -0.1642415
vt 0.02827333 -0.02183544
vt 0.0285245 -0.02159862
vt 0.02837244 -0.02150476
vt 0.02827333 -0.02183544
vt 0.02860926 -0.02175592
vt 0.0285245 -0.02159862
vt 0.02827333 -0.02183544
vt 0.02860401 -0.02193454
vt 0.02860926 -0.02175592
vt 0.02827333 -0.02183544
vt 0.02851015 -0.0220866
vt 0.02860401 -0.02193454
vt 0.02827333 -0.02183544
vt 0.02835285 -0.02217137
vt 0.02851015 -0.0220866
vt 0.02827333 -0.02183544
vt 0.02817422 -0.02216612
vt 0.02835285 -0.02217137
vt 0.02827333 -0.02183544
vt 0.02802217 -0.02207227
vt 0.02817422 -0.02216612
vt 0.02827333 -0.02183544
vt 0.0279374 -0.02191496
vt 0.02802217 -0.02207227
vt 0.02827333 -0.02183544
vt 0.02794265 -0.02173634
vt 0.0279374 -0.02191496
vt 0.02827333 -0.02183544
vt 0.02803649 -0.02158427
vt 0.02794265 -0.02173634
vt 0.02827333 -0.02183544
vt 0.02819381 -0.02149951
vt 0.02803649 -0.02158427
vt 0.02827333 -0.02183544
vt 0.02837244 -0.02150476
vt 0.02819381 -0.02149951
vt -0.04120468 -0.1787125
vt -0.04106365 -0.1788211
vt -0.04080218 -0.1785999
vt -0.04106725 -0.1783958
vt -0.1252002 -0.1102673
vt -0.125154 -0.1104392
vt -0.124812 -0.1104221
vt -0.1248987 -0.1100991
vt -0.1477832 -0.02439272
vt -0.1478306 -0.02456429
vt -0.1475271 -0.02472306
vt -0.1474381 -0.0244006
vt -0.1269893 0.05291231
vt -0.1271087 0.05278022
vt -0.1269086 0.05250222
vt -0.1266844 0.05275046
vt -0.07617712 0.111788
vt -0.07634155 0.1117199
vt -0.07628013 0.1113829
vt -0.0759711 0.111511
vt -0.005812125 0.1438779
vt -0.00598991 0.1438867
vt -0.00607862 0.1435559
vt -0.005744507 0.1435393
vt 0.07054343 0.1433941
vt 0.07038669 0.1434784
vt 0.07016446 0.1432178
vt 0.07045905 0.1430593
vt 0.1375853 0.1115417
vt 0.1374797 0.111685
vt 0.1371674 0.1115445
vt 0.1373658 0.1112752
vt 0.1833639 0.05510979
vt 0.1833301 0.05528455
vt 0.1829877 0.05529199
vt 0.1830512 0.05496355
vt 0.1991354 -0.01927189
vt 0.1991844 -0.01910079
vt 0.1988825 -0.01893911
vt 0.1987903 -0.01926069
vt 0.1720651 -0.1049542
vt 0.1721955 -0.104833
vt 0.1720206 -0.1045386
vt 0.1717755 -0.1047663
vt 0.08400019 -0.1767529
vt 0.0841776 -0.1767384
vt 0.08422222 -0.1763988
vt 0.08388882 -0.1764261
vt -0.2078402 -0.2535322
vt -0.2076588 -0.2538093
vt -0.2073509 -0.2536622
vt -0.2075953 -0.2532889
vt -0.3066018 -0.06792118
vt -0.3066339 -0.06825076
vt -0.3063018 -0.06832893
vt -0.3062585 -0.06788485
vt -0.2955325 0.05381124
vt -0.295684 0.05351675
vt -0.2954041 0.05332152
vt -0.2952 0.05371827
vt -0.2457836 0.1559093
vt -0.2460238 0.1556813
vt -0.2458241 0.1554046
vt -0.2455004 0.1557117
vt -0.1583855 0.2421578
vt -0.1586911 0.2420301
vt -0.1586027 0.2417005
vt -0.1581911 0.2418726
vt -0.03381363 0.2939809
vt -0.03414477 0.2939849
vt -0.03419437 0.2936473
vt -0.03374824 0.293642
vt 0.1047349 0.2900005
vt 0.1044354 0.2901417
vt 0.1042499 0.2898553
vt 0.1046534 0.289665
vt 0.2201317 0.2357529
vt 0.2199117 0.2360004
vt 0.2196287 0.2358098
vt 0.2199251 0.2354763
vt 0.2956557 0.1568951
vt 0.2955364 0.157204
vt 0.2952045 0.1571248
vt 0.2953652 0.1567086
vt 0.3355095 0.06691907
vt 0.335499 0.06725007
vt 0.3351595 0.06728487
vt 0.3351737 0.06683894
vt 0.3399952 -0.04826327
vt 0.3401118 -0.04795332
vt 0.3398113 -0.04779161
vt 0.3396543 -0.0482092
vt 0.2246981 -0.2529566
vt 0.2249952 -0.2528103
vt 0.2248868 -0.2524868
vt 0.2244865 -0.2526838
vt -0.4097824 0.1425638
vt -0.410011 0.1421867
vt -0.409726 0.1419969
vt -0.409466 0.1424257
vt -0.4103999 0.1099066
vt -0.4106027 0.109515
vt -0.4103057 0.1093446
vt -0.410075 0.1097899
vt -0.3832112 0.16156
vt -0.3834598 0.1611958
vt -0.3831855 0.1609908
vt -0.3829028 0.1614049
vt -0.3306651 0.2419217
vt -0.3309802 0.2416132
vt -0.3307513 0.2413584
vt -0.330393 0.2417092
vt -0.2316513 0.3365718
vt -0.2320417 0.3363669
vt -0.2318957 0.3360571
vt -0.2314517 0.3362901
vt -0.06318013 0.4080599
vt -0.06361984 0.4080269
vt -0.06360884 0.4076847
vt -0.0631088 0.4077222
vt 0.139776 0.3972388
vt 0.1393686 0.3974074
vt 0.1392242 0.3970968
vt 0.1396876 0.3969051
vt 0.2892801 0.3187324
vt 0.2889692 0.3190451
vt 0.2887163 0.3188142
vt 0.2890698 0.3184587
vt 0.3682356 0.2377386
vt 0.3680228 0.2381249
vt 0.3677161 0.2379726
vt 0.367958 0.2375334
vt 0.4046411 0.1804424
vt 0.4045044 0.1808616
vt 0.4041746 0.1807694
vt 0.40433 0.1802927
vt 0.4169825 0.152129
vt 0.4168931 0.1525608
vt 0.4165551 0.1525058
vt 0.4166567 0.1520148
vt 0.3815881 0.2203582
vt 0.3814413 0.220774
vt 0.3811137 0.2206739
vt 0.3812807 0.220201
vt -0.264217 0.410295
vt -0.2646635 0.4100753
vt -0.2644969 0.409773
vt -0.2640504 0.4099926
vt -0.4029453 0.2698534
vt -0.4032694 0.2694758
vt -0.4029973 0.2692634
vt -0.4026732 0.2696409
vt -0.4156636 0.2431178
vt -0.4159581 0.2427167
vt -0.4156706 0.2425255
vt -0.4153761 0.2429266
vt -0.3873155 0.2818713
vt -0.3876369 0.2814915
vt -0.3873633 0.281281
vt -0.3870419 0.2816608
vt -0.3042014 0.3694219
vt -0.3045962 0.3691192
vt -0.3043737 0.3688553
vt -0.3039788 0.369158
vt -0.1029391 0.4691916
vt -0.103425 0.4690848
vt -0.1033353 0.4687514
vt -0.1028494 0.4688582
vt 0.1854028 0.4466203
vt 0.1849391 0.4468006
vt 0.184829 0.4464734
vt 0.1852927 0.4462931
vt 0.3515164 0.3369037
vt 0.3511629 0.3372538
vt 0.3509316 0.3369975
vt 0.3512851 0.3366474
vt 0.4079634 0.2702168
vt 0.4076844 0.2706287
vt 0.4074079 0.270422
vt 0.4076869 0.2700101
vt 0.4154025 0.2610225
vt 0.4151464 0.261449
vt 0.414859 0.2612578
vt 0.415115 0.2608312
vt 0.3764132 0.3149627
vt 0.3761166 0.3153622
vt 0.3758493 0.3151436
vt 0.376146 0.3147442
vt 0.1782499 0.4564091
vt 0.1778051 0.456632
vt 0.1776649 0.4563166
vt 0.1781096 0.4560936
vt -0.1854028 0.4466203
vt -0.1858664 0.4464399
vt -0.1857005 0.4461345
vt -0.1852927 0.4462931
vt -0.3515163 0.3369038
vt -0.3518698 0.3365536
vt -0.3515959 0.3363395
vt -0.3512851 0.3366475
vt -0.4079633 0.2702167
vt -0.4082423 0.2698048
vt -0.4079322 0.2696478
vt -0.4076868 0.2700101
vt -0.4154024 0.2610224
vt -0.4156585 0.2605959
vt -0.4153402 0.2604561
vt -0.415115 0.2608312
vt -0.3764133 0.3149627
vt -0.3767099 0.3145633
vt -0.3764069 0.314393
vt -0.376146 0.3147442
vt -0.1782501 0.4564089
vt -0.1786949 0.456186
vt -0.178501 0.4558974
vt -0.1781099 0.4560935
vt 0.2642171 0.4102949
vt 0.2637707 0.4105145
vt 0.2636579 0.4101857
vt 0.2640505 0.4099925
vt 0.4029453 0.2698533
vt 0.4026212 0.2702308
vt 0.4023882 0.2699728
vt 0.4026732 0.2696408
vt 0.4156636 0.2431177
vt 0.4153691 0.2435188
vt 0.4151172 0.2432792
vt 0.4153761 0.2429266
vt 0.3873155 0.2818713
vt 0.386994 0.2822511
vt 0.3867592 0.2819948
vt 0.3870419 0.2816608
vt 0.3042014 0.3694218
vt 0.3038065 0.3697246
vt 0.3036316 0.3694242
vt 0.3039789 0.3691579
vt 0.1029389 0.4691916
vt 0.1024529 0.4692984
vt 0.1024219 0.4689521
vt 0.1028492 0.4688582
vt -0.1397759 0.3972388
vt -0.1401834 0.3970703
vt -0.13999 0.39678
vt -0.1396875 0.3969051
vt -0.2892801 0.3187325
vt -0.289591 0.3184198
vt -0.2893006 0.3182266
vt -0.2890698 0.3184587
vt -0.3682356 0.2377386
vt -0.3684483 0.2373524
vt -0.3681159 0.2372467
vt -0.367958 0.2375334
vt -0.4046411 0.1804423
vt -0.4047778 0.180023
vt -0.4044314 0.1799815
vt -0.40433 0.1802927
vt -0.4169824 0.1521289
vt -0.4170718 0.1516971
vt -0.416723 0.1516942
vt -0.4166566 0.1520147
vt -0.3815882 0.220358
vt -0.381735 0.2199422
vt -0.3813898 0.2198922
vt -0.3812808 0.2202009
vt 0.4097825 0.1425636
vt 0.4095539 0.1429407
vt 0.4092965 0.1427054
vt 0.4094661 0.1424255
vt 0.4104 0.1099065
vt 0.4101971 0.1102981
vt 0.4099245 0.1100805
vt 0.410075 0.1097898
vt 0.3832111 0.16156
vt 0.3829625 0.1619242
vt 0.3827182 0.1616752
vt 0.3829027 0.1614049
vt 0.3306651 0.2419216
vt 0.3303499 0.2422301
vt 0.3301591 0.2419381
vt 0.3303929 0.2417092
vt 0.2316513 0.3365718
vt 0.2312609 0.3367767
vt 0.2311619 0.3364422
vt 0.2314517 0.3362901
vt 0.06317997 0.4080599
vt 0.06274025 0.4080929
vt 0.06278227 0.4077467
vt 0.06310865 0.4077222
vt -0.1047349 0.2900005
vt -0.1050344 0.2898592
vt -0.1048128 0.2895899
vt -0.1046534 0.289665
vt -0.2201317 0.2357529
vt -0.2203517 0.2355055
vt -0.2200422 0.2353447
vt -0.2199251 0.2354764
vt -0.2956557 0.1568951
vt -0.295775 0.1565862
vt -0.2954287 0.1565442
vt -0.2953652 0.1567086
vt -0.3355095 0.0669191
vt -0.3355201 0.06658809
vt -0.3351794 0.06666283
vt -0.3351737 0.06683894
vt -0.3399952 -0.0482633
vt -0.3398786 -0.04857326
vt -0.3395923 -0.04837414
vt -0.3396543 -0.04820921
vt -0.2246983 -0.2529564
vt -0.2244012 -0.2531026
vt -0.2243286 -0.2527614
vt -0.2244867 -0.2526836
vt 0.2078402 -0.2535323
vt 0.2080217 -0.2532552
vt 0.2076919 -0.2531415
vt 0.2075954 -0.2532889
vt 0.3066018 -0.0679211
vt 0.3065697 -0.06759152
vt 0.3062415 -0.06770941
vt 0.3062585 -0.06788478
vt 0.2955325 0.05381123
vt 0.295381 0.05410572
vt 0.2951195 0.05387496
vt 0.2952 0.05371827
vt 0.2457835 0.1559092
vt 0.2455433 0.1561372
vt 0.2453726 0.155833
vt 0.2455005 0.1557117
vt 0.1583856 0.2421578
vt 0.15808 0.2422856
vt 0.1580285 0.2419406
vt 0.1581911 0.2418726
vt 0.03381354 0.293981
vt 0.0334824 0.2939771
vt 0.03357195 0.2936399
vt 0.03374815 0.293642
vt -0.07054342 0.143394
vt -0.07070015 0.1433097
vt -0.07045902 0.1430593
vt -0.1375853 0.1115417
vt -0.1376909 0.1113984
vt -0.1373658 0.1112752
vt -0.1833638 0.05510975
vt -0.1833976 0.05493499
vt -0.1830511 0.0549635
vt -0.1991353 -0.01927192
vt -0.1990863 -0.01944302
vt -0.1987903 -0.01926072
vt -0.172065 -0.1049542
vt -0.1719346 -0.1050753
vt -0.1717754 -0.1047663
vt -0.08400027 -0.1767528
vt -0.08382286 -0.1767674
vt -0.08388889 -0.1764261
vt 0.04120467 -0.1787124
vt 0.0413457 -0.1786038
vt 0.04106722 -0.1783958
vt 0.1252002 -0.1102672
vt 0.1252463 -0.1100953
vt 0.1248987 -0.110099
vt 0.1477831 -0.02439275
vt 0.1477357 -0.02422118
vt 0.147438 -0.02440063
vt 0.1269893 0.05291226
vt 0.12687 0.05304434
vt 0.1266844 0.05275042
vt 0.0761771 0.1117879
vt 0.07601267 0.1118561
vt 0.07597108 0.1115109
vt 0.005812059 0.1438778
vt 0.005634275 0.143869
vt 0.005744434 0.1435393
vt -0.4160812 0.2630112
vt -0.4161636 0.2628935
vt -0.4134812 0.2610145
vt -0.4133988 0.2611321
vt -0.3889882 0.3008402
vt -0.3890778 0.300728
vt -0.3865194 0.2986834
vt -0.3864297 0.2987956
vt -0.2845939 0.4010695
vt -0.2847094 0.4009841
vt -0.2827615 0.3983512
vt -0.2826461 0.3984366
vt 0.009919493 0.492207
vt 0.009775977 0.4922027
vt 0.009874439 0.488929
vt 0.01001795 0.4889334
vt 0.3058528 0.3863962
vt 0.3057345 0.3864775
vt 0.3038786 0.383779
vt 0.303997 0.3836977
vt 0.4010383 0.2863257
vt 0.4009473 0.2864367
vt 0.3984134 0.2843618
vt 0.3985043 0.2842508
vt 0.4160812 0.2630111
vt 0.4159989 0.2631287
vt 0.4133164 0.2612497
vt 0.4133988 0.2611321
vt 0.3889882 0.3008402
vt 0.3888986 0.3009523
vt 0.3863401 0.2989077
vt 0.3864297 0.2987956
vt 0.2845939 0.4010695
vt 0.2844785 0.4011549
vt 0.2825306 0.398522
vt 0.2826461 0.3984366
vt -0.009919456 0.492207
vt -0.01006297 0.4922113
vt -0.01016143 0.4889377
vt -0.01001791 0.4889334
vt -0.3058528 0.3863962
vt -0.3059711 0.3863149
vt -0.3041152 0.3836163
vt -0.3039969 0.3836977
vt -0.4010383 0.2863256
vt -0.4011293 0.2862145
vt -0.3985953 0.2841397
vt -0.3985043 0.2842507
vt 0.02544381 -0.02262905
vt 0.02533652 -0.02252618
vt 0.02519217 -0.02249076
vt 0.02504942 -0.02253224
vt 0.02494656 -0.02263953
vt 0.02491111 -0.02278388
vt 0.02495261 -0.02292662
vt 0.0250599 -0.02302949
vt 0.02520426 -0.02306493
vt 0.02534699 -0.02302344
vt 0.02544986 -0.02291615
vt 0.02548529 -0.02277178
vt -0.4055305 0.272668
vt -0.4056174 0.2725474
vt -0.4033772 0.2709319
vt -0.4032903 0.2710525
vt -0.3497953 0.3408664
vt -0.3498988 0.3407597
vt -0.3479165 0.3388365
vt -0.347813 0.3389431
vt -0.1641769 0.4603394
vt -0.164315 0.4602843
vt -0.1632925 0.4577187
vt -0.1631544 0.4577737
vt 0.1857759 0.4526935
vt 0.1856352 0.4527414
vt 0.1847451 0.4501268
vt 0.1848858 0.4500789
vt 0.3675012 0.3234906
vt 0.3673955 0.3235951
vt 0.3654541 0.3216306
vt 0.3655598 0.3215261
vt 0.4116868 0.2643847
vt 0.4115992 0.2645048
vt 0.4093677 0.2628774
vt 0.4094553 0.2627572
vt 0.4056174 0.2725474
vt 0.4055305 0.272668
vt 0.4032903 0.2710525
vt 0.4033772 0.2709319
vt 0.3498988 0.3407597
vt 0.3497953 0.3408664
vt 0.3478131 0.3389432
vt 0.3479165 0.3388365
vt 0.1643146 0.4602846
vt 0.1641765 0.4603395
vt 0.163154 0.4577739
vt 0.1632921 0.4577188
vt -0.1856344 0.4527417
vt -0.1857751 0.4526938
vt -0.1848851 0.4500793
vt -0.1847443 0.4501271
vt -0.3673951 0.3235955
vt -0.3675008 0.323491
vt -0.3655595 0.3215265
vt -0.3654538 0.3216309
vt -0.4115993 0.2645047
vt -0.4116869 0.2643846
vt -0.4094554 0.2627571
vt -0.4093678 0.2628772
vt -0.02547999 -0.02277136
vt -0.02544454 -0.02291571
vt -0.02534168 -0.02302301
vt -0.02519893 -0.02306449
vt -0.02505458 -0.02302905
vt -0.02494728 -0.02292619
vt -0.02490581 -0.02278345
vt -0.02494124 -0.0226391
vt -0.02504412 -0.0225318
vt -0.02518685 -0.02249032
vt -0.0253312 -0.02252575
vt -0.0254385 -0.02262862
vt -0.4043383 0.2587211
vt -0.4046646 0.2586082
vt -0.4045644 0.2584602
vt -0.4043383 0.2587211
vt -0.4046773 0.2587864
vt -0.4046646 0.2586082
vt -0.4043383 0.2587211
vt -0.4045993 0.2589471
vt -0.4046773 0.2587864
vt -0.4043383 0.2587211
vt -0.4044513 0.2590473
vt -0.4045993 0.2589471
vt -0.4043383 0.2587211
vt -0.4042731 0.2590601
vt -0.4044513 0.2590473
vt -0.4043383 0.2587211
vt -0.4041123 0.258982
vt -0.4042731 0.2590601
vt -0.4043383 0.2587211
vt -0.4040121 0.2588341
vt -0.4041123 0.258982
vt -0.4043383 0.2587211
vt -0.4039994 0.2586558
vt -0.4040121 0.2588341
vt -0.4043383 0.2587211
vt -0.4040774 0.2584951
vt -0.4039994 0.2586558
vt -0.4043383 0.2587211
vt -0.4042254 0.2583949
vt -0.4040774 0.2584951
vt -0.4043383 0.2587211
vt -0.4044036 0.2583821
vt -0.4042254 0.2583949
vt -0.4043383 0.2587211
vt -0.4045644 0.2584602
vt -0.4044036 0.2583821
vt -0.3782451 0.291288
vt -0.3783408 0.2914381
vt -0.3786619 0.291319
vt -0.378482 0.2910369
vt -0.3615087 0.2828948
vt -0.361518 0.2830726
vt -0.361856 0.2831273
vt -0.3618386 0.2827932
vt -0.3597305 0.2521318
vt -0.3596545 0.2522928
vt -0.3599262 0.2525012
vt -0.3600692 0.2521988
vt -0.3736181 0.2220657
vt -0.3734741 0.2221703
vt -0.3736123 0.2224836
vt -0.373883 0.2222871
vt -0.3942628 0.215496
vt -0.3940857 0.2155139
vt -0.3940474 0.2158542
vt -0.3943802 0.2158207
vt -0.4076618 0.2346907
vt -0.4075012 0.234614
vt -0.4072917 0.234885
vt -0.4075937 0.2350291
vt -0.40798 0.2568343
vt -0.4078808 0.2566865
vt -0.4075626 0.2568129
vt -0.4077489 0.2570907
vt -0.4028975 0.26021
vt -0.4028827 0.2600327
vt -0.402543 0.2599886
vt -0.402571 0.260322
vt -0.4017948 0.2459738
vt -0.4018657 0.2458105
vt -0.4015873 0.245611
vt -0.4014542 0.2459178
vt -0.4063724 0.233704
vt -0.4065136 0.2335957
vt -0.4063672 0.2332861
vt -0.4061018 0.2334896
vt -0.4089636 0.2431104
vt -0.4091405 0.2430904
vt -0.4091747 0.2427497
vt -0.4088423 0.2427872
vt -0.3989528 0.2713656
vt -0.3991129 0.2714434
vt -0.3993242 0.2711739
vt -0.3990234 0.2710277
vt -0.3206803 0.3510343
vt -0.3208375 0.3513258
vt -0.3211568 0.3512054
vt -0.320945 0.3508127
vt -0.2756626 0.3227122
vt -0.2756713 0.3230433
vt -0.2760105 0.32308
vt -0.2759989 0.322634
vt -0.2730496 0.2292607
vt -0.272927 0.2295683
vt -0.2732242 0.2297359
vt -0.2733894 0.2293215
vt -0.3107851 0.1342762
vt -0.3105439 0.1345031
vt -0.3107424 0.1347806
vt -0.3110674 0.134475
vt -0.3747758 0.1167049
vt -0.3744517 0.1167729
vt -0.3744765 0.1171132
vt -0.3749132 0.1170216
vt -0.4091928 0.2053644
vt -0.4088931 0.2052235
vt -0.4087079 0.2055102
vt -0.4091118 0.2057
vt -0.3862976 0.2893431
vt -0.3861253 0.2890604
vt -0.3858128 0.2891975
vt -0.386045 0.2895784
vt -0.3570434 0.2867916
vt -0.3570146 0.2864617
vt -0.3566737 0.2864456
vt -0.3567125 0.2868901
vt -0.3511195 0.2195669
vt -0.3512231 0.2192523
vt -0.3509162 0.2191033
vt -0.3507766 0.2195271
vt -0.3730164 0.1508142
vt -0.3732444 0.150574
vt -0.3730305 0.1503081
vt -0.3727233 0.1506317
vt -0.4060465 0.1633917
vt -0.4063683 0.1633134
vt -0.4063326 0.162974
vt -0.405899 0.1630795
vt -0.3886638 0.2760906
vt -0.3889607 0.2762372
vt -0.3891514 0.2759542
vt -0.3887513 0.2757566
vt -0.2089391 0.4266945
vt -0.2090868 0.42711
vt -0.2094141 0.4270092
vt -0.2092462 0.4265367
vt -0.1523744 0.3602281
vt -0.1523723 0.3606691
vt -0.1527144 0.3606853
vt -0.1527167 0.3601839
vt -0.1531591 0.2005121
vt -0.1530411 0.200937
vt -0.1533668 0.2010426
vt -0.153501 0.2005595
vt -0.2044673 0.02280514
vt -0.204223 0.02317223
vt -0.2044998 0.02337398
vt -0.2047776 0.02295654
vt -0.3285695 -0.03771299
vt -0.3281694 -0.03752768
vt -0.3282999 -0.03721105
vt -0.3287549 -0.03742179
vt -0.4051809 0.1916871
vt -0.4047887 0.1914857
vt -0.4046194 0.1917834
vt -0.4050654 0.1920124
vt -0.3222026 0.3577195
vt -0.3220161 0.35732
vt -0.3216999 0.3574513
vt -0.3219119 0.3579057
vt -0.2680113 0.3273817
vt -0.2679758 0.3269421
vt -0.2676336 0.3269551
vt -0.2676739 0.3274549
vt -0.2567708 0.1917209
vt -0.2568528 0.1912876
vt -0.2565194 0.1912096
vt -0.2564261 0.1917023
vt -0.2875489 0.03478412
vt -0.2877582 0.03439603
vt -0.2874641 0.03422068
vt -0.287226 0.03466199
vt -0.3772613 0.005036361
vt -0.3776448 0.0048187
vt -0.3774887 0.004513915
vt -0.3770526 0.00476142
vt -0.3596659 0.2951215
vt -0.3600461 0.295345
vt -0.3602321 0.2950574
vt -0.3597998 0.2948034
vt -0.0230452 0.4759549
vt -0.02308554 0.4764508
vt -0.02342794 0.4764069
vt -0.0233876 0.475911
vt -0.005725316 0.3767453
vt -0.005707246 0.3772425
vt -0.006052437 0.377239
vt -0.006070507 0.3767417
vt -0.0131667 0.1792557
vt -0.01310327 0.1797492
vt -0.01344734 0.1797772
vt -0.01351076 0.1792838
vt -0.04641793 -0.06085218
vt -0.04629184 -0.06037088
vt -0.04662948 -0.06029901
vt -0.04675558 -0.0607803
vt -0.1745086 -0.2413553
vt -0.1742195 -0.2409503
vt -0.1745095 -0.240763
vt -0.1747986 -0.241168
vt -0.3491046 0.2781555
vt -0.3487445 0.2778122
vt -0.3485182 0.2780728
vt -0.3488782 0.2784162
vt -0.1845085 0.442054
vt -0.1844002 0.4415684
vt -0.1840671 0.4416592
vt -0.1841755 0.4421448
vt -0.1420223 0.3634255
vt -0.1419909 0.3629289
vt -0.1416478 0.3629667
vt -0.1416792 0.3634633
vt -0.129781 0.1757133
vt -0.1297969 0.175216
vt -0.1294517 0.1752211
vt -0.1294358 0.1757183
vt -0.137794 -0.05732913
vt -0.1378606 -0.05782219
vt -0.1375167 -0.05785244
vt -0.1374501 -0.05735938
vt -0.2085197 -0.2413432
vt -0.2087086 -0.2418034
vt -0.2083835 -0.2419195
vt -0.2081945 -0.2414593
vt -0.1760866 0.417583
vt -0.1763387 0.4180119
vt -0.1766279 0.4178234
vt -0.1763758 0.4173945
vt 0.1845086 0.4420539
vt 0.184617 0.4425395
vt 0.1842708 0.4425717
vt 0.1841755 0.4421448
vt 0.1420224 0.3634255
vt 0.1420538 0.3639221
vt 0.1417068 0.3638999
vt 0.1416792 0.3634633
vt 0.129781 0.1757133
vt 0.1297652 0.1762106
vt 0.1294219 0.1761557
vt 0.1294358 0.1757184
vt 0.137794 -0.05732913
vt 0.1377275 -0.05683607
vt 0.1373916 -0.0569258
vt 0.1374502 -0.05735938
vt 0.2085197 -0.2413431
vt 0.2083308 -0.2408829
vt 0.2080285 -0.2410545
vt 0.2081947 -0.2414593
vt 0.1760871 0.4175828
vt 0.175835 0.4171538
vt 0.1761546 0.4170169
vt 0.1763763 0.4173942
vt 0.02304524 0.4759549
vt 0.0230049 0.475459
vt 0.02335217 0.4754749
vt 0.02338765 0.475911
vt 0.005725326 0.3767452
vt 0.005743395 0.376248
vt 0.006086422 0.3763044
vt 0.006070524 0.3767417
vt 0.01316674 0.1792557
vt 0.01323017 0.1787622
vt 0.01356659 0.1788497
vt 0.01351082 0.1792837
vt 0.04641797 -0.06085215
vt 0.04654407 -0.06133344
vt 0.04686651 -0.0612035
vt 0.04675562 -0.06078027
vt 0.1745085 -0.2413552
vt 0.1747976 -0.2417602
vt 0.1750527 -0.2415241
vt 0.1747985 -0.2411679
vt 0.3491044 0.2781558
vt 0.3494645 0.2784992
vt 0.3491947 0.2787184
vt 0.3488781 0.2784164
vt 0.3222027 0.3577195
vt 0.3223891 0.3581191
vt 0.3220504 0.3582023
vt 0.321912 0.3579057
vt 0.2680113 0.3273817
vt 0.2680468 0.3278212
vt 0.2677003 0.3277811
vt 0.267674 0.3274549
vt 0.2567708 0.1917209
vt 0.2566888 0.1921542
vt 0.2563652 0.1920239
vt 0.2564261 0.1917023
vt 0.2875489 0.03478415
vt 0.2873396 0.03517224
vt 0.2870706 0.03495008
vt 0.287226 0.03466204
vt 0.3772614 0.005036436
vt 0.3768779 0.005254097
vt 0.376768 0.00492304
vt 0.3770526 0.00476149
vt 0.359666 0.2951214
vt 0.3592859 0.2948979
vt 0.3595177 0.2946373
vt 0.3597999 0.2948032
vt 0.2089391 0.4266945
vt 0.2087915 0.426279
vt 0.2091366 0.4262283
vt 0.2092462 0.4265367
vt 0.1523744 0.360228
vt 0.1523764 0.3597871
vt 0.1527183 0.3598565
vt 0.1527167 0.3601838
vt 0.1531591 0.2005121
vt 0.1532771 0.2000872
vt 0.1535886 0.2002441
vt 0.153501 0.2005594
vt 0.2044674 0.02280518
vt 0.2047117 0.02243809
vt 0.204959 0.02268412
vt 0.2047776 0.02295659
vt 0.3285695 -0.03771295
vt 0.3289696 -0.03789828
vt 0.3290519 -0.03755929
vt 0.3287549 -0.03742176
vt 0.4051809 0.1916873
vt 0.4055732 0.1918887
vt 0.4053566 0.1921621
vt 0.4050654 0.1920126
vt 0.3862977 0.2893431
vt 0.38647 0.2896259
vt 0.3861368 0.2897289
vt 0.3860451 0.2895784
vt 0.3570434 0.2867916
vt 0.3570722 0.2871215
vt 0.3567279 0.2870657
vt 0.3567125 0.2868902
vt 0.3511195 0.2195669
vt 0.351016 0.2198815
vt 0.3507215 0.2196945
vt 0.3507766 0.2195271
vt 0.3730164 0.1508142
vt 0.3727884 0.1510543
vt 0.372602 0.1507594
vt 0.3727233 0.1506317
vt 0.4060465 0.1633917
vt 0.4057246 0.16347
vt 0.4057278 0.1631212
vt 0.405899 0.1630795
vt 0.3886638 0.2760905
vt 0.3883669 0.2759438
vt 0.3885934 0.2756785
vt 0.3887514 0.2757565
vt 0.3206803 0.3510343
vt 0.3205231 0.3507428
vt 0.3208614 0.3506576
vt 0.320945 0.3508127
vt 0.2756626 0.3227122
vt 0.275654 0.3223811
vt 0.2759942 0.3224578
vt 0.2759989 0.3226339
vt 0.2730496 0.2292607
vt 0.2731723 0.2289531
vt 0.2734547 0.2291578
vt 0.2733894 0.2293214
vt 0.3107851 0.1342762
vt 0.3110264 0.1340493
vt 0.3111958 0.1343543
vt 0.3110674 0.134475
vt 0.3747758 0.1167049
vt 0.3750998 0.116637
vt 0.3750855 0.1169855
vt 0.3749131 0.1170216
vt 0.4091927 0.2053645
vt 0.4094925 0.2055054
vt 0.4092712 0.205775
vt 0.4091117 0.2057
vt 0.40798 0.2568343
vt 0.4080791 0.2569821
vt 0.4077489 0.2570907
vt 0.4028975 0.26021
vt 0.4029123 0.2603874
vt 0.402571 0.260322
vt 0.4017948 0.2459738
vt 0.401724 0.2461371
vt 0.4014542 0.2459179
vt 0.4063724 0.233704
vt 0.4062311 0.2338123
vt 0.4061018 0.2334896
vt 0.4089636 0.2431104
vt 0.4087867 0.2431304
vt 0.4088423 0.2427872
vt 0.3989528 0.2713656
vt 0.3987927 0.2712878
vt 0.3990234 0.2710277
vt 0.3782451 0.291288
vt 0.3781494 0.2911379
vt 0.378482 0.2910369
vt 0.3615087 0.2828948
vt 0.3614994 0.282717
vt 0.3618386 0.2827932
vt 0.3597305 0.2521318
vt 0.3598067 0.2519709
vt 0.3600692 0.2521988
vt 0.3736181 0.2220657
vt 0.3737621 0.2219612
vt 0.373883 0.2222871
vt 0.3942628 0.2154961
vt 0.3944399 0.2154782
vt 0.3943803 0.2158207
vt 0.4076618 0.2346908
vt 0.4078225 0.2347674
vt 0.4075937 0.2350292
vt 0.05682053 0.07936321
vt 0.05682785 0.0795066
vt 0.05355701 0.07967342
vt 0.05354969 0.07953002
vt 0.03974444 -0.1687555
vt 0.03975558 -0.1686124
vt 0.03649031 -0.1683585
vt 0.03647919 -0.1685017
vt -0.07974925 -0.363336
vt -0.07969891 -0.3632015
vt -0.08276611 -0.3620532
vt -0.08281645 -0.3621877
vt -0.1092829 0.4628327
vt -0.1092656 0.4626903
vt -0.1060144 0.463085
vt -0.1060317 0.4632275
vt -0.07915788 0.4464975
vt -0.07914944 0.4463542
vt -0.07588001 0.4465472
vt -0.07588848 0.4466905
vt -0.06720101 0.3046228
vt -0.06719421 0.3044794
vt -0.06392278 0.3046345
vt -0.06392956 0.3047779
vt -0.05682053 0.07936316
vt -0.05681321 0.07921977
vt -0.05354236 0.07938659
vt -0.05354968 0.07952999
vt -0.0397444 -0.1687556
vt -0.03973328 -0.1688988
vt -0.03646801 -0.1686449
vt -0.03647915 -0.1685018
vt 0.07974936 -0.3633359
vt 0.0797997 -0.3634704
vt 0.08286689 -0.3623221
vt 0.08281656 -0.3621876
vt 0.1092829 0.4628327
vt 0.1093003 0.4629753
vt 0.106049 0.46337
vt 0.1060317 0.4632275
vt 0.07915789 0.4464975
vt 0.07916637 0.4466408
vt 0.07589693 0.4468338
vt 0.07588849 0.4466906
vt 0.06720103 0.3046227
vt 0.06720781 0.3047661
vt 0.06393639 0.3049212
vt 0.06392958 0.3047778
vt -0.4042158 0.2587462
vt -0.4041596 0.2586085
vt -0.4040422 0.2585175
vt -0.4038948 0.2584974
vt -0.4037572 0.2585536
vt -0.4036662 0.258671
vt -0.4036461 0.2588183
vt -0.4037023 0.2589559
vt -0.4038197 0.259047
vt -0.403967 0.2590671
vt -0.4041046 0.2590109
vt -0.4041956 0.2588934
vt 0.04678656 -0.04590464
vt 0.04679539 -0.04575626
vt 0.04403834 -0.04559224
vt 0.04402951 -0.04574062
vt 0.01496963 -0.2801715
vt 0.01498798 -0.280024
vt 0.01224715 -0.2796831
vt 0.01222882 -0.2798307
vt -0.1894444 0.3950598
vt -0.1893956 0.3949193
vt -0.1867864 0.395825
vt -0.1868351 0.3959654
vt -0.08584718 0.4726802
vt -0.08583581 0.4725319
vt -0.08308197 0.4727432
vt -0.08309334 0.4728914
vt -0.06926765 0.3893537
vt -0.06926008 0.3892052
vt -0.06650173 0.3893453
vt -0.06650926 0.3894938
vt -0.05893784 0.1991853
vt -0.05893081 0.1990369
vt -0.05617198 0.1991678
vt -0.05617903 0.1993162
vt -0.04679536 -0.04575634
vt -0.04678653 -0.04590472
vt -0.04402947 -0.0457407
vt -0.0440383 -0.04559233
vt -0.01498787 -0.280024
vt -0.01496952 -0.2801715
vt -0.01222872 -0.2798307
vt -0.01224705 -0.2796831
vt 0.189395 0.3949198
vt 0.1894437 0.3950602
vt 0.1868345 0.3959659
vt 0.1867857 0.3958254
vt 0.08583588 0.4725319
vt 0.08584725 0.4726802
vt 0.08309342 0.4728914
vt 0.08308204 0.4727433
vt 0.06926016 0.3892058
vt 0.06926768 0.3893542
vt 0.06650931 0.3894943
vt 0.06650177 0.3893458
vt 0.0589307 0.1990355
vt 0.05893776 0.199184
vt 0.05617893 0.1993149
vt 0.05617188 0.1991664
vt 0.4041951 0.2588934
vt 0.4041041 0.2590109
vt 0.4039664 0.259067
vt 0.4038192 0.2590469
vt 0.4037017 0.2589558
vt 0.4036456 0.2588182
vt 0.4036656 0.258671
vt 0.4037567 0.2585535
vt 0.4038944 0.2584973
vt 0.4040416 0.2585174
vt 0.4041591 0.2586085
vt 0.4042152 0.2587461
vt -0.1303676 0.3682005
vt -0.1305177 0.3685114
vt -0.130653 0.3683947
vt -0.1303676 0.3682005
vt -0.1303422 0.3685448
vt -0.1305177 0.3685114
vt -0.1303676 0.3682005
vt -0.1301734 0.3684859
vt -0.1303422 0.3685448
vt -0.1303676 0.3682005
vt -0.1300567 0.3683506
vt -0.1301734 0.3684859
vt -0.1303676 0.3682005
vt -0.1300233 0.3681751
vt -0.1300567 0.3683506
vt -0.1303676 0.3682005
vt -0.1300822 0.3680063
vt -0.1300233 0.3681751
vt -0.1303676 0.3682005
vt -0.1302175 0.3678896
vt -0.1300822 0.3680063
vt -0.1303676 0.3682005
vt -0.1303931 0.3678562
vt -0.1302175 0.3678896
vt -0.1303676 0.3682005
vt -0.1305618 0.3679151
vt -0.1303931 0.3678562
vt -0.1303676 0.3682005
vt -0.1306785 0.3680504
vt -0.1305618 0.3679151
vt -0.1303676 0.3682005
vt -0.1307119 0.3682259
vt -0.1306785 0.3680504
vt -0.1303676 0.3682005
vt -0.130653 0.3683947
vt -0.1307119 0.3682259
vt -0.0117441 0.3024779
vt -0.01160358 0.3025872
vt -0.011752 0.3028958
vt -0.01201611 0.3026904
vt -0.06982795 0.258605
vt -0.06965275 0.2586364
vt -0.06964063 0.2589786
vt -0.06996991 0.2589197
vt -0.1403425 0.2460056
vt -0.1401734 0.2459502
vt -0.1400006 0.2462458
vt -0.1403185 0.24635
vt -0.2044143 0.26647
vt -0.2042913 0.2663414
vt -0.2039994 0.2665205
vt -0.2042306 0.2667623
vt -0.2479109 0.304824
vt -0.2478613 0.304653
vt -0.2475197 0.3046768
vt -0.2476128 0.3049981
vt -0.2650822 0.3451717
vt -0.2651172 0.3449972
vt -0.2648033 0.3448604
vt -0.2647374 0.3451884
vt -0.2520084 0.3833514
vt -0.2521242 0.3832161
vt -0.2519168 0.3829435
vt -0.2516993 0.3831977
vt -0.2017383 0.4213992
vt -0.2019088 0.4213481
vt -0.2018818 0.4210067
vt -0.2015614 0.4211028
vt -0.1174299 0.4487481
vt -0.1175979 0.4488068
vt -0.1177766 0.4485146
vt -0.1174608 0.4484042
vt -0.03347765 0.4459682
vt -0.03358077 0.4461132
vt -0.03389548 0.4459782
vt -0.03370169 0.4457055
vt 0.01431818 0.4126579
vt 0.01430645 0.4128355
vt 0.01396765 0.4128855
vt 0.01398969 0.4125517
vt 0.01937672 0.3601808
vt 0.01945121 0.3603424
vt 0.01917742 0.3605482
vt 0.0190374 0.3602444
vt 0.1018261 0.2140124
vt 0.1020792 0.2142259
vt 0.101896 0.2145138
vt 0.101555 0.2142261
vt -0.008310745 0.1165173
vt -0.007989323 0.1165969
vt -0.008026429 0.1169361
vt -0.008459484 0.1168288
vt -0.1503513 0.09672673
vt -0.1500328 0.09663612
vt -0.1498964 0.09694891
vt -0.1503256 0.09707098
vt -0.2694152 0.1634254
vt -0.2691809 0.1631914
vt -0.2689097 0.1633985
vt -0.2692254 0.1637138
vt -0.3363001 0.2489522
vt -0.3361868 0.2486411
vt -0.3358535 0.2487139
vt -0.3360061 0.2491331
vt -0.3631467 0.3025298
vt -0.3631596 0.3021989
vt -0.3628235 0.3021402
vt -0.3628061 0.302586
vt -0.3598145 0.3298034
vt -0.3599588 0.3295053
vt -0.3596744 0.3293169
vt -0.3594798 0.3297184
vt -0.2992234 0.385483
vt -0.2995065 0.3853113
vt -0.2993701 0.3849985
vt -0.2989887 0.3852299
vt -0.09350344 0.4795558
vt -0.09381594 0.4796654
vt -0.09397089 0.4793614
vt -0.09354988 0.4792138
vt 0.1087292 0.4702066
vt 0.1085911 0.4705076
vt 0.1082647 0.470408
vt 0.1084508 0.4700025
vt 0.1717223 0.4126435
vt 0.1717483 0.4129737
vt 0.1714147 0.4130456
vt 0.1713797 0.4126009
vt 0.1616366 0.3262067
vt 0.1617877 0.3265014
vt 0.1615076 0.3266962
vt 0.161304 0.3262992
vt 0.2118302 0.1338096
vt 0.2121288 0.1341341
vt 0.211887 0.1343766
vt 0.2115474 0.1340076
vt 0.06711883 -0.0304944
vt 0.06752609 -0.03032536
vt 0.06740846 -0.03000373
vt 0.06694533 -0.03019596
vt -0.1634332 -0.06062607
vt -0.1630034 -0.06072465
vt -0.1629126 -0.06039443
vt -0.1634014 -0.06028232
vt -0.3329982 0.08659513
vt -0.3326917 0.08627805
vt -0.3324355 0.08650532
vt -0.332784 0.08686588
vt -0.3949129 0.2214026
vt -0.3947467 0.2209941
vt -0.3944243 0.2211095
vt -0.3946132 0.221574
vt -0.4124478 0.2617522
vt -0.4123939 0.2613145
vt -0.4120525 0.2613418
vt -0.4121138 0.2618395
vt -0.4161815 0.2228832
vt -0.4162313 0.2224451
vt -0.415893 0.2223918
vt -0.4158363 0.22289
vt -0.408918 0.1887617
vt -0.409118 0.1883687
vt -0.4088197 0.1882005
vt -0.4085923 0.1886474
vt 0.001546891 0.4606527
vt 0.001156712 0.4608582
vt 0.0009843406 0.4605622
vt 0.001428042 0.4603286
vt 0.2987211 0.3829609
vt 0.2986904 0.3834008
vt 0.298348 0.3833916
vt 0.298383 0.3828913
vt 0.3089536 0.3622616
vt 0.3090506 0.3626917
vt 0.3087201 0.3627814
vt 0.3086097 0.3622922
vt 0.2802505 0.2831674
vt 0.280445 0.2835632
vt 0.2801444 0.2837272
vt 0.2799233 0.2832772
vt 0.3151647 0.09503699
vt 0.315417 0.09546579
vt 0.3151117 0.09562685
vt 0.3148593 0.09519805
vt 0.1783939 -0.1383416
vt 0.1787826 -0.1380309
vt 0.1785547 -0.1377716
vt 0.1781661 -0.1380823
vt -0.1879086 -0.2022756
vt -0.18742 -0.2023694
vt -0.1873708 -0.2020277
vt -0.1878594 -0.2019339
vt -0.3939518 0.07708018
vt -0.3936459 0.07668775
vt -0.3933838 0.0769124
vt -0.3936897 0.07730482
vt -0.418106 0.2351066
vt -0.4179194 0.2346454
vt -0.4176057 0.2347896
vt -0.4177923 0.2352508
vt -0.4117636 0.2417031
vt -0.4116313 0.2412234
vt -0.4113031 0.2413306
vt -0.4114355 0.2418102
vt -0.3946869 0.1257542
vt -0.3945702 0.1252706
vt -0.3942387 0.1253671
vt -0.3943555 0.1258507
vt -0.345332 -0.0983458
vt -0.3451613 -0.09881315
vt -0.3448429 -0.09867978
vt -0.3450136 -0.09821244
vt 0.2865343 -0.2567653
vt 0.2869977 -0.256584
vt 0.2868571 -0.2562688
vt 0.2863938 -0.25645
vt 0.414183 0.1897336
vt 0.4143676 0.1901956
vt 0.4140414 0.1903086
vt 0.4138568 0.1898466
vt 0.3934602 0.2895702
vt 0.3936217 0.2900408
vt 0.3932903 0.2901376
vt 0.3931288 0.289667
vt 0.3657392 0.2502962
vt 0.3659262 0.2507572
vt 0.3656006 0.250872
vt 0.3654136 0.2504109
vt 0.394687 0.1257543
vt 0.3948037 0.1262379
vt 0.3944582 0.1262761
vt 0.3943555 0.1258508
vt 0.3453321 -0.09834564
vt 0.3455028 -0.09787829
vt 0.3451638 -0.09780129
vt 0.3450137 -0.09821228
vt -0.2865344 -0.2567653
vt -0.286071 -0.2569465
vt -0.2859864 -0.2566094
vt -0.2863938 -0.25645
vt -0.4141831 0.1897336
vt -0.4139985 0.1892716
vt -0.4136945 0.1894404
vt -0.4138568 0.1898467
vt -0.3934602 0.2895702
vt -0.3932987 0.2890996
vt -0.3929868 0.2892532
vt -0.3931288 0.289667
vt -0.3657393 0.2502962
vt -0.3655523 0.2498351
vt -0.3652493 0.2500055
vt -0.3654137 0.2504109
vt -0.3151646 0.09503695
vt -0.3149123 0.09460817
vt -0.3146374 0.09482095
vt -0.3148593 0.09519804
vt -0.1783938 -0.1383417
vt -0.1780052 -0.1386524
vt -0.1778242 -0.1383556
vt -0.1781659 -0.1380824
vt 0.1879087 -0.2022755
vt 0.1883973 -0.2021818
vt 0.1882892 -0.2018514
vt 0.1878595 -0.2019339
vt 0.3939517 0.07708015
vt 0.3942576 0.07747256
vt 0.3939586 0.07764988
vt 0.3936896 0.0773048
vt 0.4181059 0.2351065
vt 0.4182926 0.2355678
vt 0.4179564 0.2356563
vt 0.4177923 0.2352507
vt 0.4117636 0.241703
vt 0.4118959 0.2421826
vt 0.4115518 0.242232
vt 0.4114354 0.2418102
vt 0.4161814 0.2228832
vt 0.4161316 0.2233214
vt 0.4157993 0.2232153
vt 0.4158363 0.2228901
vt 0.408918 0.1887618
vt 0.408718 0.1891548
vt 0.4084438 0.1889392
vt 0.4085923 0.1886475
vt -0.001546721 0.4606527
vt -0.0019369 0.4604473
vt -0.001717465 0.4601761
vt -0.001427859 0.4603286
vt -0.2987211 0.3829609
vt -0.2987518 0.3825211
vt -0.2984058 0.3825649
vt -0.2983829 0.3828914
vt -0.3089535 0.3622616
vt -0.3088564 0.3618315
vt -0.3085376 0.361973
vt -0.3086097 0.3622923
vt -0.2802505 0.2831675
vt -0.2800561 0.2827718
vt -0.2797789 0.2829836
vt -0.2799233 0.2832773
vt -0.2118301 0.1338096
vt -0.2115315 0.1334852
vt -0.2113256 0.1337668
vt -0.2115473 0.1340076
vt -0.06711873 -0.03049441
vt -0.06671146 -0.03066345
vt -0.06664293 -0.03032143
vt -0.06694521 -0.03019597
vt 0.1634332 -0.060626
vt 0.163863 -0.06052741
vt 0.1637204 -0.06020908
vt 0.1634014 -0.06028225
vt 0.3329981 0.08659513
vt 0.3333046 0.0869122
vt 0.3330114 0.08710121
vt 0.332784 0.08686588
vt 0.3949129 0.2214026
vt 0.395079 0.221811
vt 0.3947366 0.2218771
vt 0.3946132 0.221574
vt 0.4124478 0.2617522
vt 0.4125018 0.2621898
vt 0.4121539 0.2621644
vt 0.4121138 0.2618395
vt 0.3598144 0.3298034
vt 0.3596701 0.3301014
vt 0.359403 0.329877
vt 0.3594798 0.3297184
vt 0.2992235 0.385483
vt 0.2989403 0.3856547
vt 0.2988381 0.3853212
vt 0.2989888 0.3852299
vt 0.09350346 0.4795559
vt 0.09319096 0.4794463
vt 0.09338362 0.4791555
vt 0.09354989 0.4792138
vt -0.1087293 0.4702067
vt -0.1088674 0.4699057
vt -0.1085244 0.4698424
vt -0.1084509 0.4700025
vt -0.1717223 0.4126435
vt -0.1716963 0.4123134
vt -0.1713659 0.4124252
vt -0.1713797 0.4126009
vt -0.1616367 0.3262068
vt -0.1614856 0.3259121
vt -0.1612237 0.3261425
vt -0.1613041 0.3262993
vt -0.1018261 0.2140124
vt -0.101573 0.2137988
vt -0.1014203 0.2141124
vt -0.101555 0.2142261
vt 0.008310828 0.1165172
vt 0.00863225 0.1164376
vt 0.008630568 0.1167864
vt 0.00845955 0.1168288
vt 0.1503513 0.09672673
vt 0.1506699 0.09681734
vt 0.1504951 0.0971192
vt 0.1503256 0.09707098
vt 0.2694153 0.1634254
vt 0.2696496 0.1636594
vt 0.2693501 0.1638383
vt 0.2692254 0.1637138
vt 0.3363001 0.2489522
vt 0.3364133 0.2492634
vt 0.3360663 0.2492987
vt 0.336006 0.2491331
vt 0.3631467 0.3025299
vt 0.3631338 0.3028608
vt 0.3627992 0.3027621
vt 0.3628061 0.302586
vt 0.2520084 0.3833513
vt 0.2518926 0.3834866
vt 0.2516993 0.3831977
vt 0.2017383 0.4213992
vt 0.2015678 0.4214503
vt 0.2015614 0.4211028
vt 0.1174299 0.448748
vt 0.1172619 0.4486893
vt 0.1174608 0.4484042
vt 0.0334777 0.4459681
vt 0.03337459 0.445823
vt 0.03370173 0.4457055
vt -0.01431814 0.4126579
vt -0.01432986 0.4124803
vt -0.01398966 0.4125518
vt -0.01937665 0.3601809
vt -0.01930216 0.3600192
vt -0.01903735 0.3602444
vt 0.01174416 0.3024779
vt 0.01188468 0.3023687
vt 0.01201617 0.3026905
vt 0.06982799 0.2586051
vt 0.0700032 0.2585737
vt 0.06996996 0.2589197
vt 0.1403425 0.2460057
vt 0.1405117 0.246061
vt 0.1403185 0.24635
vt 0.2044143 0.2664701
vt 0.2045373 0.2665988
vt 0.2042305 0.2667623
vt 0.2479108 0.304824
vt 0.2479603 0.3049949
vt 0.2476127 0.3049981
vt 0.2650822 0.3451717
vt 0.2650471 0.3453462
vt 0.2647373 0.3451884
vt -0.1550832 0.3911988
vt -0.1552114 0.3912635
vt -0.1566873 0.3883398
vt -0.1565591 0.3882751
vt 0.03144956 0.3153294
vt 0.03133034 0.3154095
vt 0.02950494 0.3126902
vt 0.02962415 0.3126102
vt 0.1999393 0.2028297
vt 0.1998194 0.2029086
vt 0.1980193 0.2001725
vt 0.1981392 0.2000936
vt 0.3411114 0.1487216
vt 0.3409814 0.1487825
vt 0.3395926 0.1458165
vt 0.3397226 0.1457556
vt 0.4082955 0.2200806
vt 0.4081536 0.2201024
vt 0.407658 0.216865
vt 0.4077999 0.2168432
vt 0.3320002 0.3524524
vt 0.3318595 0.3524238
vt 0.3325112 0.3492143
vt 0.3326519 0.3492428
vt 0.1550832 0.3911988
vt 0.154955 0.3911341
vt 0.1564309 0.3882104
vt 0.1565591 0.3882751
vt -0.03144964 0.3153293
vt -0.03156886 0.3152493
vt -0.02974345 0.3125301
vt -0.02962423 0.3126101
vt -0.1999393 0.2028297
vt -0.2000592 0.2027508
vt -0.1982592 0.2000147
vt -0.1981392 0.2000936
vt -0.3411115 0.1487216
vt -0.3412415 0.1486607
vt -0.3398527 0.1456947
vt -0.3397226 0.1457556
vt -0.4082956 0.2200806
vt -0.4084375 0.2200588
vt -0.4079419 0.2168215
vt -0.4077999 0.2168432
vt -0.3320001 0.3524525
vt -0.3321408 0.3524811
vt -0.3327926 0.3492715
vt -0.3326519 0.3492429
vt -0.3943737 0.06328028
vt -0.3942252 0.0632747
vt -0.3940938 0.06334414
vt -0.3940147 0.06346998
vt -0.3940091 0.06361852
vt -0.3940785 0.06374994
vt -0.3942043 0.06382905
vt -0.3943529 0.06383462
vt -0.3944843 0.06376519
vt -0.3945634 0.06363936
vt -0.394569 0.06349081
vt -0.3944996 0.06335939
vt -0.06170239 0.3607622
vt -0.06182935 0.3608395
vt -0.06326558 0.3584804
vt -0.06313862 0.3584031
vt 0.1164201 0.2549946
vt 0.1162976 0.2550788
vt 0.1147321 0.2528035
vt 0.1148545 0.2527192
vt 0.2738842 0.159887
vt 0.2737558 0.1599618
vt 0.2723648 0.1575758
vt 0.2724932 0.1575009
vt 0.3882178 0.1651276
vt 0.3880763 0.1651731
vt 0.3872306 0.1625438
vt 0.3873721 0.1624983
vt 0.3892041 0.2862181
vt 0.3890555 0.2862142
vt 0.3891269 0.2834533
vt 0.3892755 0.2834571
vt 0.2502903 0.3857215
vt 0.2501507 0.3856704
vt 0.251101 0.3830771
vt 0.2512405 0.3831282
vt 0.06182932 0.3608395
vt 0.06170236 0.3607622
vt 0.06313857 0.358403
vt 0.06326553 0.3584803
vt -0.1162976 0.2550788
vt -0.1164201 0.2549945
vt -0.1148545 0.2527192
vt -0.1147321 0.2528034
vt -0.273756 0.1599618
vt -0.2738844 0.1598869
vt -0.2724934 0.1575008
vt -0.272365 0.1575757
vt -0.3880761 0.1651729
vt -0.3882176 0.1651274
vt -0.387372 0.1624981
vt -0.3872305 0.1625437
vt -0.3890558 0.2862138
vt -0.3892044 0.2862176
vt -0.3892758 0.2834566
vt -0.3891272 0.2834528
vt -0.2501497 0.3856706
vt -0.2502892 0.3857217
vt -0.2512395 0.3831284
vt -0.2510999 0.3830773
vt 0.394498 0.06335604
vt 0.3945674 0.06348746
vt 0.3945618 0.063636
vt 0.3944827 0.06376185
vt 0.3943513 0.06383128
vt 0.3942028 0.06382571
vt 0.3940769 0.0637466
vt 0.3940075 0.06361518
vt 0.3940131 0.06346665
vt 0.3940922 0.0633408
vt 0.3942236 0.06327136
vt 0.3943722 0.06327694
vt -0.3628215 -0.08378728
vt -0.3627107 -0.08387853
vt -0.3606293 -0.08134986
vt -0.3607401 -0.08125864
vt -0.417555 0.196036
vt -0.4174942 0.195906
vt -0.4145272 0.1972927
vt -0.414588 0.1974228
vt -0.4057822 0.26881
vt -0.4057352 0.2686744
vt -0.4026409 0.2697478
vt -0.4026879 0.2698834
vt -0.3831089 0.2003964
vt -0.3830614 0.2002608
vt -0.3799706 0.2013441
vt -0.3800181 0.2014796
vt -0.3355334 0.01503023
vt -0.3354707 0.01490108
vt -0.3325245 0.01633156
vt -0.3325872 0.01646072
vt -0.1401639 -0.2627299
vt -0.140047 -0.2628133
vt -0.1381441 -0.2601478
vt -0.138261 -0.2600643
vt 0.3628215 -0.08378722
vt 0.3629324 -0.08369599
vt 0.360851 -0.08116733
vt 0.3607402 -0.08125857
vt 0.417555 0.1960361
vt 0.4176158 0.1961662
vt 0.4146488 0.1975529
vt 0.414588 0.1974229
vt 0.4057822 0.26881
vt 0.4058292 0.2689457
vt 0.4027349 0.270019
vt 0.4026879 0.2698834
vt 0.3831089 0.2003964
vt 0.3831564 0.2005318
vt 0.3800656 0.2016151
vt 0.3800181 0.2014796
vt 0.3355334 0.01503029
vt 0.3355962 0.01515945
vt 0.33265 0.01658994
vt 0.3325873 0.01646078
vt 0.1401636 -0.2627301
vt 0.1402804 -0.2626467
vt 0.1383776 -0.2599811
vt 0.1382607 -0.2600645
vt -0.1305241 0.3666147
vt -0.1306542 0.3665428
vt -0.1307309 0.3664156
vt -0.1307338 0.366267
vt -0.1306619 0.3661368
vt -0.1305346 0.3660601
vt -0.130386 0.3660572
vt -0.1302559 0.3661291
vt -0.1301791 0.3662564
vt -0.1301763 0.366405
vt -0.1302482 0.3665351
vt -0.1303754 0.3666119
vt -0.4089797 0.09261638
vt -0.4088984 0.09249187
vt -0.4065849 0.09400043
vt -0.4066661 0.09412494
vt -0.4103279 0.2534064
vt -0.4102745 0.2532677
vt -0.4076968 0.2542593
vt -0.4077501 0.254398
vt -0.3928574 0.2516318
vt -0.39281 0.2514909
vt -0.3901925 0.2523724
vt -0.39024 0.2525133
vt -0.3619165 0.1224729
vt -0.361862 0.1223345
vt -0.3592917 0.1233452
vt -0.3593461 0.1234835
vt -0.2755902 -0.1152249
vt -0.2755052 -0.1153468
vt -0.2732389 -0.1137682
vt -0.2733238 -0.1136463
vt 0.1536007 -0.2837765
vt 0.1537491 -0.2837681
vt 0.1535931 -0.2810106
vt 0.1534447 -0.281019
vt 0.4088985 0.09249192
vt 0.4089797 0.09261643
vt 0.4066662 0.094125
vt 0.406585 0.09400049
vt 0.4102746 0.2532677
vt 0.4103279 0.2534064
vt 0.4077501 0.254398
vt 0.4076967 0.2542593
vt 0.3928099 0.2514908
vt 0.3928573 0.2516317
vt 0.3902399 0.2525132
vt 0.3901924 0.2523723
vt 0.3618622 0.122335
vt 0.3619166 0.1224733
vt 0.3593462 0.123484
vt 0.3592919 0.1233457
vt 0.2755058 -0.1153459
vt 0.2755908 -0.1152239
vt 0.2733245 -0.1136453
vt 0.2732395 -0.1137672
vt -0.1537527 -0.2837667
vt -0.1536043 -0.2837751
vt -0.1534483 -0.2810176
vt -0.1535967 -0.2810092
vt 0.1303772 0.3666089
vt 0.1302499 0.3665321
vt 0.1301781 0.366402
vt 0.1301809 0.3662534
vt 0.1302577 0.3661261
vt 0.1303878 0.3660543
vt 0.1305364 0.3660571
vt 0.1306637 0.3661338
vt 0.1307355 0.366264
vt 0.1307327 0.3664126
vt 0.130656 0.3665399
vt 0.1305258 0.3666117
vt 0.3912131 0.09899372
vt 0.3876892 0.1040186
vt 0.3699344 0.09156741
vt 0.3734584 0.08654249
vt -0.1310457 0.4540506
vt -0.1347259 0.4491391
vt -0.1173717 0.4361355
vt -0.1136914 0.4410471
vt -0.3297633 0.186641
vt -0.3322552 0.1810322
vt -0.3124377 0.1722274
vt -0.3099457 0.1778361
vt -0.2787279 0.3620017
vt -0.2848555 0.3616557
vt -0.283633 0.3400047
vt -0.2775053 0.3403507
vt 0.2648557 0.3299632
vt 0.2623311 0.3355573
vt 0.2425652 0.3266371
vt 0.2450898 0.321043
vt 0.3734583 0.08654233
vt 0.3699344 0.09156726
vt 0.3286444 0.06261116
vt 0.3321683 0.05758621
vt -0.2667237 0.1095154
vt -0.2605881 0.109663
vt -0.2588324 0.1155439
vt -0.2638829 0.119031
vt -0.26876 0.1153052
vt -0.1136924 0.441047
vt -0.1173726 0.4361354
vt -0.0770139 0.4058948
vt -0.07333367 0.4108064
vt -0.3099459 0.1778364
vt -0.3124378 0.1722276
vt -0.2663505 0.1517514
vt -0.2638586 0.1573602
vt -0.2775056 0.3403502
vt -0.2836333 0.3400042
vt -0.2807901 0.2896531
vt -0.2746625 0.2899991
vt 0.2450901 0.3210432
vt 0.2425655 0.3266373
vt 0.1965983 0.3058929
vt 0.1991229 0.3002987
vt 0.2687601 0.1153054
vt 0.2638829 0.1190312
vt 0.2588324 0.1155442
vt 0.2605881 0.1096632
vt 0.2667238 0.1095157
o group1460709046
g mesh1460709046
usemtl mat7
f 4/4/1 3/3/1 2/2/1 1/1/1
f 3/8/2 6/7/2 5/6/2 2/5/2
f 6/12/3 8/11/3 7/10/3 5/9/3
f 8/16/4 10/15/4 9/14/4 7/13/4
f 10/20/5 12/19/5 11/18/5 9/17/5
f 12/24/6 14/23/6 13/22/6 11/21/6
f 14/28/7 16/27/7 15/26/7 13/25/7
f 16/32/8 18/31/8 17/30/8 15/29/8
f 18/36/9 20/35/9 19/34/9 17/33/9
f 20/40/10 22/39/10 21/38/10 19/37/10
f 22/44/11 24/43/11 23/42/11 21/41/11
f 24/48/12 4/47/12 1/46/12 23/45/12
f 2/56/13 5/55/13 9/54/13 11/53/13 15/52/13 17/51/13 21/50/13 23/49/13
f 24/64/14 22/63/14 18/62/14 16/61/14 12/60/14 10/59/14 6/58/14 3/57/14
f 11/67/15 13/66/15 15/65/15
f 16/70/16 14/69/16 12/68/16
f 17/73/17 19/72/17 21/71/17
f 22/76/18 20/75/18 18/74/18
f 3/79/19 4/78/19 24/77/19
f 23/82/20 1/81/20 2/80/20
f 5/85/21 7/84/21 9/83/21
f 10/88/22 8/87/22 6/86/22
f 76/268/67 75/267/67 74/266/67 73/265/67
f 75/272/68 78/271/68 77/270/68 74/269/68
f 78/276/69 80/275/69 79/274/69 77/273/69
f 80/280/70 82/279/70 81/278/70 79/277/70
f 82/284/71 84/283/71 83/282/71 81/281/71
f 84/288/72 86/287/72 85/286/72 83/285/72
f 86/292/73 88/291/73 87/290/73 85/289/73
f 88/296/74 90/295/74 89/294/74 87/293/74
f 90/300/75 92/299/75 91/298/75 89/297/75
f 92/304/76 94/303/76 93/302/76 91/301/76
f 94/308/77 96/307/77 95/306/77 93/305/77
f 96/312/78 76/311/78 73/310/78 95/309/78
f 74/320/79 77/319/79 81/318/79 83/317/79 87/316/79 89/315/79 93/314/79 95/313/79
f 96/328/80 94/327/80 90/326/80 88/325/80 84/324/80 82/323/80 78/322/80 75/321/80
f 83/331/81 85/330/81 87/329/81
f 88/334/82 86/333/82 84/332/82
f 89/337/83 91/336/83 93/335/83
f 94/340/84 92/339/84 90/338/84
f 75/343/85 76/342/85 96/341/85
f 95/346/86 73/345/86 74/344/86
f 77/349/87 79/348/87 81/347/87
f 82/352/88 80/351/88 78/350/88
usemtl mat6
f 28/92/23 27/91/23 26/90/23 25/89/23
f 27/96/24 30/95/24 29/94/24 26/93/24
f 30/100/25 32/99/25 31/98/25 29/97/25
f 32/104/26 34/103/26 33/102/26 31/101/26
f 34/108/27 36/107/27 35/106/27 33/105/27
f 36/112/28 38/111/28 37/110/28 35/109/28
f 38/116/29 40/115/29 39/114/29 37/113/29
f 40/120/30 42/119/30 41/118/30 39/117/30
f 42/124/31 44/123/31 43/122/31 41/121/31
f 44/128/32 46/127/32 45/126/32 43/125/32
f 46/132/33 48/131/33 47/130/33 45/129/33
f 48/136/34 28/135/34 25/134/34 47/133/34
f 26/144/35 29/143/35 33/142/35 35/141/35 39/140/35 41/139/35 45/138/35 47/137/35
f 48/152/36 46/151/36 42/150/36 40/149/36 36/148/36 34/147/36 30/146/36 27/145/36
f 35/155/37 37/154/37 39/153/37
f 40/158/38 38/157/38 36/156/38
f 41/161/39 43/160/39 45/159/39
f 46/164/40 44/163/40 42/162/40
f 27/167/41 28/166/41 48/165/41
f 47/170/42 25/169/42 26/168/42
f 29/173/43 31/172/43 33/171/43
f 34/176/44 32/175/44 30/174/44
f 52/180/45 51/179/45 50/178/45 49/177/45
f 51/184/46 54/183/46 53/182/46 50/181/46
f 54/188/47 56/187/47 55/186/47 53/185/47
f 56/192/48 58/191/48 57/190/48 55/189/48
f 58/196/49 60/195/49 59/194/49 57/193/49
f 60/200/50 62/199/50 61/198/50 59/197/50
f 62/204/51 64/203/51 63/202/51 61/201/51
f 64/208/52 66/207/52 65/206/52 63/205/52
f 66/212/53 68/211/53 67/210/53 65/209/53
f 68/216/54 70/215/54 69/214/54 67/213/54
f 70/220/55 72/219/55 71/218/55 69/217/55
f 72/224/56 52/223/56 49/222/56 71/221/56
f 50/232/57 53/231/57 57/230/57 59/229/57 63/228/57 65/227/57 69/226/57 71/225/57
f 72/240/58 70/239/58 66/238/58 64/237/58 60/236/58 58/235/58 54/234/58 51/233/58
f 59/243/59 61/242/59 63/241/59
f 64/246/60 62/245/60 60/244/60
f 65/249/61 67/248/61 69/247/61
f 70/252/62 68/251/62 66/250/62
f 51/255/63 52/254/63 72/253/63
f 71/258/64 49/257/64 50/256/64
f 53/261/65 55/260/65 57/259/65
f 58/264/66 56/263/66 54/262/66
usemtl mat21
f 99/355/89 98/354/89 97/353/89
f 98/358/90 100/357/90 97/356/90
f 100/361/91 101/360/91 97/359/91
f 101/364/92 102/363/92 97/362/92
f 102/367/93 103/366/93 97/365/93
f 103/370/94 104/369/94 97/368/94
f 104/373/95 105/372/95 97/371/95
f 105/376/96 106/375/96 97/374/96
f 106/379/97 107/378/97 97/377/97
f 107/382/98 108/381/98 97/380/98
f 108/385/99 109/384/99 97/383/99
f 109/388/100 99/387/100 97/386/100
f 109/400/101 108/399/101 107/398/101 106/397/101 105/396/101 104/395/101 103/394/101 102/393/101 101/392/101 100/391/101 98/390/101 99/389/101
f 113/404/102 112/403/102 111/402/102 110/401/102
f 112/408/103 115/407/103 114/406/103 111/405/103
f 115/412/104 117/411/104 116/410/104 114/409/104
f 117/416/105 119/415/105 118/414/105 116/413/105
f 119/420/106 121/419/106 120/418/106 118/417/106
f 121/424/107 123/423/107 122/422/107 120/421/107
f 123/428/108 125/427/108 124/426/108 122/425/108
f 125/432/109 127/431/109 126/430/109 124/429/109
f 127/436/110 129/435/110 128/434/110 126/433/110
f 129/440/111 131/439/111 130/438/111 128/437/111
f 131/444/112 133/443/112 132/442/112 130/441/112
f 133/448/113 113/447/113 110/446/113 132/445/113
f 110/460/114 111/459/114 114/458/114 116/457/114 118/456/114 120/455/114 122/454/114 124/453/114 126/452/114 128/451/114 130/450/114 132/449/114
f 135/464/115 134/463/115 112/462/115 113/461/115
f 134/468/116 136/467/116 115/466/116 112/465/116
f 136/472/117 137/471/117 117/470/117 115/469/117
f 137/476/118 138/475/118 119/474/118 117/473/118
f 138/480/119 139/479/119 121/478/119 119/477/119
f 139/484/120 140/483/120 123/482/120 121/481/120
f 140/488/121 141/487/121 125/486/121 123/485/121
f 141/492/122 142/491/122 127/490/122 125/489/122
f 142/496/123 143/495/123 129/494/123 127/493/123
f 143/500/124 144/499/124 131/498/124 129/497/124
f 144/504/125 145/503/125 133/502/125 131/501/125
f 145/508/126 135/507/126 113/506/126 133/505/126
f 145/520/127 144/519/127 143/518/127 142/517/127 141/516/127 140/515/127 139/514/127 138/513/127 137/512/127 136/511/127 134/510/127 135/509/127
f 345/1340/344 344/1339/344 343/1338/344 342/1337/344
f 344/1344/345 347/1343/345 346/1342/345 343/1341/345
f 347/1348/346 349/1347/346 348/1346/346 346/1345/346
f 349/1352/347 351/1351/347 350/1350/347 348/1349/347
f 351/1356/348 353/1355/348 352/1354/348 350/1353/348
f 353/1360/349 355/1359/349 354/1358/349 352/1357/349
f 355/1364/350 357/1363/350 356/1362/350 354/1361/350
f 357/1368/351 359/1367/351 358/1366/351 356/1365/351
f 359/1372/352 361/1371/352 360/1370/352 358/1369/352
f 361/1376/353 363/1375/353 362/1374/353 360/1373/353
f 363/1380/354 365/1379/354 364/1378/354 362/1377/354
f 365/1384/355 345/1383/355 342/1382/355 364/1381/355
f 342/1396/356 343/1395/356 346/1394/356 348/1393/356 350/1392/356 352/1391/356 354/1390/356 356/1389/356 358/1388/356 360/1387/356 362/1386/356 364/1385/356
f 367/1400/357 366/1399/357 344/1398/357 345/1397/357
f 366/1404/358 368/1403/358 347/1402/358 344/1401/358
f 368/1408/359 369/1407/359 349/1406/359 347/1405/359
f 369/1412/360 370/1411/360 351/1410/360 349/1409/360
f 370/1416/361 371/1415/361 353/1414/361 351/1413/361
f 371/1420/362 372/1419/362 355/1418/362 353/1417/362
f 372/1424/363 373/1423/363 357/1422/363 355/1421/363
f 373/1428/364 374/1427/364 359/1426/364 357/1425/364
f 374/1432/365 375/1431/365 361/1430/365 359/1429/365
f 375/1436/366 376/1435/366 363/1434/366 361/1433/366
f 376/1440/367 377/1439/367 365/1438/367 363/1437/367
f 377/1444/368 367/1443/368 345/1442/368 365/1441/368
f 377/1456/369 376/1455/369 375/1454/369 374/1453/369 373/1452/369 372/1451/369 371/1450/369 370/1449/369 369/1448/369 368/1447/369 366/1446/369 367/1445/369
f 577/2276/586 576/2275/586 575/2274/586 574/2273/586
f 576/2280/587 579/2279/587 578/2278/587 575/2277/587
f 579/2284/588 581/2283/588 580/2282/588 578/2281/588
f 581/2288/589 583/2287/589 582/2286/589 580/2285/589
f 583/2292/590 585/2291/590 584/2290/590 582/2289/590
f 585/2296/591 587/2295/591 586/2294/591 584/2293/591
f 587/2300/592 589/2299/592 588/2298/592 586/2297/592
f 589/2304/593 591/2303/593 590/2302/593 588/2301/593
f 591/2308/594 593/2307/594 592/2306/594 590/2305/594
f 593/2312/595 595/2311/595 594/2310/595 592/2309/595
f 595/2316/596 597/2315/596 596/2314/596 594/2313/596
f 597/2320/597 577/2319/597 574/2318/597 596/2317/597
f 574/2332/598 575/2331/598 578/2330/598 580/2329/598 582/2328/598 584/2327/598 586/2326/598 588/2325/598 590/2324/598 592/2323/598 594/2322/598 596/2321/598
f 599/2336/599 598/2335/599 576/2334/599 577/2333/599
f 598/2340/600 600/2339/600 579/2338/600 576/2337/600
f 600/2344/601 601/2343/601 581/2342/601 579/2341/601
f 601/2348/602 602/2347/602 583/2346/602 581/2345/602
f 602/2352/603 603/2351/603 585/2350/603 583/2349/603
f 603/2356/604 604/2355/604 587/2354/604 585/2353/604
f 604/2360/605 605/2359/605 589/2358/605 587/2357/605
f 605/2364/606 606/2363/606 591/2362/606 589/2361/606
f 606/2368/607 607/2367/607 593/2366/607 591/2365/607
f 607/2372/608 608/2371/608 595/2370/608 593/2369/608
f 608/2376/609 609/2375/609 597/2374/609 595/2373/609
f 609/2380/610 599/2379/610 577/2378/610 597/2377/610
f 609/2392/611 608/2391/611 607/2390/611 606/2389/611 605/2388/611 604/2387/611 603/2386/611 602/2385/611 601/2384/611 600/2383/611 598/2382/611 599/2381/611
f 613/2396/612 612/2395/612 611/2394/612 610/2393/612
f 612/2400/613 615/2399/613 614/2398/613 611/2397/613
f 615/2404/614 617/2403/614 616/2402/614 614/2401/614
f 617/2408/615 619/2407/615 618/2406/615 616/2405/615
f 619/2412/616 621/2411/616 620/2410/616 618/2409/616
f 621/2416/617 623/2415/617 622/2414/617 620/2413/617
f 623/2420/618 625/2419/618 624/2418/618 622/2417/618
f 625/2424/619 627/2423/619 626/2422/619 624/2421/619
f 627/2428/620 629/2427/620 628/2426/620 626/2425/620
f 629/2432/621 631/2431/621 630/2430/621 628/2429/621
f 631/2436/622 633/2435/622 632/2434/622 630/2433/622
f 633/2440/623 613/2439/623 610/2438/623 632/2437/623
f 610/2452/624 611/2451/624 614/2450/624 616/2449/624 618/2448/624 620/2447/624 622/2446/624 624/2445/624 626/2444/624 628/2443/624 630/2442/624 632/2441/624
f 635/2456/625 634/2455/625 612/2454/625 613/2453/625
f 634/2460/626 636/2459/626 615/2458/626 612/2457/626
f 636/2464/627 637/2463/627 617/2462/627 615/2461/627
f 637/2468/628 638/2467/628 619/2466/628 617/2465/628
f 638/2472/629 639/2471/629 621/2470/629 619/2469/629
f 639/2476/630 640/2475/630 623/2474/630 621/2473/630
f 640/2480/631 641/2479/631 625/2478/631 623/2477/631
f 641/2484/632 642/2483/632 627/2482/632 625/2481/632
f 642/2488/633 643/2487/633 629/2486/633 627/2485/633
f 643/2492/634 644/2491/634 631/2490/634 629/2489/634
f 644/2496/635 645/2495/635 633/2494/635 631/2493/635
f 645/2500/636 635/2499/636 613/2498/636 633/2497/636
f 645/2512/637 644/2511/637 643/2510/637 642/2509/637 641/2508/637 640/2507/637 639/2506/637 638/2505/637 637/2504/637 636/2503/637 634/2502/637 635/2501/637
f 845/3332/854 844/3331/854 843/3330/854 842/3329/854
f 844/3336/855 847/3335/855 846/3334/855 843/3333/855
f 847/3340/856 849/3339/856 848/3338/856 846/3337/856
f 849/3344/857 851/3343/857 850/3342/857 848/3341/857
f 851/3348/858 853/3347/858 852/3346/858 850/3345/858
f 853/3352/859 855/3351/859 854/3350/859 852/3349/859
f 855/3356/860 857/3355/860 856/3354/860 854/3353/860
f 857/3360/861 859/3359/861 858/3358/861 856/3357/861
f 859/3364/862 861/3363/862 860/3362/862 858/3361/862
f 861/3368/863 863/3367/863 862/3366/863 860/3365/863
f 863/3372/864 865/3371/864 864/3370/864 862/3369/864
f 865/3376/865 845/3375/865 842/3374/865 864/3373/865
f 842/3388/866 843/3387/866 846/3386/866 848/3385/866 850/3384/866 852/3383/866 854/3382/866 856/3381/866 858/3380/866 860/3379/866 862/3378/866 864/3377/866
f 867/3392/867 866/3391/867 844/3390/867 845/3389/867
f 866/3396/868 868/3395/868 847/3394/868 844/3393/868
f 868/3400/869 869/3399/869 849/3398/869 847/3397/869
f 869/3404/870 870/3403/870 851/3402/870 849/3401/870
f 870/3408/871 871/3407/871 853/3406/871 851/3405/871
f 871/3412/872 872/3411/872 855/3410/872 853/3409/872
f 872/3416/873 873/3415/873 857/3414/873 855/3413/873
f 873/3420/874 874/3419/874 859/3418/874 857/3417/874
f 874/3424/875 875/3423/875 861/3422/875 859/3421/875
f 875/3428/876 876/3427/876 863/3426/876 861/3425/876
f 876/3432/877 877/3431/877 865/3430/877 863/3429/877
f 877/3436/878 867/3435/878 845/3434/878 865/3433/878
f 877/3448/879 876/3447/879 875/3446/879 874/3445/879 873/3444/879 872/3443/879 871/3442/879 870/3441/879 869/3440/879 868/3439/879 866/3438/879 867/3437/879
f 979/3860/988 978/3859/988 977/3858/988 976/3857/988
f 978/3864/989 981/3863/989 980/3862/989 977/3861/989
f 981/3868/990 983/3867/990 982/3866/990 980/3865/990
f 983/3872/991 985/3871/991 984/3870/991 982/3869/991
f 985/3876/992 987/3875/992 986/3874/992 984/3873/992
f 987/3880/993 989/3879/993 988/3878/993 986/3877/993
f 989/3884/994 991/3883/994 990/3882/994 988/3881/994
f 991/3888/995 993/3887/995 992/3886/995 990/3885/995
f 993/3892/996 995/3891/996 994/3890/996 992/3889/996
f 995/3896/997 997/3895/997 996/3894/997 994/3893/997
f 997/3900/998 999/3899/998 998/3898/998 996/3897/998
f 999/3904/999 979/3903/999 976/3902/999 998/3901/999
f 976/3916/1000 977/3915/1000 980/3914/1000 982/3913/1000 984/3912/1000 986/3911/1000 988/3910/1000 990/3909/1000 992/3908/1000 994/3907/1000 996/3906/1000 998/3905/1000
f 1001/3920/1001 1000/3919/1001 978/3918/1001 979/3917/1001
f 1000/3924/1002 1002/3923/1002 981/3922/1002 978/3921/1002
f 1002/3928/1003 1003/3927/1003 983/3926/1003 981/3925/1003
f 1003/3932/1004 1004/3931/1004 985/3930/1004 983/3929/1004
f 1004/3936/1005 1005/3935/1005 987/3934/1005 985/3933/1005
f 1005/3940/1006 1006/3939/1006 989/3938/1006 987/3937/1006
f 1006/3944/1007 1007/3943/1007 991/3942/1007 989/3941/1007
f 1007/3948/1008 1008/3947/1008 993/3946/1008 991/3945/1008
f 1008/3952/1009 1009/3951/1009 995/3950/1009 993/3949/1009
f 1009/3956/1010 1010/3955/1010 997/3954/1010 995/3953/1010
f 1010/3960/1011 1011/3959/1011 999/3958/1011 997/3957/1011
f 1011/3964/1012 1001/3963/1012 979/3962/1012 999/3961/1012
f 1011/3976/1013 1010/3975/1013 1009/3974/1013 1008/3973/1013 1007/3972/1013 1006/3971/1013 1005/3970/1013 1004/3969/1013 1003/3968/1013 1002/3967/1013 1000/3966/1013 1001/3965/1013
f 1113/4388/1122 1112/4387/1122 1111/4386/1122 1110/4385/1122
f 1112/4392/1123 1115/4391/1123 1114/4390/1123 1111/4389/1123
f 1115/4396/1124 1117/4395/1124 1116/4394/1124 1114/4393/1124
f 1117/4400/1125 1119/4399/1125 1118/4398/1125 1116/4397/1125
f 1119/4404/1126 1121/4403/1126 1120/4402/1126 1118/4401/1126
f 1121/4408/1127 1123/4407/1127 1122/4406/1127 1120/4405/1127
f 1123/4412/1128 1125/4411/1128 1124/4410/1128 1122/4409/1128
f 1125/4416/1129 1127/4415/1129 1126/4414/1129 1124/4413/1129
f 1127/4420/1130 1129/4419/1130 1128/4418/1130 1126/4417/1130
f 1129/4424/1131 1131/4423/1131 1130/4422/1131 1128/4421/1131
f 1131/4428/1132 1133/4427/1132 1132/4426/1132 1130/4425/1132
f 1133/4432/1133 1113/4431/1133 1110/4430/1133 1132/4429/1133
f 1110/4444/1134 1111/4443/1134 1114/4442/1134 1116/4441/1134 1118/4440/1134 1120/4439/1134 1122/4438/1134 1124/4437/1134 1126/4436/1134 1128/4435/1134 1130/4434/1134 1132/4433/1134
f 1135/4448/1135 1134/4447/1135 1112/4446/1135 1113/4445/1135
f 1134/4452/1136 1136/4451/1136 1115/4450/1136 1112/4449/1136
f 1136/4456/1137 1137/4455/1137 1117/4454/1137 1115/4453/1137
f 1137/4460/1138 1138/4459/1138 1119/4458/1138 1117/4457/1138
f 1138/4464/1139 1139/4463/1139 1121/4462/1139 1119/4461/1139
f 1139/4468/1140 1140/4467/1140 1123/4466/1140 1121/4465/1140
f 1140/4472/1141 1141/4471/1141 1125/4470/1141 1123/4469/1141
f 1141/4476/1142 1142/4475/1142 1127/4474/1142 1125/4473/1142
f 1142/4480/1143 1143/4479/1143 1129/4478/1143 1127/4477/1143
f 1143/4484/1144 1144/4483/1144 1131/4482/1144 1129/4481/1144
f 1144/4488/1145 1145/4487/1145 1133/4486/1145 1131/4485/1145
f 1145/4492/1146 1135/4491/1146 1113/4490/1146 1133/4489/1146
f 1145/4504/1147 1144/4503/1147 1143/4502/1147 1142/4501/1147 1141/4500/1147 1140/4499/1147 1139/4498/1147 1138/4497/1147 1137/4496/1147 1136/4495/1147 1134/4494/1147 1135/4493/1147
f 1149/4508/1148 1148/4507/1148 1147/4506/1148 1146/4505/1148
f 1148/4512/1149 1151/4511/1149 1150/4510/1149 1147/4509/1149
f 1151/4516/1150 1153/4515/1150 1152/4514/1150 1150/4513/1150
f 1153/4520/1151 1155/4519/1151 1154/4518/1151 1152/4517/1151
f 1155/4524/1152 1157/4523/1152 1156/4522/1152 1154/4521/1152
f 1157/4528/1153 1159/4527/1153 1158/4526/1153 1156/4525/1153
f 1159/4532/1154 1161/4531/1154 1160/4530/1154 1158/4529/1154
f 1161/4536/1155 1163/4535/1155 1162/4534/1155 1160/4533/1155
f 1163/4540/1156 1165/4539/1156 1164/4538/1156 1162/4537/1156
f 1165/4544/1157 1167/4543/1157 1166/4542/1157 1164/4541/1157
f 1167/4548/1158 1169/4547/1158 1168/4546/1158 1166/4545/1158
f 1169/4552/1159 1149/4551/1159 1146/4550/1159 1168/4549/1159
f 1146/4564/1160 1147/4563/1160 1150/4562/1160 1152/4561/1160 1154/4560/1160 1156/4559/1160 1158/4558/1160 1160/4557/1160 1162/4556/1160 1164/4555/1160 1166/4554/1160 1168/4553/1160
f 1171/4568/1161 1170/4567/1161 1148/4566/1161 1149/4565/1161
f 1170/4572/1162 1172/4571/1162 1151/4570/1162 1148/4569/1162
f 1172/4576/1163 1173/4575/1163 1153/4574/1163 1151/4573/1163
f 1173/4580/1164 1174/4579/1164 1155/4578/1164 1153/4577/1164
f 1174/4584/1165 1175/4583/1165 1157/4582/1165 1155/4581/1165
f 1175/4588/1166 1176/4587/1166 1159/4586/1166 1157/4585/1166
f 1176/4592/1167 1177/4591/1167 1161/4590/1167 1159/4589/1167
f 1177/4596/1168 1178/4595/1168 1163/4594/1168 1161/4593/1168
f 1178/4600/1169 1179/4599/1169 1165/4598/1169 1163/4597/1169
f 1179/4604/1170 1180/4603/1170 1167/4602/1170 1165/4601/1170
f 1180/4608/1171 1181/4607/1171 1169/4606/1171 1167/4605/1171
f 1181/4612/1172 1171/4611/1172 1149/4610/1172 1169/4609/1172
f 1181/4624/1173 1180/4623/1173 1179/4622/1173 1178/4621/1173 1177/4620/1173 1176/4619/1173 1175/4618/1173 1174/4617/1173 1173/4616/1173 1172/4615/1173 1170/4614/1173 1171/4613/1173
usemtl mat1
f 148/523/128 147/522/128 146/521/128
f 147/526/129 149/525/129 146/524/129
f 149/529/130 150/528/130 146/527/130
f 150/532/131 151/531/131 146/530/131
f 151/535/132 152/534/132 146/533/132
f 152/538/133 153/537/133 146/536/133
f 153/541/134 154/540/134 146/539/134
f 154/544/135 155/543/135 146/542/135
f 155/547/136 156/546/136 146/545/136
f 156/550/137 157/549/137 146/548/137
f 157/553/138 158/552/138 146/551/138
f 158/556/139 148/555/139 146/554/139
f 160/560/140 159/559/140 147/558/140 148/557/140
f 159/564/141 161/563/141 149/562/141 147/561/141
f 161/568/142 162/567/142 150/566/142 149/565/142
f 162/572/143 163/571/143 151/570/143 150/569/143
f 163/576/144 164/575/144 152/574/144 151/573/144
f 164/580/145 165/579/145 153/578/145 152/577/145
f 165/584/146 166/583/146 154/582/146 153/581/146
f 166/588/147 167/587/147 155/586/147 154/585/147
f 167/592/148 168/591/148 156/590/148 155/589/148
f 168/596/149 169/595/149 157/594/149 156/593/149
f 169/600/150 170/599/150 158/598/150 157/597/150
f 170/604/151 160/603/151 148/602/151 158/601/151
f 172/608/152 171/607/152 159/606/152 160/605/152
f 171/612/153 173/611/153 161/610/153 159/609/153
f 173/616/154 174/615/154 162/614/154 161/613/154
f 174/620/155 175/619/155 163/618/155 162/617/155
f 175/624/156 176/623/156 164/622/156 163/621/156
f 176/628/157 177/627/157 165/626/157 164/625/157
f 177/632/158 178/631/158 166/630/158 165/629/158
f 178/636/159 179/635/159 167/634/159 166/633/159
f 179/640/160 180/639/160 168/638/160 167/637/160
f 180/644/161 181/643/161 169/642/161 168/641/161
f 181/648/162 182/647/162 170/646/162 169/645/162
f 182/652/163 172/651/163 160/650/163 170/649/163
f 184/656/164 183/655/164 171/654/164 172/653/164
f 183/660/165 185/659/165 173/658/165 171/657/165
f 185/664/166 186/663/166 174/662/166 173/661/166
f 186/668/167 187/667/167 175/666/167 174/665/167
f 187/672/168 188/671/168 176/670/168 175/669/168
f 188/676/169 189/675/169 177/674/169 176/673/169
f 189/680/170 190/679/170 178/678/170 177/677/170
f 190/684/171 191/683/171 179/682/171 178/681/171
f 191/688/172 192/687/172 180/686/172 179/685/172
f 192/692/173 193/691/173 181/690/173 180/689/173
f 193/696/174 194/695/174 182/694/174 181/693/174
f 194/700/175 184/699/175 172/698/175 182/697/175
f 196/704/176 195/703/176 183/702/176 184/701/176
f 195/708/177 197/707/177 185/706/177 183/705/177
f 197/712/178 198/711/178 186/710/178 185/709/178
f 198/716/179 199/715/179 187/714/179 186/713/179
f 199/720/180 200/719/180 188/718/180 187/717/180
f 200/724/181 201/723/181 189/722/181 188/721/181
f 201/728/182 202/727/182 190/726/182 189/725/182
f 202/732/183 203/731/183 191/730/183 190/729/183
f 203/736/184 204/735/184 192/734/184 191/733/184
f 204/740/185 205/739/185 193/738/185 192/737/185
f 205/744/186 206/743/186 194/742/186 193/741/186
f 206/748/187 196/747/187 184/746/187 194/745/187
f 208/752/188 207/751/188 195/750/188 196/749/188
f 207/756/189 209/755/189 197/754/189 195/753/189
f 209/760/190 210/759/190 198/758/190 197/757/190
f 210/764/191 211/763/191 199/762/191 198/761/191
f 211/768/192 212/767/192 200/766/192 199/765/192
f 212/772/193 213/771/193 201/770/193 200/769/193
f 213/776/194 214/775/194 202/774/194 201/773/194
f 214/780/195 215/779/195 203/778/195 202/777/195
f 215/784/196 216/783/196 204/782/196 203/781/196
f 216/788/197 217/787/197 205/786/197 204/785/197
f 217/792/198 218/791/198 206/790/198 205/789/198
f 218/796/199 208/795/199 196/794/199 206/793/199
f 220/800/200 219/799/200 207/798/200 208/797/200
f 219/804/201 221/803/201 209/802/201 207/801/201
f 221/808/202 222/807/202 210/806/202 209/805/202
f 222/812/203 223/811/203 211/810/203 210/809/203
f 223/816/204 224/815/204 212/814/204 211/813/204
f 224/820/205 225/819/205 213/818/205 212/817/205
f 225/824/206 226/823/206 214/822/206 213/821/206
f 226/828/207 227/827/207 215/826/207 214/825/207
f 227/832/208 228/831/208 216/830/208 215/829/208
f 228/836/209 229/835/209 217/834/209 216/833/209
f 229/840/210 230/839/210 218/838/210 217/837/210
f 230/844/211 220/843/211 208/842/211 218/841/211
f 232/848/212 231/847/212 219/846/212 220/845/212
f 231/852/213 233/851/213 221/850/213 219/849/213
f 233/856/214 234/855/214 222/854/214 221/853/214
f 234/860/215 235/859/215 223/858/215 222/857/215
f 235/864/216 236/863/216 224/862/216 223/861/216
f 236/868/217 237/867/217 225/866/217 224/865/217
f 237/872/218 238/871/218 226/870/218 225/869/218
f 238/876/219 239/875/219 227/874/219 226/873/219
f 239/880/220 240/879/220 228/878/220 227/877/220
f 240/884/221 241/883/221 229/882/221 228/881/221
f 241/888/222 242/887/222 230/886/222 229/885/222
f 242/892/223 232/891/223 220/890/223 230/889/223
f 243/895/224 231/894/224 232/893/224
f 243/898/225 233/897/225 231/896/225
f 243/901/226 234/900/226 233/899/226
f 243/904/227 235/903/227 234/902/227
f 243/907/228 236/906/228 235/905/228
f 243/910/229 237/909/229 236/908/229
f 243/913/230 238/912/230 237/911/230
f 243/916/231 239/915/231 238/914/231
f 243/919/232 240/918/232 239/917/232
f 243/922/233 241/921/233 240/920/233
f 243/925/234 242/924/234 241/923/234
f 243/928/235 232/927/235 242/926/235
f 246/931/236 245/930/236 244/929/236
f 245/934/237 247/933/237 244/932/237
f 247/937/238 248/936/238 244/935/238
f 248/940/239 249/939/239 244/938/239
f 249/943/240 250/942/240 244/941/240
f 250/946/241 251/945/241 244/944/241
f 251/949/242 252/948/242 244/947/242
f 252/952/243 253/951/243 244/950/243
f 253/955/244 254/954/244 244/953/244
f 254/958/245 255/957/245 244/956/245
f 255/961/246 256/960/246 244/959/246
f 256/964/247 246/963/247 244/962/247
f 258/968/248 257/967/248 245/966/248 246/965/248
f 257/972/249 259/971/249 247/970/249 245/969/249
f 259/976/250 260/975/250 248/974/250 247/973/250
f 260/980/251 261/979/251 249/978/251 248/977/251
f 261/984/252 262/983/252 250/982/252 249/981/252
f 262/988/253 263/987/253 251/986/253 250/985/253
f 263/992/254 264/991/254 252/990/254 251/989/254
f 264/996/255 265/995/255 253/994/255 252/993/255
f 265/1000/256 266/999/256 254/998/256 253/997/256
f 266/1004/257 267/1003/257 255/1002/257 254/1001/257
f 267/1008/258 268/1007/258 256/1006/258 255/1005/258
f 268/1012/259 258/1011/259 246/1010/259 256/1009/259
f 270/1016/260 269/1015/260 257/1014/260 258/1013/260
f 269/1020/261 271/1019/261 259/1018/261 257/1017/261
f 271/1024/262 272/1023/262 260/1022/262 259/1021/262
f 272/1028/263 273/1027/263 261/1026/263 260/1025/263
f 273/1032/264 274/1031/264 262/1030/264 261/1029/264
f 274/1036/265 275/1035/265 263/1034/265 262/1033/265
f 275/1040/266 276/1039/266 264/1038/266 263/1037/266
f 276/1044/267 277/1043/267 265/1042/267 264/1041/267
f 277/1048/268 278/1047/268 266/1046/268 265/1045/268
f 278/1052/269 279/1051/269 267/1050/269 266/1049/269
f 279/1056/270 280/1055/270 268/1054/270 267/1053/270
f 280/1060/271 270/1059/271 258/1058/271 268/1057/271
f 282/1064/272 281/1063/272 269/1062/272 270/1061/272
f 281/1068/273 283/1067/273 271/1066/273 269/1065/273
f 283/1072/274 284/1071/274 272/1070/274 271/1069/274
f 284/1076/275 285/1075/275 273/1074/275 272/1073/275
f 285/1080/276 286/1079/276 274/1078/276 273/1077/276
f 286/1084/277 287/1083/277 275/1082/277 274/1081/277
f 287/1088/278 288/1087/278 276/1086/278 275/1085/278
f 288/1092/279 289/1091/279 277/1090/279 276/1089/279
f 289/1096/280 290/1095/280 278/1094/280 277/1093/280
f 290/1100/281 291/1099/281 279/1098/281 278/1097/281
f 291/1104/282 292/1103/282 280/1102/282 279/1101/282
f 292/1108/283 282/1107/283 270/1106/283 280/1105/283
f 294/1112/284 293/1111/284 281/1110/284 282/1109/284
f 293/1116/285 295/1115/285 283/1114/285 281/1113/285
f 295/1120/286 296/1119/286 284/1118/286 283/1117/286
f 296/1124/287 297/1123/287 285/1122/287 284/1121/287
f 297/1128/288 298/1127/288 286/1126/288 285/1125/288
f 298/1132/289 299/1131/289 287/1130/289 286/1129/289
f 299/1136/290 300/1135/290 288/1134/290 287/1133/290
f 300/1140/291 301/1139/291 289/1138/291 288/1137/291
f 301/1144/292 302/1143/292 290/1142/292 289/1141/292
f 302/1148/293 303/1147/293 291/1146/293 290/1145/293
f 303/1152/294 304/1151/294 292/1150/294 291/1149/294
f 304/1156/295 294/1155/295 282/1154/295 292/1153/295
f 306/1160/296 305/1159/296 293/1158/296 294/1157/296
f 305/1164/297 307/1163/297 295/1162/297 293/1161/297
f 307/1168/298 308/1167/298 296/1166/298 295/1165/298
f 308/1172/299 309/1171/299 297/1170/299 296/1169/299
f 309/1176/300 310/1175/300 298/1174/300 297/1173/300
f 310/1180/301 311/1179/301 299/1178/301 298/1177/301
f 311/1184/302 312/1183/302 300/1182/302 299/1181/302
f 312/1188/303 313/1187/303 301/1186/303 300/1185/303
f 313/1192/304 314/1191/304 302/1190/304 301/1189/304
f 314/1196/305 315/1195/305 303/1194/305 302/1193/305
f 315/1200/306 316/1199/306 304/1198/306 303/1197/306
f 316/1204/307 306/1203/307 294/1202/307 304/1201/307
f 318/1208/308 317/1207/308 305/1206/308 306/1205/308
f 317/1212/309 319/1211/309 307/1210/309 305/1209/309
f 319/1216/310 320/1215/310 308/1214/310 307/1213/310
f 320/1220/311 321/1219/311 309/1218/311 308/1217/311
f 321/1224/312 322/1223/312 310/1222/312 309/1221/312
f 322/1228/313 323/1227/313 311/1226/313 310/1225/313
f 323/1232/314 324/1231/314 312/1230/314 311/1229/314
f 324/1236/315 325/1235/315 313/1234/315 312/1233/315
f 325/1240/316 326/1239/316 314/1238/316 313/1237/316
f 326/1244/317 327/1243/317 315/1242/317 314/1241/317
f 327/1248/318 328/1247/318 316/1246/318 315/1245/318
f 328/1252/319 318/1251/319 306/1250/319 316/1249/319
f 330/1256/320 329/1255/320 317/1254/320 318/1253/320
f 329/1260/321 331/1259/321 319/1258/321 317/1257/321
f 331/1264/322 332/1263/322 320/1262/322 319/1261/322
f 332/1268/323 333/1267/323 321/1266/323 320/1265/323
f 333/1272/324 334/1271/324 322/1270/324 321/1269/324
f 334/1276/325 335/1275/325 323/1274/325 322/1273/325
f 335/1280/326 336/1279/326 324/1278/326 323/1277/326
f 336/1284/327 337/1283/327 325/1282/327 324/1281/327
f 337/1288/328 338/1287/328 326/1286/328 325/1285/328
f 338/1292/329 339/1291/329 327/1290/329 326/1289/329
f 339/1296/330 340/1295/330 328/1294/330 327/1293/330
f 340/1300/331 330/1299/331 318/1298/331 328/1297/331
f 341/1303/332 329/1302/332 330/1301/332
f 341/1306/333 331/1305/333 329/1304/333
f 341/1309/334 332/1308/334 331/1307/334
f 341/1312/335 333/1311/335 332/1310/335
f 341/1315/336 334/1314/336 333/1313/336
f 341/1318/337 335/1317/337 334/1316/337
f 341/1321/338 336/1320/338 335/1319/338
f 341/1324/339 337/1323/339 336/1322/339
f 341/1327/340 338/1326/340 337/1325/340
f 341/1330/341 339/1329/341 338/1328/341
f 341/1333/342 340/1332/342 339/1331/342
f 341/1336/343 330/1335/343 340/1334/343
f 380/1459/370 379/1458/370 378/1457/370
f 379/1462/371 381/1461/371 378/1460/371
f 381/1465/372 382/1464/372 378/1463/372
f 382/1468/373 383/1467/373 378/1466/373
f 383/1471/374 384/1470/374 378/1469/374
f 384/1474/375 385/1473/375 378/1472/375
f 385/1477/376 386/1476/376 378/1475/376
f 386/1480/377 387/1479/377 378/1478/377
f 387/1483/378 388/1482/378 378/1481/378
f 388/1486/379 389/1485/379 378/1484/379
f 389/1489/380 390/1488/380 378/1487/380
f 390/1492/381 380/1491/381 378/1490/381
f 392/1496/382 391/1495/382 379/1494/382 380/1493/382
f 391/1500/383 393/1499/383 381/1498/383 379/1497/383
f 393/1504/384 394/1503/384 382/1502/384 381/1501/384
f 394/1508/385 395/1507/385 383/1506/385 382/1505/385
f 395/1512/386 396/1511/386 384/1510/386 383/1509/386
f 396/1516/387 397/1515/387 385/1514/387 384/1513/387
f 397/1520/388 398/1519/388 386/1518/388 385/1517/388
f 398/1524/389 399/1523/389 387/1522/389 386/1521/389
f 399/1528/390 400/1527/390 388/1526/390 387/1525/390
f 400/1532/391 401/1531/391 389/1530/391 388/1529/391
f 401/1536/392 402/1535/392 390/1534/392 389/1533/392
f 402/1540/393 392/1539/393 380/1538/393 390/1537/393
f 404/1544/394 403/1543/394 391/1542/394 392/1541/394
f 403/1548/395 405/1547/395 393/1546/395 391/1545/395
f 405/1552/396 406/1551/396 394/1550/396 393/1549/396
f 406/1556/397 407/1555/397 395/1554/397 394/1553/397
f 407/1560/398 408/1559/398 396/1558/398 395/1557/398
f 408/1564/399 409/1563/399 397/1562/399 396/1561/399
f 409/1568/400 410/1567/400 398/1566/400 397/1565/400
f 410/1572/401 411/1571/401 399/1570/401 398/1569/401
f 411/1576/402 412/1575/402 400/1574/402 399/1573/402
f 412/1580/403 413/1579/403 401/1578/403 400/1577/403
f 413/1584/404 414/1583/404 402/1582/404 401/1581/404
f 414/1588/405 404/1587/405 392/1586/405 402/1585/405
f 416/1592/406 415/1591/406 403/1590/406 404/1589/406
f 415/1596/407 417/1595/407 405/1594/407 403/1593/407
f 417/1600/408 418/1599/408 406/1598/408 405/1597/408
f 418/1604/409 419/1603/409 407/1602/409 406/1601/409
f 419/1608/410 420/1607/410 408/1606/410 407/1605/410
f 420/1612/411 421/1611/411 409/1610/411 408/1609/411
f 421/1616/412 422/1615/412 410/1614/412 409/1613/412
f 422/1620/413 423/1619/413 411/1618/413 410/1617/413
f 423/1624/414 424/1623/414 412/1622/414 411/1621/414
f 424/1628/415 425/1627/415 413/1626/415 412/1625/415
f 425/1632/416 426/1631/416 414/1630/416 413/1629/416
f 426/1636/417 416/1635/417 404/1634/417 414/1633/417
f 428/1640/418 427/1639/418 415/1638/418 416/1637/418
f 427/1644/419 429/1643/419 417/1642/419 415/1641/419
f 429/1648/420 430/1647/420 418/1646/420 417/1645/420
f 430/1652/421 431/1651/421 419/1650/421 418/1649/421
f 431/1656/422 432/1655/422 420/1654/422 419/1653/422
f 432/1660/423 433/1659/423 421/1658/423 420/1657/423
f 433/1664/424 434/1663/424 422/1662/424 421/1661/424
f 434/1668/425 435/1667/425 423/1666/425 422/1665/425
f 435/1672/426 436/1671/426 424/1670/426 423/1669/426
f 436/1676/427 437/1675/427 425/1674/427 424/1673/427
f 437/1680/428 438/1679/428 426/1678/428 425/1677/428
f 438/1684/429 428/1683/429 416/1682/429 426/1681/429
f 440/1688/430 439/1687/430 427/1686/430 428/1685/430
f 439/1692/431 441/1691/431 429/1690/431 427/1689/431
f 441/1696/432 442/1695/432 430/1694/432 429/1693/432
f 442/1700/433 443/1699/433 431/1698/433 430/1697/433
f 443/1704/434 444/1703/434 432/1702/434 431/1701/434
f 444/1708/435 445/1707/435 433/1706/435 432/1705/435
f 445/1712/436 446/1711/436 434/1710/436 433/1709/436
f 446/1716/437 447/1715/437 435/1714/437 434/1713/437
f 447/1720/438 448/1719/438 436/1718/438 435/1717/438
f 448/1724/439 449/1723/439 437/1722/439 436/1721/439
f 449/1728/440 450/1727/440 438/1726/440 437/1725/440
f 450/1732/441 440/1731/441 428/1730/441 438/1729/441
f 452/1736/442 451/1735/442 439/1734/442 440/1733/442
f 451/1740/443 453/1739/443 441/1738/443 439/1737/443
f 453/1744/444 454/1743/444 442/1742/444 441/1741/444
f 454/1748/445 455/1747/445 443/1746/445 442/1745/445
f 455/1752/446 456/1751/446 444/1750/446 443/1749/446
f 456/1756/447 457/1755/447 445/1754/447 444/1753/447
f 457/1760/448 458/1759/448 446/1758/448 445/1757/448
f 458/1764/449 459/1763/449 447/1762/449 446/1761/449
f 459/1768/450 460/1767/450 448/1766/450 447/1765/450
f 460/1772/451 461/1771/451 449/1770/451 448/1769/451
f 461/1776/452 462/1775/452 450/1774/452 449/1773/452
f 462/1780/453 452/1779/453 440/1778/453 450/1777/453
f 464/1784/454 463/1783/454 451/1782/454 452/1781/454
f 463/1788/455 465/1787/455 453/1786/455 451/1785/455
f 465/1792/456 466/1791/456 454/1790/456 453/1789/456
f 466/1796/457 467/1795/457 455/1794/457 454/1793/457
f 467/1800/458 468/1799/458 456/1798/458 455/1797/458
f 468/1804/459 469/1803/459 457/1802/459 456/1801/459
f 469/1808/460 470/1807/460 458/1806/460 457/1805/460
f 470/1812/461 471/1811/461 459/1810/461 458/1809/461
f 471/1816/462 472/1815/462 460/1814/462 459/1813/462
f 472/1820/463 473/1819/463 461/1818/463 460/1817/463
f 473/1824/464 474/1823/464 462/1822/464 461/1821/464
f 474/1828/465 464/1827/465 452/1826/465 462/1825/465
f 475/1831/466 463/1830/466 464/1829/466
f 475/1834/467 465/1833/467 463/1832/467
f 475/1837/468 466/1836/468 465/1835/468
f 475/1840/469 467/1839/469 466/1838/469
f 475/1843/470 468/1842/470 467/1841/470
f 475/1846/471 469/1845/471 468/1844/471
f 475/1849/472 470/1848/472 469/1847/472
f 475/1852/473 471/1851/473 470/1850/473
f 475/1855/474 472/1854/474 471/1853/474
f 475/1858/475 473/1857/475 472/1856/475
f 475/1861/476 474/1860/476 473/1859/476
f 475/1864/477 464/1863/477 474/1862/477
f 478/1867/478 477/1866/478 476/1865/478
f 477/1870/479 479/1869/479 476/1868/479
f 479/1873/480 480/1872/480 476/1871/480
f 480/1876/481 481/1875/481 476/1874/481
f 481/1879/482 482/1878/482 476/1877/482
f 482/1882/483 483/1881/483 476/1880/483
f 483/1885/484 484/1884/484 476/1883/484
f 484/1888/485 485/1887/485 476/1886/485
f 485/1891/486 486/1890/486 476/1889/486
f 486/1894/487 487/1893/487 476/1892/487
f 487/1897/488 488/1896/488 476/1895/488
f 488/1900/489 478/1899/489 476/1898/489
f 490/1904/490 489/1903/490 477/1902/490 478/1901/490
f 489/1908/491 491/1907/491 479/1906/491 477/1905/491
f 491/1912/492 492/1911/492 480/1910/492 479/1909/492
f 492/1916/493 493/1915/493 481/1914/493 480/1913/493
f 493/1920/494 494/1919/494 482/1918/494 481/1917/494
f 494/1924/495 495/1923/495 483/1922/495 482/1921/495
f 495/1928/496 496/1927/496 484/1926/496 483/1925/496
f 496/1932/497 497/1931/497 485/1930/497 484/1929/497
f 497/1936/498 498/1935/498 486/1934/498 485/1933/498
f 498/1940/499 499/1939/499 487/1938/499 486/1937/499
f 499/1944/500 500/1943/500 488/1942/500 487/1941/500
f 500/1948/501 490/1947/501 478/1946/501 488/1945/501
f 502/1952/502 501/1951/502 489/1950/502 490/1949/502
f 501/1956/503 503/1955/503 491/1954/503 489/1953/503
f 503/1960/504 504/1959/504 492/1958/504 491/1957/504
f 504/1964/505 505/1963/505 493/1962/505 492/1961/505
f 505/1968/506 506/1967/506 494/1966/506 493/1965/506
f 506/1972/507 507/1971/507 495/1970/507 494/1969/507
f 507/1976/508 508/1975/508 496/1974/508 495/1973/508
f 508/1980/509 509/1979/509 497/1978/509 496/1977/509
f 509/1984/510 510/1983/510 498/1982/510 497/1981/510
f 510/1988/511 511/1987/511 499/1986/511 498/1985/511
f 511/1992/512 512/1991/512 500/1990/512 499/1989/512
f 512/1996/513 502/1995/513 490/1994/513 500/1993/513
f 514/2000/514 513/1999/514 501/1998/514 502/1997/514
f 513/2004/515 515/2003/515 503/2002/515 501/2001/515
f 515/2008/516 516/2007/516 504/2006/516 503/2005/516
f 516/2012/517 517/2011/517 505/2010/517 504/2009/517
f 517/2016/518 518/2015/518 506/2014/518 505/2013/518
f 518/2020/519 519/2019/519 507/2018/519 506/2017/519
f 519/2024/520 520/2023/520 508/2022/520 507/2021/520
f 520/2028/521 521/2027/521 509/2026/521 508/2025/521
f 521/2032/522 522/2031/522 510/2030/522 509/2029/522
f 522/2036/523 523/2035/523 511/2034/523 510/2033/523
f 523/2040/524 524/2039/524 512/2038/524 511/2037/524
f 524/2044/525 514/2043/525 502/2042/525 512/2041/525
f 526/2048/526 525/2047/526 513/2046/526 514/2045/526
f 525/2052/527 527/2051/527 515/2050/527 513/2049/527
f 527/2056/528 528/2055/528 516/2054/528 515/2053/528
f 528/2060/529 529/2059/529 517/2058/529 516/2057/529
f 529/2064/530 530/2063/530 518/2062/530 517/2061/530
f 530/2068/531 531/2067/531 519/2066/531 518/2065/531
f 531/2072/532 532/2071/532 520/2070/532 519/2069/532
f 532/2076/533 533/2075/533 521/2074/533 520/2073/533
f 533/2080/534 534/2079/534 522/2078/534 521/2077/534
f 534/2084/535 535/2083/535 523/2082/535 522/2081/535
f 535/2088/536 536/2087/536 524/2086/536 523/2085/536
f 536/2092/537 526/2091/537 514/2090/537 524/2089/537
f 538/2096/538 537/2095/538 525/2094/538 526/2093/538
f 537/2100/539 539/2099/539 527/2098/539 525/2097/539
f 539/2104/540 540/2103/540 528/2102/540 527/2101/540
f 540/2108/541 541/2107/541 529/2106/541 528/2105/541
f 541/2112/542 542/2111/542 530/2110/542 529/2109/542
f 542/2116/543 543/2115/543 531/2114/543 530/2113/543
f 543/2120/544 544/2119/544 532/2118/544 531/2117/544
f 544/2124/545 545/2123/545 533/2122/545 532/2121/545
f 545/2128/546 546/2127/546 534/2126/546 533/2125/546
f 546/2132/547 547/2131/547 535/2130/547 534/2129/547
f 547/2136/548 548/2135/548 536/2134/548 535/2133/548
f 548/2140/549 538/2139/549 526/2138/549 536/2137/549
f 550/2144/550 549/2143/550 537/2142/550 538/2141/550
f 549/2148/551 551/2147/551 539/2146/551 537/2145/551
f 551/2152/552 552/2151/552 540/2150/552 539/2149/552
f 552/2156/553 553/2155/553 541/2154/553 540/2153/553
f 553/2160/554 554/2159/554 542/2158/554 541/2157/554
f 554/2164/555 555/2163/555 543/2162/555 542/2161/555
f 555/2168/556 556/2167/556 544/2166/556 543/2165/556
f 556/2172/557 557/2171/557 545/2170/557 544/2169/557
f 557/2176/558 558/2175/558 546/2174/558 545/2173/558
f 558/2180/559 559/2179/559 547/2178/559 546/2177/559
f 559/2184/560 560/2183/560 548/2182/560 547/2181/560
f 560/2188/561 550/2187/561 538/2186/561 548/2185/561
f 562/2192/562 561/2191/562 549/2190/562 550/2189/562
f 561/2196/563 563/2195/563 551/2194/563 549/2193/563
f 563/2200/564 564/2199/564 552/2198/564 551/2197/564
f 564/2204/565 565/2203/565 553/2202/565 552/2201/565
f 565/2208/566 566/2207/566 554/2206/566 553/2205/566
f 566/2212/567 567/2211/567 555/2210/567 554/2209/567
f 567/2216/568 568/2215/568 556/2214/568 555/2213/568
f 568/2220/569 569/2219/569 557/2218/569 556/2217/569
f 569/2224/570 570/2223/570 558/2222/570 557/2221/570
f 570/2228/571 571/2227/571 559/2226/571 558/2225/571
f 571/2232/572 572/2231/572 560/2230/572 559/2229/572
f 572/2236/573 562/2235/573 550/2234/573 560/2233/573
f 573/2239/574 561/2238/574 562/2237/574
f 573/2242/575 563/2241/575 561/2240/575
f 573/2245/576 564/2244/576 563/2243/576
f 573/2248/577 565/2247/577 564/2246/577
f 573/2251/578 566/2250/578 565/2249/578
f 573/2254/579 567/2253/579 566/2252/579
f 573/2257/580 568/2256/580 567/2255/580
f 573/2260/581 569/2259/581 568/2258/581
f 573/2263/582 570/2262/582 569/2261/582
f 573/2266/583 571/2265/583 570/2264/583
f 573/2269/584 572/2268/584 571/2267/584
f 573/2272/585 562/2271/585 572/2270/585
f 648/2515/638 647/2514/638 646/2513/638
f 647/2518/639 649/2517/639 646/2516/639
f 649/2521/640 650/2520/640 646/2519/640
f 650/2524/641 651/2523/641 646/2522/641
f 651/2527/642 652/2526/642 646/2525/642
f 652/2530/643 653/2529/643 646/2528/643
f 653/2533/644 654/2532/644 646/2531/644
f 654/2536/645 655/2535/645 646/2534/645
f 655/2539/646 656/2538/646 646/2537/646
f 656/2542/647 657/2541/647 646/2540/647
f 657/2545/648 658/2544/648 646/2543/648
f 658/2548/649 648/2547/649 646/2546/649
f 660/2552/650 659/2551/650 647/2550/650 648/2549/650
f 659/2556/651 661/2555/651 649/2554/651 647/2553/651
f 661/2560/652 662/2559/652 650/2558/652 649/2557/652
f 662/2564/653 663/2563/653 651/2562/653 650/2561/653
f 663/2568/654 664/2567/654 652/2566/654 651/2565/654
f 664/2572/655 665/2571/655 653/2570/655 652/2569/655
f 665/2576/656 666/2575/656 654/2574/656 653/2573/656
f 666/2580/657 667/2579/657 655/2578/657 654/2577/657
f 667/2584/658 668/2583/658 656/2582/658 655/2581/658
f 668/2588/659 669/2587/659 657/2586/659 656/2585/659
f 669/2592/660 670/2591/660 658/2590/660 657/2589/660
f 670/2596/661 660/2595/661 648/2594/661 658/2593/661
f 672/2600/662 671/2599/662 659/2598/662 660/2597/662
f 671/2604/663 673/2603/663 661/2602/663 659/2601/663
f 673/2608/664 674/2607/664 662/2606/664 661/2605/664
f 674/2612/665 675/2611/665 663/2610/665 662/2609/665
f 675/2616/666 676/2615/666 664/2614/666 663/2613/666
f 676/2620/667 677/2619/667 665/2618/667 664/2617/667
f 677/2624/668 678/2623/668 666/2622/668 665/2621/668
f 678/2628/669 679/2627/669 667/2626/669 666/2625/669
f 679/2632/670 680/2631/670 668/2630/670 667/2629/670
f 680/2636/671 681/2635/671 669/2634/671 668/2633/671
f 681/2640/672 682/2639/672 670/2638/672 669/2637/672
f 682/2644/673 672/2643/673 660/2642/673 670/2641/673
f 684/2648/674 683/2647/674 671/2646/674 672/2645/674
f 683/2652/675 685/2651/675 673/2650/675 671/2649/675
f 685/2656/676 686/2655/676 674/2654/676 673/2653/676
f 686/2660/677 687/2659/677 675/2658/677 674/2657/677
f 687/2664/678 688/2663/678 676/2662/678 675/2661/678
f 688/2668/679 689/2667/679 677/2666/679 676/2665/679
f 689/2672/680 690/2671/680 678/2670/680 677/2669/680
f 690/2676/681 691/2675/681 679/2674/681 678/2673/681
f 691/2680/682 692/2679/682 680/2678/682 679/2677/682
f 692/2684/683 693/2683/683 681/2682/683 680/2681/683
f 693/2688/684 694/2687/684 682/2686/684 681/2685/684
f 694/2692/685 684/2691/685 672/2690/685 682/2689/685
f 696/2696/686 695/2695/686 683/2694/686 684/2693/686
f 695/2700/687 697/2699/687 685/2698/687 683/2697/687
f 697/2704/688 698/2703/688 686/2702/688 685/2701/688
f 698/2708/689 699/2707/689 687/2706/689 686/2705/689
f 699/2712/690 700/2711/690 688/2710/690 687/2709/690
f 700/2716/691 701/2715/691 689/2714/691 688/2713/691
f 701/2720/692 702/2719/692 690/2718/692 689/2717/692
f 702/2724/693 703/2723/693 691/2722/693 690/2721/693
f 703/2728/694 704/2727/694 692/2726/694 691/2725/694
f 704/2732/695 705/2731/695 693/2730/695 692/2729/695
f 705/2736/696 706/2735/696 694/2734/696 693/2733/696
f 706/2740/697 696/2739/697 684/2738/697 694/2737/697
f 708/2744/698 707/2743/698 695/2742/698 696/2741/698
f 707/2748/699 709/2747/699 697/2746/699 695/2745/699
f 709/2752/700 710/2751/700 698/2750/700 697/2749/700
f 710/2756/701 711/2755/701 699/2754/701 698/2753/701
f 711/2760/702 712/2759/702 700/2758/702 699/2757/702
f 712/2764/703 713/2763/703 701/2762/703 700/2761/703
f 713/2768/704 714/2767/704 702/2766/704 701/2765/704
f 714/2772/705 715/2771/705 703/2770/705 702/2769/705
f 715/2776/706 716/2775/706 704/2774/706 703/2773/706
f 716/2780/707 717/2779/707 705/2778/707 704/2777/707
f 717/2784/708 718/2783/708 706/2782/708 705/2781/708
f 718/2788/709 708/2787/709 696/2786/709 706/2785/709
f 720/2792/710 719/2791/710 707/2790/710 708/2789/710
f 719/2796/711 721/2795/711 709/2794/711 707/2793/711
f 721/2800/712 722/2799/712 710/2798/712 709/2797/712
f 722/2804/713 723/2803/713 711/2802/713 710/2801/713
f 723/2808/714 724/2807/714 712/2806/714 711/2805/714
f 724/2812/715 725/2811/715 713/2810/715 712/2809/715
f 725/2816/716 726/2815/716 714/2814/716 713/2813/716
f 726/2820/717 727/2819/717 715/2818/717 714/2817/717
f 727/2824/718 728/2823/718 716/2822/718 715/2821/718
f 728/2828/719 729/2827/719 717/2826/719 716/2825/719
f 729/2832/720 730/2831/720 718/2830/720 717/2829/720
f 730/2836/721 720/2835/721 708/2834/721 718/2833/721
f 732/2840/722 731/2839/722 719/2838/722 720/2837/722
f 731/2844/723 733/2843/723 721/2842/723 719/2841/723
f 733/2848/724 734/2847/724 722/2846/724 721/2845/724
f 734/2852/725 735/2851/725 723/2850/725 722/2849/725
f 735/2856/726 736/2855/726 724/2854/726 723/2853/726
f 736/2860/727 737/2859/727 725/2858/727 724/2857/727
f 737/2864/728 738/2863/728 726/2862/728 725/2861/728
f 738/2868/729 739/2867/729 727/2866/729 726/2865/729
f 739/2872/730 740/2871/730 728/2870/730 727/2869/730
f 740/2876/731 741/2875/731 729/2874/731 728/2873/731
f 741/2880/732 742/2879/732 730/2878/732 729/2877/732
f 742/2884/733 732/2883/733 720/2882/733 730/2881/733
f 743/2887/734 731/2886/734 732/2885/734
f 743/2890/735 733/2889/735 731/2888/735
f 743/2893/736 734/2892/736 733/2891/736
f 743/2896/737 735/2895/737 734/2894/737
f 743/2899/738 736/2898/738 735/2897/738
f 743/2902/739 737/2901/739 736/2900/739
f 743/2905/740 738/2904/740 737/2903/740
f 743/2908/741 739/2907/741 738/2906/741
f 743/2911/742 740/2910/742 739/2909/742
f 743/2914/743 741/2913/743 740/2912/743
f 743/2917/744 742/2916/744 741/2915/744
f 743/2920/745 732/2919/745 742/2918/745
f 746/2923/746 745/2922/746 744/2921/746
f 745/2926/747 747/2925/747 744/2924/747
f 747/2929/748 748/2928/748 744/2927/748
f 748/2932/749 749/2931/749 744/2930/749
f 749/2935/750 750/2934/750 744/2933/750
f 750/2938/751 751/2937/751 744/2936/751
f 751/2941/752 752/2940/752 744/2939/752
f 752/2944/753 753/2943/753 744/2942/753
f 753/2947/754 754/2946/754 744/2945/754
f 754/2950/755 755/2949/755 744/2948/755
f 755/2953/756 756/2952/756 744/2951/756
f 756/2956/757 746/2955/757 744/2954/757
f 758/2960/758 757/2959/758 745/2958/758 746/2957/758
f 757/2964/759 759/2963/759 747/2962/759 745/2961/759
f 759/2968/760 760/2967/760 748/2966/760 747/2965/760
f 760/2972/761 761/2971/761 749/2970/761 748/2969/761
f 761/2976/762 762/2975/762 750/2974/762 749/2973/762
f 762/2980/763 763/2979/763 751/2978/763 750/2977/763
f 763/2984/764 764/2983/764 752/2982/764 751/2981/764
f 764/2988/765 765/2987/765 753/2986/765 752/2985/765
f 765/2992/766 766/2991/766 754/2990/766 753/2989/766
f 766/2996/767 767/2995/767 755/2994/767 754/2993/767
f 767/3000/768 768/2999/768 756/2998/768 755/2997/768
f 768/3004/769 758/3003/769 746/3002/769 756/3001/769
f 770/3008/770 769/3007/770 757/3006/770 758/3005/770
f 769/3012/771 771/3011/771 759/3010/771 757/3009/771
f 771/3016/772 772/3015/772 760/3014/772 759/3013/772
f 772/3020/773 773/3019/773 761/3018/773 760/3017/773
f 773/3024/774 774/3023/774 762/3022/774 761/3021/774
f 774/3028/775 775/3027/775 763/3026/775 762/3025/775
f 775/3032/776 776/3031/776 764/3030/776 763/3029/776
f 776/3036/777 777/3035/777 765/3034/777 764/3033/777
f 777/3040/778 778/3039/778 766/3038/778 765/3037/778
f 778/3044/779 779/3043/779 767/3042/779 766/3041/779
f 779/3048/780 780/3047/780 768/3046/780 767/3045/780
f 780/3052/781 770/3051/781 758/3050/781 768/3049/781
f 782/3056/782 781/3055/782 769/3054/782 770/3053/782
f 781/3060/783 783/3059/783 771/3058/783 769/3057/783
f 783/3064/784 784/3063/784 772/3062/784 771/3061/784
f 784/3068/785 785/3067/785 773/3066/785 772/3065/785
f 785/3072/786 786/3071/786 774/3070/786 773/3069/786
f 786/3076/787 787/3075/787 775/3074/787 774/3073/787
f 787/3080/788 788/3079/788 776/3078/788 775/3077/788
f 788/3084/789 789/3083/789 777/3082/789 776/3081/789
f 789/3088/790 790/3087/790 778/3086/790 777/3085/790
f 790/3092/791 791/3091/791 779/3090/791 778/3089/791
f 791/3096/792 792/3095/792 780/3094/792 779/3093/792
f 792/3100/793 782/3099/793 770/3098/793 780/3097/793
f 794/3104/794 793/3103/794 781/3102/794 782/3101/794
f 793/3108/795 795/3107/795 783/3106/795 781/3105/795
f 795/3112/796 796/3111/796 784/3110/796 783/3109/796
f 796/3116/797 797/3115/797 785/3114/797 784/3113/797
f 797/3120/798 798/3119/798 786/3118/798 785/3117/798
f 798/3124/799 799/3123/799 787/3122/799 786/3121/799
f 799/3128/800 800/3127/800 788/3126/800 787/3125/800
f 800/3132/801 801/3131/801 789/3130/801 788/3129/801
f 801/3136/802 802/3135/802 790/3134/802 789/3133/802
f 802/3140/803 803/3139/803 791/3138/803 790/3137/803
f 803/3144/804 804/3143/804 792/3142/804 791/3141/804
f 804/3148/805 794/3147/805 782/3146/805 792/3145/805
f 806/3152/806 805/3151/806 793/3150/806 794/3149/806
f 805/3156/807 807/3155/807 795/3154/807 793/3153/807
f 807/3160/808 808/3159/808 796/3158/808 795/3157/808
f 808/3164/809 809/3163/809 797/3162/809 796/3161/809
f 809/3168/810 810/3167/810 798/3166/810 797/3165/810
f 810/3172/811 811/3171/811 799/3170/811 798/3169/811
f 811/3176/812 812/3175/812 800/3174/812 799/3173/812
f 812/3180/813 813/3179/813 801/3178/813 800/3177/813
f 813/3184/814 814/3183/814 802/3182/814 801/3181/814
f 814/3188/815 815/3187/815 803/3186/815 802/3185/815
f 815/3192/816 816/3191/816 804/3190/816 803/3189/816
f 816/3196/817 806/3195/817 794/3194/817 804/3193/817
f 818/3200/818 817/3199/818 805/3198/818 806/3197/818
f 817/3204/819 819/3203/819 807/3202/819 805/3201/819
f 819/3208/820 820/3207/820 808/3206/820 807/3205/820
f 820/3212/821 821/3211/821 809/3210/821 808/3209/821
f 821/3216/822 822/3215/822 810/3214/822 809/3213/822
f 822/3220/823 823/3219/823 811/3218/823 810/3217/823
f 823/3224/824 824/3223/824 812/3222/824 811/3221/824
f 824/3228/825 825/3227/825 813/3226/825 812/3225/825
f 825/3232/826 826/3231/826 814/3230/826 813/3229/826
f 826/3236/827 827/3235/827 815/3234/827 814/3233/827
f 827/3240/828 828/3239/828 816/3238/828 815/3237/828
f 828/3244/829 818/3243/829 806/3242/829 816/3241/829
f 830/3248/830 829/3247/830 817/3246/830 818/3245/830
f 829/3252/831 831/3251/831 819/3250/831 817/3249/831
f 831/3256/832 832/3255/832 820/3254/832 819/3253/832
f 832/3260/833 833/3259/833 821/3258/833 820/3257/833
f 833/3264/834 834/3263/834 822/3262/834 821/3261/834
f 834/3268/835 835/3267/835 823/3266/835 822/3265/835
f 835/3272/836 836/3271/836 824/3270/836 823/3269/836
f 836/3276/837 837/3275/837 825/3274/837 824/3273/837
f 837/3280/838 838/3279/838 826/3278/838 825/3277/838
f 838/3284/839 839/3283/839 827/3282/839 826/3281/839
f 839/3288/840 840/3287/840 828/3286/840 827/3285/840
f 840/3292/841 830/3291/841 818/3290/841 828/3289/841
f 841/3295/842 829/3294/842 830/3293/842
f 841/3298/843 831/3297/843 829/3296/843
f 841/3301/844 832/3300/844 831/3299/844
f 841/3304/845 833/3303/845 832/3302/845
f 841/3307/846 834/3306/846 833/3305/846
f 841/3310/847 835/3309/847 834/3308/847
f 841/3313/848 836/3312/848 835/3311/848
f 841/3316/849 837/3315/849 836/3314/849
f 841/3319/850 838/3318/850 837/3317/850
f 841/3322/851 839/3321/851 838/3320/851
f 841/3325/852 840/3324/852 839/3323/852
f 841/3328/853 830/3327/853 840/3326/853
f 880/3451/880 879/3450/880 878/3449/880
f 879/3454/881 881/3453/881 878/3452/881
f 881/3457/882 882/3456/882 878/3455/882
f 882/3460/883 883/3459/883 878/3458/883
f 883/3463/884 884/3462/884 878/3461/884
f 884/3466/885 885/3465/885 878/3464/885
f 885/3469/886 886/3468/886 878/3467/886
f 886/3472/887 887/3471/887 878/3470/887
f 887/3475/888 888/3474/888 878/3473/888
f 888/3478/889 889/3477/889 878/3476/889
f 889/3481/890 890/3480/890 878/3479/890
f 890/3484/891 880/3483/891 878/3482/891
f 892/3488/892 891/3487/892 879/3486/892 880/3485/892
f 891/3492/893 893/3491/893 881/3490/893 879/3489/893
f 893/3496/894 894/3495/894 882/3494/894 881/3493/894
f 894/3500/895 895/3499/895 883/3498/895 882/3497/895
f 895/3504/896 896/3503/896 884/3502/896 883/3501/896
f 896/3508/897 897/3507/897 885/3506/897 884/3505/897
f 897/3512/898 898/3511/898 886/3510/898 885/3509/898
f 898/3516/899 899/3515/899 887/3514/899 886/3513/899
f 899/3520/900 900/3519/900 888/3518/900 887/3517/900
f 900/3524/901 901/3523/901 889/3522/901 888/3521/901
f 901/3528/902 902/3527/902 890/3526/902 889/3525/902
f 902/3532/903 892/3531/903 880/3530/903 890/3529/903
f 904/3536/904 903/3535/904 891/3534/904 892/3533/904
f 903/3540/905 905/3539/905 893/3538/905 891/3537/905
f 905/3544/906 906/3543/906 894/3542/906 893/3541/906
f 906/3548/907 907/3547/907 895/3546/907 894/3545/907
f 907/3552/908 908/3551/908 896/3550/908 895/3549/908
f 908/3556/909 909/3555/909 897/3554/909 896/3553/909
f 909/3560/910 910/3559/910 898/3558/910 897/3557/910
f 910/3564/911 911/3563/911 899/3562/911 898/3561/911
f 911/3568/912 912/3567/912 900/3566/912 899/3565/912
f 912/3572/913 913/3571/913 901/3570/913 900/3569/913
f 913/3576/914 914/3575/914 902/3574/914 901/3573/914
f 914/3580/915 904/3579/915 892/3578/915 902/3577/915
f 916/3584/916 915/3583/916 903/3582/916 904/3581/916
f 915/3588/917 917/3587/917 905/3586/917 903/3585/917
f 917/3592/918 918/3591/918 906/3590/918 905/3589/918
f 918/3596/919 919/3595/919 907/3594/919 906/3593/919
f 919/3600/920 920/3599/920 908/3598/920 907/3597/920
f 920/3604/921 921/3603/921 909/3602/921 908/3601/921
f 921/3608/922 922/3607/922 910/3606/922 909/3605/922
f 922/3612/923 923/3611/923 911/3610/923 910/3609/923
f 923/3616/924 924/3615/924 912/3614/924 911/3613/924
f 924/3620/925 925/3619/925 913/3618/925 912/3617/925
f 925/3624/926 926/3623/926 914/3622/926 913/3621/926
f 926/3628/927 916/3627/927 904/3626/927 914/3625/927
f 928/3632/928 927/3631/928 915/3630/928 916/3629/928
f 927/3636/929 929/3635/929 917/3634/929 915/3633/929
f 929/3640/930 930/3639/930 918/3638/930 917/3637/930
f 930/3644/931 931/3643/931 919/3642/931 918/3641/931
f 931/3648/932 932/3647/932 920/3646/932 919/3645/932
f 932/3652/933 933/3651/933 921/3650/933 920/3649/933
f 933/3656/934 934/3655/934 922/3654/934 921/3653/934
f 934/3660/935 935/3659/935 923/3658/935 922/3657/935
f 935/3664/936 936/3663/936 924/3662/936 923/3661/936
f 936/3668/937 937/3667/937 925/3666/937 924/3665/937
f 937/3672/938 938/3671/938 926/3670/938 925/3669/938
f 938/3676/939 928/3675/939 916/3674/939 926/3673/939
f 940/3680/940 939/3679/940 927/3678/940 928/3677/940
f 939/3684/941 941/3683/941 929/3682/941 927/3681/941
f 941/3688/942 942/3687/942 930/3686/942 929/3685/942
f 942/3692/943 943/3691/943 931/3690/943 930/3689/943
f 943/3696/944 944/3695/944 932/3694/944 931/3693/944
f 944/3700/945 945/3699/945 933/3698/945 932/3697/945
f 945/3704/946 946/3703/946 934/3702/946 933/3701/946
f 946/3708/947 947/3707/947 935/3706/947 934/3705/947
f 947/3712/948 948/3711/948 936/3710/948 935/3709/948
f 948/3716/949 949/3715/949 937/3714/949 936/3713/949
f 949/3720/950 950/3719/950 938/3718/950 937/3717/950
f 950/3724/951 940/3723/951 928/3722/951 938/3721/951
f 952/3728/952 951/3727/952 939/3726/952 940/3725/952
f 951/3732/953 953/3731/953 941/3730/953 939/3729/953
f 953/3736/954 954/3735/954 942/3734/954 941/3733/954
f 954/3740/955 955/3739/955 943/3738/955 942/3737/955
f 955/3744/956 956/3743/956 944/3742/956 943/3741/956
f 956/3748/957 957/3747/957 945/3746/957 944/3745/957
f 957/3752/958 958/3751/958 946/3750/958 945/3749/958
f 958/3756/959 959/3755/959 947/3754/959 946/3753/959
f 959/3760/960 960/3759/960 948/3758/960 947/3757/960
f 960/3764/961 961/3763/961 949/3762/961 948/3761/961
f 961/3768/962 962/3767/962 950/3766/962 949/3765/962
f 962/3772/963 952/3771/963 940/3770/963 950/3769/963
f 964/3776/964 963/3775/964 951/3774/964 952/3773/964
f 963/3780/965 965/3779/965 953/3778/965 951/3777/965
f 965/3784/966 966/3783/966 954/3782/966 953/3781/966
f 966/3788/967 967/3787/967 955/3786/967 954/3785/967
f 967/3792/968 968/3791/968 956/3790/968 955/3789/968
f 968/3796/969 969/3795/969 957/3794/969 956/3793/969
f 969/3800/970 970/3799/970 958/3798/970 957/3797/970
f 970/3804/971 971/3803/971 959/3802/971 958/3801/971
f 971/3808/972 972/3807/972 960/3806/972 959/3805/972
f 972/3812/973 973/3811/973 961/3810/973 960/3809/973
f 973/3816/974 974/3815/974 962/3814/974 961/3813/974
f 974/3820/975 964/3819/975 952/3818/975 962/3817/975
f 975/3823/976 963/3822/976 964/3821/976
f 975/3826/977 965/3825/977 963/3824/977
f 975/3829/978 966/3828/978 965/3827/978
f 975/3832/979 967/3831/979 966/3830/979
f 975/3835/980 968/3834/980 967/3833/980
f 975/3838/981 969/3837/981 968/3836/981
f 975/3841/982 970/3840/982 969/3839/982
f 975/3844/983 971/3843/983 970/3842/983
f 975/3847/984 972/3846/984 971/3845/984
f 975/3850/985 973/3849/985 972/3848/985
f 975/3853/986 974/3852/986 973/3851/986
f 975/3856/987 964/3855/987 974/3854/987
f 1014/3979/1014 1013/3978/1014 1012/3977/1014
f 1013/3982/1015 1015/3981/1015 1012/3980/1015
f 1015/3985/1016 1016/3984/1016 1012/3983/1016
f 1016/3988/1017 1017/3987/1017 1012/3986/1017
f 1017/3991/1018 1018/3990/1018 1012/3989/1018
f 1018/3994/1019 1019/3993/1019 1012/3992/1019
f 1019/3997/1020 1020/3996/1020 1012/3995/1020
f 1020/4000/1021 1021/3999/1021 1012/3998/1021
f 1021/4003/1022 1022/4002/1022 1012/4001/1022
f 1022/4006/1023 1023/4005/1023 1012/4004/1023
f 1023/4009/1024 1024/4008/1024 1012/4007/1024
f 1024/4012/1025 1014/4011/1025 1012/4010/1025
f 1026/4016/1026 1025/4015/1026 1013/4014/1026 1014/4013/1026
f 1025/4020/1027 1027/4019/1027 1015/4018/1027 1013/4017/1027
f 1027/4024/1028 1028/4023/1028 1016/4022/1028 1015/4021/1028
f 1028/4028/1029 1029/4027/1029 1017/4026/1029 1016/4025/1029
f 1029/4032/1030 1030/4031/1030 1018/4030/1030 1017/4029/1030
f 1030/4036/1031 1031/4035/1031 1019/4034/1031 1018/4033/1031
f 1031/4040/1032 1032/4039/1032 1020/4038/1032 1019/4037/1032
f 1032/4044/1033 1033/4043/1033 1021/4042/1033 1020/4041/1033
f 1033/4048/1034 1034/4047/1034 1022/4046/1034 1021/4045/1034
f 1034/4052/1035 1035/4051/1035 1023/4050/1035 1022/4049/1035
f 1035/4056/1036 1036/4055/1036 1024/4054/1036 1023/4053/1036
f 1036/4060/1037 1026/4059/1037 1014/4058/1037 1024/4057/1037
f 1038/4064/1038 1037/4063/1038 1025/4062/1038 1026/4061/1038
f 1037/4068/1039 1039/4067/1039 1027/4066/1039 1025/4065/1039
f 1039/4072/1040 1040/4071/1040 1028/4070/1040 1027/4069/1040
f 1040/4076/1041 1041/4075/1041 1029/4074/1041 1028/4073/1041
f 1041/4080/1042 1042/4079/1042 1030/4078/1042 1029/4077/1042
f 1042/4084/1043 1043/4083/1043 1031/4082/1043 1030/4081/1043
f 1043/4088/1044 1044/4087/1044 1032/4086/1044 1031/4085/1044
f 1044/4092/1045 1045/4091/1045 1033/4090/1045 1032/4089/1045
f 1045/4096/1046 1046/4095/1046 1034/4094/1046 1033/4093/1046
f 1046/4100/1047 1047/4099/1047 1035/4098/1047 1034/4097/1047
f 1047/4104/1048 1048/4103/1048 1036/4102/1048 1035/4101/1048
f 1048/4108/1049 1038/4107/1049 1026/4106/1049 1036/4105/1049
f 1050/4112/1050 1049/4111/1050 1037/4110/1050 1038/4109/1050
f 1049/4116/1051 1051/4115/1051 1039/4114/1051 1037/4113/1051
f 1051/4120/1052 1052/4119/1052 1040/4118/1052 1039/4117/1052
f 1052/4124/1053 1053/4123/1053 1041/4122/1053 1040/4121/1053
f 1053/4128/1054 1054/4127/1054 1042/4126/1054 1041/4125/1054
f 1054/4132/1055 1055/4131/1055 1043/4130/1055 1042/4129/1055
f 1055/4136/1056 1056/4135/1056 1044/4134/1056 1043/4133/1056
f 1056/4140/1057 1057/4139/1057 1045/4138/1057 1044/4137/1057
f 1057/4144/1058 1058/4143/1058 1046/4142/1058 1045/4141/1058
f 1058/4148/1059 1059/4147/1059 1047/4146/1059 1046/4145/1059
f 1059/4152/1060 1060/4151/1060 1048/4150/1060 1047/4149/1060
f 1060/4156/1061 1050/4155/1061 1038/4154/1061 1048/4153/1061
f 1062/4160/1062 1061/4159/1062 1049/4158/1062 1050/4157/1062
f 1061/4164/1063 1063/4163/1063 1051/4162/1063 1049/4161/1063
f 1063/4168/1064 1064/4167/1064 1052/4166/1064 1051/4165/1064
f 1064/4172/1065 1065/4171/1065 1053/4170/1065 1052/4169/1065
f 1065/4176/1066 1066/4175/1066 1054/4174/1066 1053/4173/1066
f 1066/4180/1067 1067/4179/1067 1055/4178/1067 1054/4177/1067
f 1067/4184/1068 1068/4183/1068 1056/4182/1068 1055/4181/1068
f 1068/4188/1069 1069/4187/1069 1057/4186/1069 1056/4185/1069
f 1069/4192/1070 1070/4191/1070 1058/4190/1070 1057/4189/1070
f 1070/4196/1071 1071/4195/1071 1059/4194/1071 1058/4193/1071
f 1071/4200/1072 1072/4199/1072 1060/4198/1072 1059/4197/1072
f 1072/4204/1073 1062/4203/1073 1050/4202/1073 1060/4201/1073
f 1074/4208/1074 1073/4207/1074 1061/4206/1074 1062/4205/1074
f 1073/4212/1075 1075/4211/1075 1063/4210/1075 1061/4209/1075
f 1075/4216/1076 1076/4215/1076 1064/4214/1076 1063/4213/1076
f 1076/4220/1077 1077/4219/1077 1065/4218/1077 1064/4217/1077
f 1077/4224/1078 1078/4223/1078 1066/4222/1078 1065/4221/1078
f 1078/4228/1079 1079/4227/1079 1067/4226/1079 1066/4225/1079
f 1079/4232/1080 1080/4231/1080 1068/4230/1080 1067/4229/1080
f 1080/4236/1081 1081/4235/1081 1069/4234/1081 1068/4233/1081
f 1081/4240/1082 1082/4239/1082 1070/4238/1082 1069/4237/1082
f 1082/4244/1083 1083/4243/1083 1071/4242/1083 1070/4241/1083
f 1083/4248/1084 1084/4247/1084 1072/4246/1084 1071/4245/1084
f 1084/4252/1085 1074/4251/1085 1062/4250/1085 1072/4249/1085
f 1086/4256/1086 1085/4255/1086 1073/4254/1086 1074/4253/1086
f 1085/4260/1087 1087/4259/1087 1075/4258/1087 1073/4257/1087
f 1087/4264/1088 1088/4263/1088 1076/4262/1088 1075/4261/1088
f 1088/4268/1089 1089/4267/1089 1077/4266/1089 1076/4265/1089
f 1089/4272/1090 1090/4271/1090 1078/4270/1090 1077/4269/1090
f 1090/4276/1091 1091/4275/1091 1079/4274/1091 1078/4273/1091
f 1091/4280/1092 1092/4279/1092 1080/4278/1092 1079/4277/1092
f 1092/4284/1093 1093/4283/1093 1081/4282/1093 1080/4281/1093
f 1093/4288/1094 1094/4287/1094 1082/4286/1094 1081/4285/1094
f 1094/4292/1095 1095/4291/1095 1083/4290/1095 1082/4289/1095
f 1095/4296/1096 1096/4295/1096 1084/4294/1096 1083/4293/1096
f 1096/4300/1097 1086/4299/1097 1074/4298/1097 1084/4297/1097
f 1098/4304/1098 1097/4303/1098 1085/4302/1098 1086/4301/1098
f 1097/4308/1099 1099/4307/1099 1087/4306/1099 1085/4305/1099
f 1099/4312/1100 1100/4311/1100 1088/4310/1100 1087/4309/1100
f 1100/4316/1101 1101/4315/1101 1089/4314/1101 1088/4313/1101
f 1101/4320/1102 1102/4319/1102 1090/4318/1102 1089/4317/1102
f 1102/4324/1103 1103/4323/1103 1091/4322/1103 1090/4321/1103
f 1103/4328/1104 1104/4327/1104 1092/4326/1104 1091/4325/1104
f 1104/4332/1105 1105/4331/1105 1093/4330/1105 1092/4329/1105
f 1105/4336/1106 1106/4335/1106 1094/4334/1106 1093/4333/1106
f 1106/4340/1107 1107/4339/1107 1095/4338/1107 1094/4337/1107
f 1107/4344/1108 1108/4343/1108 1096/4342/1108 1095/4341/1108
f 1108/4348/1109 1098/4347/1109 1086/4346/1109 1096/4345/1109
f 1109/4351/1110 1097/4350/1110 1098/4349/1110
f 1109/4354/1111 1099/4353/1111 1097/4352/1111
f 1109/4357/1112 1100/4356/1112 1099/4355/1112
f 1109/4360/1113 1101/4359/1113 1100/4358/1113
f 1109/4363/1114 1102/4362/1114 1101/4361/1114
f 1109/4366/1115 1103/4365/1115 1102/4364/1115
f 1109/4369/1116 1104/4368/1116 1103/4367/1116
f 1109/4372/1117 1105/4371/1117 1104/4370/1117
f 1109/4375/1118 1106/4374/1118 1105/4373/1118
f 1109/4378/1119 1107/4377/1119 1106/4376/1119
f 1109/4381/1120 1108/4380/1120 1107/4379/1120
f 1109/4384/1121 1098/4383/1121 1108/4382/1121
usemtl mat10
f 1185/4628/1174 1184/4627/1174 1183/4626/1174 1182/4625/1174
f 1184/4632/1175 1187/4631/1175 1186/4630/1175 1183/4629/1175
f 1187/4636/1176 1189/4635/1176 1188/4634/1176 1186/4633/1176
f 1189/4640/1177 1191/4639/1177 1190/4638/1177 1188/4637/1177
f 1191/4644/1178 1185/4643/1178 1182/4642/1178 1190/4641/1178
f 1193/4648/1179 1192/4647/1179 1184/4646/1179 1185/4645/1179
f 1182/4653/1180 1183/4652/1180 1186/4651/1180 1188/4650/1180 1190/4649/1180
f 1192/4657/1181 1194/4656/1181 1187/4655/1181 1184/4654/1181
f 1194/4661/1182 1195/4660/1182 1189/4659/1182 1187/4658/1182
f 1195/4665/1183 1196/4664/1183 1191/4663/1183 1189/4662/1183
f 1196/4669/1184 1193/4668/1184 1185/4667/1184 1191/4666/1184
f 1196/4674/1185 1195/4673/1185 1194/4672/1185 1192/4671/1185 1193/4670/1185
