mtllib materials.mtl
v -0.959284 -3.409252 -0.4064391
v -0.9743345 -3.405588 -0.3482071
v -1.007464 -3.635957 -0.3422708
v -0.9924136 -3.639622 -0.4005029
v -0.9585117 -3.406365 -0.2900696
v -0.9916413 -3.636735 -0.2841334
v -0.9160553 -3.411376 -0.2476048
v -0.949185 -3.641746 -0.2416686
v -0.8583415 -3.419279 -0.2321909
v -0.8914711 -3.649649 -0.2262546
v -0.8008346 -3.427955 -0.2479581
v -0.8339643 -3.658325 -0.2420219
v -0.7589437 -3.435081 -0.2906817
v -0.7920733 -3.665451 -0.2847454
v -0.7438931 -3.438746 -0.3489137
v -0.7770228 -3.669116 -0.3429775
v -0.759716 -3.437968 -0.4070511
v -0.7928457 -3.668338 -0.4011149
v -0.8021724 -3.432957 -0.449516
v -0.8353021 -3.663327 -0.4435797
v -0.8598862 -3.425054 -0.4649299
v -0.8930158 -3.655424 -0.4589936
v -0.917393 -3.416378 -0.4491627
v -0.9505227 -3.646748 -0.4432264
v -0.7950804 -2.705623 -0.454393
v -0.8427444 -2.709534 -0.4446404
v -0.749078 -2.700302 -0.4389749
v -0.7170635 -2.694996 -0.4025172
v -0.7076152 -2.691126 -0.3547888
v -0.7232645 -2.68973 -0.3085784
v -0.7598184 -2.691181 -0.2762681
v -0.8074824 -2.695092 -0.2665154
v -0.8534846 -2.700413 -0.2819336
v -0.8854992 -2.70572 -0.3183914
v -0.8949475 -2.709589 -0.3661197
v -0.8792982 -2.710985 -0.4123301
v -0.8217123 -1.368694 -0.3535385
v -0.860529 -1.366202 -0.3464641
v -0.7849389 -1.375486 -0.3407094
v -0.7600619 -1.384755 -0.3114144
v -0.7537473 -1.39402 -0.273503
v -0.7676872 -1.400798 -0.2371334
v -0.7981461 -1.403271 -0.2120509
v -0.8369626 -1.400779 -0.2049764
v -0.8737363 -1.393988 -0.2178055
v -0.8986131 -1.384718 -0.2471007
v -0.9049276 -1.375452 -0.2850121
v -0.8909879 -1.368675 -0.3213815
v -0.6787186 -0.717503 -0.2599174
v -0.6486682 -0.7359899 -0.2553096
v -0.6264358 -0.7538563 -0.2340368
v -0.6179788 -0.7663163 -0.201799
v -0.6255629 -0.7700285 -0.1672343
v -0.6471567 -0.7640029 -0.1396043
v -0.6769732 -0.7498482 -0.1263125
v -0.707024 -0.731362 -0.1309203
v -0.7292559 -0.7134949 -0.1521931
v -0.7377129 -0.7010351 -0.1844309
v -0.7301285 -0.6973218 -0.2189956
v -0.7085356 -0.7033511 -0.2466256
v -0.505324 -0.4561373 -0.1836378
v -0.4812039 -0.4771837 -0.1844949
v -0.462544 -0.4985979 -0.1697052
v -0.4543443 -0.5146416 -0.1432312
v -0.4588017 -0.5210153 -0.1121668
v -0.4747219 -0.5160099 -0.08483592
v -0.4978394 -0.5009698 -0.06856146
v -0.5219598 -0.4799233 -0.06770438
v -0.5406194 -0.45851 -0.08249429
v -0.5488189 -0.4424656 -0.1089682
v -0.5443617 -0.4360937 -0.1400325
v -0.5284415 -0.4410966 -0.1673636
v -0.3430372 -0.1933254 -0.1180301
v -0.3656389 -0.1776944 -0.1015882
v -0.227648 -0.3414894 -0.1062599
v -0.2243001 -0.3582319 -0.07916701
v -0.23181 -0.3629962 -0.0484041
v -0.2481676 -0.3545118 -0.02221397
v -0.2689888 -0.3350483 -0.007614464
v -0.2902586 -0.3080812 -0.03752455
v -0.03234428 -0.2570547 -0.02020776
v -0.2674694 -0.311592 -0.09145668
v -0.3187492 -0.2175878 -0.0903888
v -0.3816012 -0.1988588 -0.01821235
v -0.3879036 -0.1808904 -0.04395798
v -0.3820608 -0.1731437 -0.07447574
v -0.2831608 0.0186173 -0.04640672
v -0.31168 0.008690745 -0.03574821
v -0.3383322 -0.2279049 -0.03510264
v -0.2666264 -0.01199016 0.03656688
v -0.05888611 -0.1999091 -0.03449976
v -0.08200091 -0.1891578 0.01793858
v -0.2539313 0.01777092 -0.01342845
v -0.2831608 0.0186173 -0.04640672
v -0.02949232 -0.2401722 -0.04714391
v -0.08199555 -0.1890784 0.01765904
v 0.3481599 0.07374683 0.02103832
v -0.0294975 -0.2402504 -0.04686448
v -0.07143903 -0.2205289 0.04855531
v 0.343827 0.07661834 0.07911289
v -0.04246426 -0.2589189 0.01011708
v -0.05680346 -0.2455531 0.03543922
v -0.0715192 -0.2205382 0.04897439
v -0.0291543 -0.2404612 -0.04740921
v 0.3733126 0.01433244 0.01761568
v -0.3182147 -0.0293487 0.04276693
v -0.3319187 -0.01900324 0.01573655
v -0.3295268 -0.005080551 -0.01300207
v -0.2743646 0.3745073 0.1042525
v -0.3027987 0.3674747 0.1171951
v -0.3182147 -0.0293487 0.04276693
v -0.2743646 0.3745073 0.1042525
v -0.3182147 -0.0293487 0.04276693
v -0.2539313 0.01777092 -0.01342845
v -0.3073615 0.3304881 0.1979421
v -0.3068753 0.3305668 0.1964127
v -0.257393 0.3416916 0.1465929
v -0.1559219 0.501036 0.2269819
v -0.1606215 0.5261072 0.2057629
v -0.3068753 0.3305668 0.1964127
v -0.3215691 0.3421043 0.1704046
v -0.3200765 0.3556155 0.1414087
v -0.4845708 0.7571043 0.3347083
v 0.3732438 0.007929951 0.0489921
v 0.3687886 0.01747051 0.07923403
v 0.3611424 0.04040232 0.1002389
v 0.368979 0.03496566 -0.006487519
v 0.6062642 0.1779803 -0.04388008
v 0.3688438 0.03509417 -0.005836606
v 0.3610855 0.04047742 0.0998224
v 0.5552623 0.2203917 0.016792
v 0.3687661 0.03521672 -0.006088376
v 0.3437489 0.07673994 0.07886106
v 0.5439813 0.2223345 -0.04038009
v 0.5829787 0.1587414 -0.0270505
v 0.5858421 0.1653754 0.004146785
v 0.5816367 0.1854667 0.0287281
v 0.5977907 0.2049166 -0.02078906
v 0.7000604 0.2287969 -0.07621887
v 0.5756474 0.202454 -0.002785087
v 0.581461 0.1855625 0.02835104
v 0.6423163 0.2948247 0.02283156
v 0.567546 0.2104196 -0.03039879
v 0.5551054 0.2205166 0.0165835
v 0.631678 0.3383321 -0.04987243
v 0.6346471 0.183416 -0.03389817
v 0.7177162 0.2296635 -0.01693431
v 0.644357 0.2220515 0.008039623
v 0.7266322 0.2677483 -0.02739918
v 0.6484501 0.2736191 -0.01186681
v 0.6658419 0.2563619 0.02244094
v 0.8706672 0.5327343 0.2168152
v 0.63239 0.2953838 -0.07815528
v 0.6606823 0.3162459 -0.04605752
v 0.820141 0.5369257 -0.1429177
v 0.8436371 0.5147794 -0.136153
v 0.950739 0.2922548 -0.08271411
v 0.9307929 0.2703318 -0.1223329
v 0.9479897 0.2628998 -0.08130974
v 1.266204 0.392811 -0.1644218
v 1.250957 0.4017545 -0.2106343
v 1.258752 0.3691691 -0.1804471
v 0.8849124 0.5230268 0.1794777
v 0.8989029 0.4981522 0.2105061
v 0.9714414 0.6708287 0.3454234
v 0.9993173 0.6756862 0.3155807
v 1.009095 0.6460704 0.3439465
v 1.046249 0.8420743 0.4894485
v 1.077324 0.8473991 0.4630423
v 1.084084 0.817706 0.4921959
v 0.8319248 0.5075983 -0.1767306
v 0.9428511 0.7081956 -0.2531535
v 0.9711711 0.6913613 -0.2514154
v 0.9466023 0.6703304 -0.2795128
v 1.00942 0.867287 -0.3839442
v 1.012905 0.8286103 -0.4091327
v 1.03935 0.8593639 -0.3953391
v 1.018146 1.05954 -0.5401316
v 1.017388 1.018549 -0.5616173
v 1.039388 1.055151 -0.56499
v 0.9576011 1.27871 -0.6812317
v 0.9483581 1.237635 -0.7004605
v 0.9701768 1.272912 -0.7111754
v -0.4661874 0.7340831 0.365474
v -0.4906526 0.7194737 0.3749509
v -0.505385 0.8480223 0.4026557
v -0.1047638 0.6498979 0.3093165
v -0.1129751 0.6709918 0.2850522
v -0.1790015 0.5096549 0.2412092
v -0.1312345 0.6523322 0.3194538
v -0.1182146 0.7675728 0.3856891
v -0.1449688 0.7604803 0.3922709
v -0.1301181 0.7865652 0.3612214
v -0.1679689 0.9446453 0.5007804
v -0.1917063 0.9289693 0.5012244
v -0.1832408 0.9657406 0.4802177
v -0.5280553 0.8328542 0.4152125
v -0.5246564 0.8582872 0.3660814
v -0.5395705 0.9741534 0.3986105
v -0.5596732 0.9620794 0.4173677
v -0.563446 0.9738578 0.3633355
v -0.555594 1.159269 0.3451855
v -0.5814173 1.149292 0.3128123
v -0.5731348 1.149742 0.3676176
v -0.4954517 0.3152795 -0.1311116
v -0.3136337 0.2370318 0.08617437
v -0.3167017 0.2329976 0.08722705
v -0.3096787 0.2390899 0.0835444
v -0.3058963 0.2386205 0.08004189
v -0.3032999 0.2357493 0.07660526
v -0.3025854 0.2312456 0.07415545
v -0.3039441 0.2263163 0.07334882
v -0.307012 0.2222821 0.0744015
v -0.3109671 0.220224 0.07703146
v -0.3147495 0.2206934 0.08053398
v -0.3173458 0.2235646 0.08397058
v -0.3180604 0.2280683 0.08642042
v -0.5919294 0.4391024 0.2284339
v -0.3518077 0.4505491 0.2067127
v -0.3514501 0.4458217 0.2087907
v -0.3523838 0.4535904 0.2025637
v -0.353024 0.4541306 0.1974556
v -0.3535569 0.452025 0.192757
v -0.3538396 0.4478377 0.1897268
v -0.3537965 0.4426908 0.1891771
v -0.3534389 0.4379633 0.1912551
v -0.3528628 0.434922 0.1954041
v -0.3522226 0.4343818 0.2005122
v -0.3516897 0.4364875 0.2052108
v -0.3514069 0.4406747 0.2082409
v -0.5815589 0.4938375 0.5402368
v -0.4228007 0.604697 0.3080708
v -0.419098 0.6011983 0.3089898
v -0.4272256 0.6060348 0.3057415
v -0.431187 0.6048534 0.3026261
v -0.4336236 0.6014692 0.2995594
v -0.4338825 0.596789 0.297363
v -0.4318942 0.592067 0.2966254
v -0.4281915 0.5885683 0.2975445
v -0.4237666 0.5872304 0.2998738
v -0.4198052 0.5884119 0.3029891
v -0.4173686 0.591796 0.3060559
v -0.4171097 0.5964762 0.3082523
v -0.4054365 0.7952124 0.4384479
v -0.4759718 0.7400745 0.3598446
v -0.4722068 0.7366079 0.3590682
v -0.4800723 0.7417095 0.3625478
v -0.4834097 0.7410748 0.3664535
v -0.4850896 0.7383405 0.3705151
v -0.4846619 0.7342393 0.3736443
v -0.4822413 0.7298701 0.3750027
v -0.4784763 0.7264036 0.3742263
v -0.4743758 0.7247685 0.3715231
v -0.4710384 0.7254032 0.3676174
v -0.4693585 0.7281375 0.3635558
v -0.4697862 0.7322387 0.3604266
v -0.637229 0.8484441 0.3096261
v -0.5109503 0.8320029 0.3871034
v -0.5131706 0.8280917 0.3897604
v -0.5081676 0.8336647 0.3826357
v -0.5055683 0.8326317 0.3775544
v -0.5038488 0.8291808 0.373221
v -0.5034698 0.8242368 0.3707967
v -0.5045329 0.8191241 0.3709311
v -0.5067533 0.815213 0.3735881
v -0.5095359 0.8135513 0.3780558
v -0.5121352 0.8145843 0.3831371
v -0.5138547 0.8180351 0.3874705
v -0.5142337 0.8229792 0.3898948
v -0.692407 0.9769868 0.4703891
v -0.5495066 0.9584187 0.4052949
v -0.5485946 0.9545469 0.4086073
v -0.5514296 0.9601108 0.4007967
v -0.5538481 0.9591696 0.3963179
v -0.5561144 0.9558475 0.3930587
v -0.5576209 0.9510345 0.3918923
v -0.5579643 0.9460204 0.3931313
v -0.5570522 0.9421486 0.3964437
v -0.5551293 0.9404565 0.4009419
v -0.5527107 0.9413977 0.4054207
v -0.5504444 0.9447198 0.40868
v -0.5489379 0.9495327 0.4098463
v -0.5157648 1.070247 0.4160978
v -0.5527313 1.045667 0.3761193
v -0.5495989 1.041546 0.3760917
v -0.556552 1.048379 0.3783198
v -0.5600371 1.048956 0.3821034
v -0.562253 1.047242 0.3864565
v -0.5626057 1.043698 0.3902125
v -0.5610009 1.039272 0.3923652
v -0.5578684 1.035151 0.3923375
v -0.5540478 1.032439 0.390137
v -0.5505626 1.031863 0.3863534
v -0.5483468 1.033576 0.3820003
v -0.5479941 1.037121 0.3782443
v -0.5398155 1.130275 0.2896813
v -0.5802598 1.1208 0.3352954
v -0.5811826 1.11615 0.3332176
v -0.5773343 1.123895 0.3382384
v -0.5731902 1.124604 0.3412579
v -0.5689376 1.122738 0.3435447
v -0.5657162 1.118797 0.3444863
v -0.5643891 1.113837 0.3438302
v -0.5653118 1.109187 0.3417523
v -0.5682373 1.106092 0.3388093
v -0.5723816 1.105383 0.3357899
v -0.5766341 1.107249 0.333503
v -0.5798555 1.11119 0.3325614
v -0.1951215 0.3205716 0.1510428
v -0.2694136 0.3226079 0.1264052
v -0.267884 0.3201202 0.1221312
v -0.2708818 0.3225068 0.1313679
v -0.2718953 0.3198442 0.1356897
v -0.2721826 0.3153333 0.1382124
v -0.2716666 0.3101829 0.1382603
v -0.2704856 0.305773 0.1358203
v -0.2689561 0.3032854 0.1315463
v -0.2674878 0.3033864 0.1265836
v -0.2664743 0.3060491 0.1222618
v -0.266187 0.31056 0.119739
v -0.266703 0.3157103 0.1196912
v -0.165533 0.4093864 0.2630798
v -0.2186887 0.4347323 0.1999322
v -0.2151357 0.4331477 0.1965175
v -0.2226676 0.4336856 0.2030735
v -0.2260062 0.430288 0.2050998
v -0.2278098 0.4254501 0.205468
v -0.2275954 0.4204679 0.2040796
v -0.2254202 0.4166767 0.2013065
v -0.2218672 0.4150921 0.1978918
v -0.2178883 0.4161389 0.1947505
v -0.2145498 0.4195364 0.1927243
v -0.2127461 0.4243744 0.192356
v -0.2129605 0.4293564 0.1937444
v -0.2641043 0.5688728 0.1368859
v -0.215688 0.455674 0.1958457
v -0.2187769 0.4528734 0.1927781
v -0.2112035 0.4581304 0.1966521
v -0.206525 0.4595844 0.1949811
v -0.2029061 0.4596466 0.1912805
v -0.2013165 0.4583 0.1865418
v -0.2021821 0.4559056 0.1820349
v -0.2052709 0.4531051 0.1789672
v -0.2097555 0.4506487 0.1781608
v -0.214434 0.4491946 0.1798318
v -0.2180529 0.4491325 0.1835324
v -0.2196425 0.4504791 0.1882711
v -0.1399599 0.555023 0.3458644
v -0.132719 0.5831629 0.2699248
v -0.1309029 0.5785141 0.2685517
v -0.1367153 0.5863093 0.2708861
v -0.141821 0.5871104 0.2711781
v -0.146668 0.5853515 0.2707225
v -0.1499575 0.5815037 0.2696415
v -0.1508082 0.5765982 0.2682246
v -0.1489921 0.5719494 0.2668515
v -0.1449958 0.568803 0.2658902
v -0.1398901 0.5680019 0.2655982
v -0.1350431 0.5697608 0.2660538
v -0.1317536 0.5736085 0.2671348
v 0.0428322 0.7306901 0.289235
v -0.1172732 0.6819156 0.310296
v -0.1164245 0.6779929 0.3070269
v -0.1171514 0.6838614 0.3150913
v -0.1160919 0.6833086 0.3201278
v -0.1143785 0.6804055 0.3240561
v -0.1124702 0.67593 0.3258235
v -0.1108786 0.6710813 0.3249565
v -0.1100299 0.6671586 0.3216874
v -0.1101517 0.665213 0.3168921
v -0.1112112 0.6657658 0.3118556
v -0.1129246 0.6686689 0.3079273
v -0.1148328 0.6731443 0.3061599
v -0.2472509 0.7816004 0.3341076
v -0.1333394 0.7533129 0.3731847
v -0.1347332 0.748329 0.3732971
v -0.1315452 0.7574084 0.3705764
v -0.1298314 0.7595179 0.366171
v -0.1286572 0.7590764 0.361149
v -0.1283372 0.7562019 0.3568559
v -0.1289572 0.7516649 0.3544422
v -0.130351 0.746681 0.3545545
v -0.1321452 0.7425855 0.3571628
v -0.133859 0.740476 0.3615683
v -0.1350332 0.7409176 0.3665903
v -0.1353532 0.7437919 0.3708834
v -0.1416781 0.8301805 0.4542533
v -0.1419935 0.8370388 0.4289271
v -0.1444559 0.8325337 0.4282668
v -0.1419146 0.8418771 0.4307653
v -0.1442404 0.8457524 0.4332889
v -0.1483476 0.847626 0.4358217
v -0.1531357 0.8469962 0.437685
v -0.1573218 0.8440315 0.4383796
v -0.1597842 0.8395264 0.4377193
v -0.1598631 0.8346881 0.4358811
v -0.1575373 0.8308128 0.4333575
v -0.1534301 0.8289392 0.4308247
v -0.148642 0.829569 0.4289614
v -0.1498305 0.9218477 0.4533077
v -0.1687416 0.9105353 0.4495128
v -0.1655455 0.9064739 0.4492227
v -0.1708781 0.9143717 0.4522537
v -0.1713824 0.9169551 0.4567109
v -0.1701194 0.9175934 0.4616901
v -0.1674275 0.9161154 0.4658571
v -0.164028 0.9129171 0.4680955
v -0.1608318 0.9088558 0.4678053
v -0.1586954 0.9050193 0.4650645
v -0.1581911 0.9024359 0.4606073
v -0.1594541 0.9017977 0.4556281
v -0.162146 0.9032757 0.451461
v -0.2821629 0.09777054 0.233185
v -0.2990326 0.1661002 0.118921
v -0.2939997 0.1652039 0.1177143
v -0.304432 0.1642137 0.11883
v -0.3087513 0.1600501 0.1174658
v -0.310833 0.1547249 0.1151939
v -0.3101195 0.149665 0.1126231
v -0.3068017 0.1462263 0.1104421
v -0.3017689 0.14533 0.1092355
v -0.2963694 0.1472164 0.1093264
v -0.2920502 0.1513801 0.1106906
v -0.2899684 0.1567053 0.1129625
v -0.290682 0.1617651 0.1155334
v -0.1627893 0.03626153 0.01121607
v -0.2633471 0.03074422 -0.001761645
v -0.2626611 0.0261792 -0.004103661
v -0.2639251 0.03351817 0.002570331
v -0.2642403 0.03375773 0.007731557
v -0.2642083 0.03139874 0.01233906
v -0.2638376 0.0270733 0.01515827
v -0.2632275 0.02194038 0.01543379
v -0.2625416 0.01737536 0.01309177
v -0.2619635 0.01460142 0.008759797
v -0.2616483 0.01436186 0.003598601
v -0.2616803 0.01672084 -0.001008928
v -0.262051 0.02104629 -0.003828138
v -0.3340883 0.00828591 -0.1180862
v -0.3162619 -0.02705773 -0.05000544
v -0.3166126 -0.03159769 -0.05246729
v -0.3135323 -0.02284805 -0.04873154
v -0.3091552 -0.02009664 -0.04898691
v -0.3043033 -0.01954073 -0.05070317
v -0.3002768 -0.02132928 -0.05342039
v -0.2981546 -0.02498305 -0.05641055
v -0.2985052 -0.02952301 -0.0588724
v -0.3012348 -0.03373268 -0.0601463
v -0.305612 -0.03648409 -0.05989093
v -0.3104638 -0.03704 -0.0581747
v -0.3144903 -0.03525145 -0.05545744
v -0.4572035 -0.05162131 -0.03378996
v -0.359436 -0.1082999 -0.02462581
v -0.3616079 -0.1122271 -0.02720553
v -0.3569424 -0.1037638 -0.02463558
v -0.3547952 -0.09983413 -0.0272322
v -0.3535699 -0.09756389 -0.03171989
v -0.3535947 -0.09756141 -0.03689623
v -0.3548629 -0.09982733 -0.04137418
v -0.3570349 -0.1037545 -0.04395387
v -0.3595285 -0.1082907 -0.04394412
v -0.3616756 -0.1122203 -0.0413475
v -0.362901 -0.1144906 -0.03685978
v -0.3628762 -0.114493 -0.03168347
v -0.31916 -0.215534 0.09689683
v -0.345351 -0.1741189 -0.01811886
v -0.3477065 -0.1786251 -0.01908863
v -0.3454946 -0.1692998 -0.01623443
v -0.3480988 -0.1654592 -0.01394024
v -0.3524657 -0.1636262 -0.01185107
v -0.3574254 -0.1642919 -0.01052666
v -0.3616487 -0.1672779 -0.01032189
v -0.3640042 -0.1717842 -0.01129165
v -0.3638606 -0.1766032 -0.01317608
v -0.3612564 -0.1804438 -0.01547027
v -0.3568895 -0.1822768 -0.01755947
v -0.3519298 -0.1816111 -0.01888388
v -0.3828743 -0.3308721 -0.09183091
v -0.3953131 -0.3133052 -0.09788755
v -0.3941448 -0.3148911 -0.1026745
v -0.3976235 -0.3141325 -0.09332982
v -0.4004569 -0.3171511 -0.0902226
v -0.4030541 -0.3215522 -0.08939844
v -0.4047192 -0.3261566 -0.09107819
v -0.405006 -0.3297306 -0.09481174
v -0.4038377 -0.3313164 -0.09959874
v -0.4015273 -0.3304892 -0.1041564
v -0.3986939 -0.3274706 -0.1072637
v -0.3960967 -0.3230695 -0.1080878
v -0.3944317 -0.318465 -0.1064081
v -0.433315 -0.4007229 -0.07959265
v -0.4365261 -0.4228102 -0.07823586
v -0.4343065 -0.4228136 -0.08291218
v -0.436248 -0.4219312 -0.07314226
v -0.4335467 -0.420412 -0.06899619
v -0.4291459 -0.4186598 -0.0669086
v -0.4242249 -0.4171441 -0.06743884
v -0.4201022 -0.4162709 -0.07044488
v -0.4178826 -0.4162743 -0.07512119
v -0.4181607 -0.4171533 -0.0802148
v -0.420862 -0.4186725 -0.08436087
v -0.4252628 -0.4204247 -0.08644846
v -0.4301838 -0.4219404 -0.08591822
v -0.3919892 -0.3355257 -0.226191
v -0.4372894 -0.3565502 -0.1566812
v -0.4358752 -0.3614714 -0.1574408
v -0.4362827 -0.3518371 -0.1547923
v -0.4331248 -0.348595 -0.1522802
v -0.4286618 -0.3476925 -0.149818
v -0.4240897 -0.3493715 -0.1480654
v -0.4206334 -0.3531821 -0.1474922
v -0.4192192 -0.3581033 -0.1482517
v -0.420226 -0.3628164 -0.1501407
v -0.4233839 -0.3660586 -0.1526528
v -0.4278468 -0.3669611 -0.155115
v -0.432419 -0.365282 -0.1568675
v -0.2494948 -0.2025367 -0.1519695
v -0.329861 -0.1933737 -0.09629807
v -0.3324345 -0.1962 -0.09978864
v -0.3267849 -0.1930944 -0.09214419
v -0.3240305 -0.1954369 -0.08843997
v -0.3223359 -0.1997736 -0.086178
v -0.3221551 -0.2049424 -0.08596435
v -0.3235365 -0.2095584 -0.08785626
v -0.32611 -0.2123847 -0.0913468
v -0.3291861 -0.212664 -0.09550071
v -0.3319404 -0.2103215 -0.0992049
v -0.3336351 -0.2059848 -0.1014669
v -0.3338159 -0.200816 -0.1016805
v -0.6651349 -0.4098919 -0.1238572
v -0.5797336 -0.4966009 -0.1295743
v -0.5845339 -0.5009037 -0.1308235
v -0.5756883 -0.4924988 -0.1311075
v -0.573482 -0.4896966 -0.1350121
v -0.5737057 -0.4889451 -0.1402421
v -0.5762997 -0.4904457 -0.1453959
v -0.5805687 -0.4937963 -0.1490926
v -0.5853691 -0.498099 -0.1503417
v -0.5894143 -0.5022011 -0.1488086
v -0.5916207 -0.5050033 -0.1449039
v -0.5913969 -0.5057548 -0.139674
v -0.5888029 -0.5042542 -0.1345202
v -0.2687364 -0.4043855 0.03450373
v -0.2986653 -0.3673637 -0.02906188
v -0.2958139 -0.3705078 -0.03202483
v -0.302957 -0.3664692 -0.02630946
v -0.3075391 -0.368064 -0.02450508
v -0.3111838 -0.3717208 -0.02413219
v -0.3129146 -0.3764597 -0.02529076
v -0.3122675 -0.381011 -0.02767032
v -0.3094161 -0.3841551 -0.03063327
v -0.3051244 -0.3850496 -0.03338569
v -0.3005423 -0.3834548 -0.03519008
v -0.2968976 -0.379798 -0.03556296
v -0.2951669 -0.3750591 -0.0344044
v -0.06925583 -0.3759421 -0.1369202
v -0.1491301 -0.305097 -0.05921799
v -0.1476831 -0.308044 -0.05521598
v -0.1483339 -0.3010122 -0.06229621
v -0.1455078 -0.2968842 -0.06362584
v -0.1414091 -0.2938191 -0.06285065
v -0.137136 -0.2926382 -0.06017831
v -0.1338336 -0.293658 -0.05632487
v -0.1323866 -0.2966051 -0.05232286
v -0.1331829 -0.3006898 -0.04924464
v -0.1360089 -0.3048178 -0.04791501
v -0.1401077 -0.3078828 -0.04869023
v -0.1443807 -0.3090637 -0.05136257
v -0.06827611 0.06808233 0.05170172
v 0.005553067 -0.1380958 0.01461112
v 0.01016581 -0.1356974 0.01115108
v 0.003224432 -0.1398072 0.01960966
v 0.003803909 -0.140373 0.0248073
v 0.007136226 -0.1396417 0.02881134
v 0.01232845 -0.1378092 0.03054887
v 0.0179894 -0.1353665 0.0295544
v 0.02260214 -0.1329681 0.02609432
v 0.02493078 -0.1312566 0.02109578
v 0.0243513 -0.1306908 0.01589817
v 0.02101898 -0.1314221 0.01189414
v 0.01582676 -0.1332546 0.01015657
v 0.1592768 -0.03527614 0.2150144
v 0.1693072 -0.06799128 0.06108236
v 0.1747779 -0.06891436 0.06154567
v 0.1623805 -0.07108405 0.06185722
v 0.1558536 -0.07736396 0.06366262
v 0.1514756 -0.08514831 0.06601483
v 0.1504195 -0.0923513 0.06828356
v 0.1529682 -0.09704289 0.06986091
v 0.1584389 -0.09796596 0.07032421
v 0.1653657 -0.0948732 0.06954935
v 0.1718925 -0.08859329 0.06774396
v 0.1762705 -0.08080894 0.06539172
v 0.1773266 -0.07360594 0.06312299
v 0.4071312 -0.1156314 0.06049794
v 0.3135601 -0.0201294 0.02344495
v 0.3096052 -0.0238491 0.02372506
v 0.3173776 -0.01565246 0.0270212
v 0.3200349 -0.01161788 0.03349555
v 0.3208197 -0.009106711 0.04113317
v 0.3195219 -0.008791819 0.04788762
v 0.3164893 -0.01075758 0.05194902
v 0.3125343 -0.01447728 0.05222914
v 0.3087168 -0.01895422 0.04865289
v 0.3060596 -0.0229888 0.04217857
v 0.3052747 -0.02549998 0.03454092
v 0.3065725 -0.02581487 0.02778646
v 0.3461341 0.1337918 -0.06526202
v 0.3843095 0.07634048 0.008543551
v 0.3850215 0.07257561 0.005063087
v 0.3859532 0.08066024 0.01087436
v 0.3895124 0.08437739 0.01143095
v 0.3940334 0.08649595 0.01006418
v 0.3983046 0.08644824 0.007140309
v 0.4011817 0.08424704 0.003442764
v 0.4018938 0.08048216 -3.769994E-05
v 0.40025 0.07616241 -0.00236848
v 0.3966908 0.07244524 -0.002925068
v 0.3921699 0.0703267 -0.001558334
v 0.3878986 0.07037441 0.001365542
v 0.4570864 0.2864633 0.05902717
v 0.4886384 0.1694046 0.02907231
v 0.4840386 0.1688712 0.02675888
v 0.4935925 0.1708962 0.0289087
v 0.4975735 0.1729465 0.02631184
v 0.4995146 0.1750059 0.02197757
v 0.4988956 0.1765228 0.01706728
v 0.4958826 0.1770906 0.01289666
v 0.4912828 0.1765572 0.01058319
v 0.4863287 0.1750655 0.01074684
v 0.4823477 0.1730153 0.01334369
v 0.4804066 0.1709559 0.01767793
v 0.4810256 0.169439 0.02258825
v 0.64342 0.1098638 0.03705764
v 0.5883988 0.1772379 -0.004764318
v 0.5892166 0.174889 -0.009303987
v 0.5857536 0.1776301 -0.0003321469
v 0.5819898 0.1759604 0.002804905
v 0.5781159 0.1726763 0.003806263
v 0.57517 0.1686577 0.002403647
v 0.5739413 0.1649814 -0.001027137
v 0.5747592 0.1626325 -0.005566806
v 0.5774044 0.1622403 -0.009998947
v 0.5811682 0.16391 -0.013136
v 0.585042 0.1671941 -0.01413739
v 0.587988 0.1712127 -0.01273477
v 0.7170157 0.247229 -0.001495719
v 0.7146012 0.2479466 -0.02371407
v 0.7179639 0.2440129 -0.02360359
v 0.7099559 0.2499075 -0.02254292
v 0.7052729 0.2493701 -0.02040395
v 0.7018068 0.2464784 -0.01787031
v 0.7004865 0.2420072 -0.01562086
v 0.7016658 0.2371545 -0.01425835
v 0.7050285 0.2332208 -0.01414788
v 0.7096738 0.2312599 -0.01531902
v 0.7143568 0.2317973 -0.01745799
v 0.7178228 0.234689 -0.01999164
v 0.7191432 0.2391602 -0.02224109
v 0.6972485 0.3213977 0.08216441
v 0.7068703 0.3373245 0.06976464
v 0.7111607 0.3345575 0.07062018
v 0.7021393 0.3377385 0.06770557
v 0.6982349 0.3356885 0.06499469
v 0.6962036 0.3317239 0.06235838
v 0.6965896 0.3269069 0.06050304
v 0.6992894 0.3225282 0.05992579
v 0.7035797 0.3197612 0.06078133
v 0.7083108 0.3193472 0.06284037
v 0.7122152 0.3213972 0.06555125
v 0.7142465 0.3253618 0.06818756
v 0.7138605 0.3301789 0.07004294
v 0.7509495 0.4203783 0.09654933
v 0.752781 0.4029241 0.1104056
v 0.751587 0.4002021 0.1061677
v 0.7560165 0.406057 0.1129574
v 0.7604266 0.4087612 0.1131393
v 0.7648296 0.4103121 0.1109026
v 0.7680458 0.4102944 0.1068466
v 0.7692132 0.4087125 0.1020581
v 0.7680193 0.4059905 0.09782016
v 0.7647837 0.4028576 0.09526837
v 0.7603736 0.4001534 0.09508649
v 0.7559706 0.3986024 0.09732318
v 0.7527546 0.3986202 0.1013792
v 0.7804484 0.4522947 -0.05707356
v 0.7596191 0.4598081 -0.1136406
v 0.7641338 0.457911 -0.1153181
v 0.75486 0.4590451 -0.1117527
v 0.7511318 0.4558266 -0.1101603
v 0.7494333 0.4510148 -0.1092901
v 0.7502197 0.4458992 -0.1093752
v 0.7532803 0.4418505 -0.1103929
v 0.7577949 0.4399535 -0.1120704
v 0.7625539 0.4407165 -0.1139583
v 0.7662822 0.443935 -0.1155507
v 0.7679807 0.4487468 -0.1164209
v 0.7671944 0.4538623 -0.1163358
v 0.8285055 0.5554556 -0.1842884
v 0.839588 0.5497754 -0.1657166
v 0.837061 0.5452955 -0.1663002
v 0.8430326 0.5532361 -0.1674349
v 0.8464718 0.5547506 -0.1709949
v 0.8489841 0.5539129 -0.1754425
v 0.8498963 0.5509475 -0.1795861
v 0.8489641 0.5466491 -0.1823154
v 0.8464371 0.5421692 -0.182899
v 0.8429925 0.5387084 -0.1811806
v 0.8395534 0.537194 -0.1776206
v 0.8370411 0.5380317 -0.173173
v 0.8361288 0.540997 -0.1690294
v 0.9870858 0.6996136 -0.2909006
v 0.9740238 0.7176807 -0.2891801
v 0.9723738 0.7161914 -0.293855
v 0.9744962 0.7167971 -0.2841016
v 0.9736646 0.7137774 -0.2799803
v 0.9717517 0.7094309 -0.2779205
v 0.96927 0.704922 -0.2784741
v 0.9668847 0.7014589 -0.2814928
v 0.9652348 0.6999698 -0.2861677
v 0.9647622 0.7008533 -0.2912462
v 0.9655939 0.7038729 -0.2953675
v 0.9675068 0.7082195 -0.2974273
v 0.9699885 0.7127284 -0.2968737
v 1.015914 0.846792 -0.3508182
v 1.005115 0.8429078 -0.3700093
v 1.009854 0.8432933 -0.3720558
v 1.00175 0.8404695 -0.3669238
v 1.000659 0.8366315 -0.363626
v 1.002135 0.8324225 -0.3609996
v 1.005784 0.82897 -0.3597483
v 1.010626 0.8271992 -0.3602074
v 1.015365 0.8275846 -0.3622539
v 1.018731 0.8300231 -0.3653395
v 1.019822 0.833861 -0.3686372
v 1.018345 0.83807 -0.3712637
v 1.014697 0.8415226 -0.372515
v 0.9967246 0.9693583 -0.4882838
v 1.016926 0.9710127 -0.478841
v 1.016457 0.9658804 -0.4783572
v 1.017319 0.9752157 -0.4818369
v 1.017531 0.9773632 -0.486542
v 1.017504 0.9768798 -0.4916957
v 1.017247 0.973895 -0.495917
v 1.016827 0.9692086 -0.4980749
v 1.016358 0.9640762 -0.497591
v 1.015965 0.9598732 -0.4945952
v 1.015754 0.9577256 -0.48989
v 1.01578 0.9582092 -0.4847363
v 1.016038 0.9611939 -0.480515
v 1.062427 0.9836186 -0.5556237
v 1.028231 1.005392 -0.5271674
v 1.024752 1.003955 -0.5307204
v 1.03125 1.004235 -0.523125
v 1.033 1.000794 -0.5196761
v 1.033011 0.9959911 -0.5177451
v 1.031281 0.9911135 -0.5178492
v 1.028273 0.9874681 -0.5199606
v 1.024793 0.9860314 -0.5235136
v 1.021774 0.9871886 -0.527556
v 1.020025 0.9906296 -0.5310048
v 1.020013 0.9954321 -0.5329359
v 1.021744 1.00031 -0.5328318
v 0.9125023 1.169472 -0.5919392
v 0.9904839 1.168471 -0.6246778
v 0.989748 1.163488 -0.6258689
v 0.9898981 1.173486 -0.6258172
v 0.9881475 1.17719 -0.6289821
v 0.9857014 1.178589 -0.6333241
v 0.9832151 1.177309 -0.6376801
v 0.9813547 1.173692 -0.6408827
v 0.9806188 1.168709 -0.6420739
v 0.9812047 1.163694 -0.6409344
v 0.9829552 1.15999 -0.6377696
v 0.9854014 1.158591 -0.6334275
v 0.9878877 1.159871 -0.6290715
v 0.7723961 0.3566157 -0.1524628
v 0.793085 0.2558613 -0.07052469
v 0.7929815 0.2525345 -0.07465011
v 0.796398 0.2596358 -0.06716418
v 0.8020331 0.2628466 -0.06546903
v 0.8084799 0.2646334 -0.06589341
v 0.8140115 0.2645175 -0.06832361
v 0.8171452 0.2625298 -0.07210854
v 0.8170418 0.2592029 -0.07623392
v 0.8137287 0.2554284 -0.07959443
v 0.8080937 0.2522176 -0.08128962
v 0.8016467 0.2504308 -0.08086523
v 0.7961153 0.2505468 -0.078435
v 1.001851 0.2002366 -0.1352515
v 0.9743993 0.2861033 -0.1104512
v 0.9727612 0.2868263 -0.115308
v 0.9735844 0.2843047 -0.1056662
v 0.9705348 0.2819125 -0.1022352
v 0.9660676 0.2795677 -0.1010774
v 0.9613796 0.2778984 -0.1025032
v 0.9577273 0.2773522 -0.1061305
v 0.9560891 0.2780752 -0.1109873
v 0.9569041 0.2798737 -0.1157722
v 0.9599538 0.2822659 -0.1192033
v 0.9644209 0.2846108 -0.120361
v 0.9691088 0.28628 -0.1189352
v 1.246623 0.327122 -0.05836561
v 1.171201 0.3612572 -0.1482532
v 1.175323 0.3628055 -0.1509748
v 1.167943 0.3575088 -0.1467939
v 1.166422 0.3525648 -0.1469878
v 1.167045 0.3477499 -0.148783
v 1.169646 0.3443542 -0.1516985
v 1.173528 0.3432876 -0.1549531
v 1.17765 0.344836 -0.1576747
v 1.180908 0.3485843 -0.159134
v 1.182429 0.3535283 -0.15894
v 1.181806 0.3583432 -0.1571448
v 1.179205 0.361739 -0.1542293
v 0.9633758 0.4086361 0.03794682
v 0.8287684 0.4438871 0.1453468
v 0.8310149 0.4409788 0.1489922
v 0.8281831 0.4484577 0.1429883
v 0.8294159 0.4534658 0.1425489
v 0.8321365 0.4575697 0.1441463
v 0.835616 0.4596696 0.1473523
v 0.8389219 0.4592029 0.1513081
v 0.8411685 0.4562946 0.1549536
v 0.8417537 0.451724 0.157312
v 0.8405209 0.4467158 0.1577514
v 0.8378003 0.442612 0.1561541
v 0.8343208 0.4405121 0.152948
v 0.8891957 0.5285089 0.3902496
v 0.9361604 0.5917131 0.2729744
v 0.9403516 0.5886793 0.273132
v 0.9312478 0.592501 0.2715459
v 0.9269302 0.5908319 0.2692294
v 0.9243643 0.587153 0.2666455
v 0.9242377 0.5824499 0.2644866
v 0.9265845 0.5779831 0.2633311
v 0.9307756 0.5749493 0.2634887
v 0.9356883 0.5741614 0.2649172
v 0.940006 0.5758306 0.2672337
v 0.9425719 0.5795095 0.2698177
v 0.9426984 0.5842124 0.2719766
v 0.907113 0.7835377 0.3065215
v 0.9844261 0.6858337 0.3573124
v 0.9835814 0.6830699 0.3530179
v 0.9871274 0.689436 0.3598663
v 0.9909614 0.6929114 0.3599951
v 0.9949008 0.6953288 0.3576645
v 0.9978901 0.6960405 0.3534988
v 0.9991282 0.6948557 0.3486143
v 0.9982835 0.6920919 0.3443198
v 0.9955822 0.6884897 0.341766
v 0.9917482 0.6850142 0.3416371
v 0.9878088 0.6825968 0.3439678
v 0.9848195 0.6818851 0.3481334
v 1.177264 0.8267848 0.4276516
v 1.059361 0.8015167 0.4367567
v 1.060338 0.7968029 0.4348539
v 1.059091 0.804758 0.4407836
v 1.0596 0.8056583 0.4458556
v 1.060752 0.8039764 0.4506136
v 1.062238 0.8001629 0.4537828
v 1.06366 0.7952397 0.4545139
v 1.064637 0.7905258 0.4526111
v 1.064907 0.7872845 0.4485842
v 1.064398 0.7863842 0.4435122
v 1.063246 0.7880661 0.4387541
v 1.06176 0.7918797 0.435585
v -0.4992015 -0.782284 -0.3462886
v -0.6223254 -0.7190781 -0.2351205
v -0.6260007 -0.7207829 -0.2383423
v -0.6190829 -0.719916 -0.2311734
v -0.6171423 -0.7230724 -0.2275587
v -0.6170233 -0.7277013 -0.2252449
v -0.618758 -0.7325625 -0.224852
v -0.6218815 -0.7363535 -0.2264853
v -0.6255569 -0.7380583 -0.2297071
v -0.6287993 -0.7372203 -0.2336542
v -0.6307399 -0.734064 -0.2372689
v -0.6308589 -0.729435 -0.2395827
v -0.6291242 -0.7245739 -0.2399756
v -0.604695 -0.9765366 -0.05712652
v -0.6863598 -0.9606704 -0.1738039
v -0.6887704 -0.9652531 -0.1726943
v -0.6861466 -0.9547415 -0.172843
v -0.6881879 -0.9490552 -0.170069
v -0.6919368 -0.9451352 -0.1662252
v -0.6963887 -0.9440317 -0.1623415
v -0.7003508 -0.9460405 -0.1594586
v -0.7027614 -0.9506233 -0.158349
v -0.7029746 -0.9565521 -0.1593099
v -0.7009332 -0.9622384 -0.1620839
v -0.6971843 -0.9661585 -0.1659277
v -0.6927325 -0.9672619 -0.1698114
v -0.5789521 -1.060944 -0.4672638
v -0.736504 -1.041278 -0.2799391
v -0.7396617 -1.044621 -0.2823155
v -0.7325242 -1.040355 -0.2767603
v -0.7287887 -1.042101 -0.2736306
v -0.7262984 -1.046046 -0.2713888
v -0.7257205 -1.051135 -0.2706355
v -0.72721 -1.056003 -0.2715726
v -0.7303677 -1.059346 -0.2739489
v -0.7343475 -1.060269 -0.2771278
v -0.738083 -1.058523 -0.2802574
v -0.7405733 -1.054578 -0.2824993
v -0.7411511 -1.049489 -0.2832525
v -0.9823622 -1.167311 -0.3247136
v -0.843284 -1.20717 -0.2668385
v -0.8472286 -1.214471 -0.2635348
v -0.8398125 -1.202754 -0.2717012
v -0.8377443 -1.202408 -0.27682
v -0.8376336 -1.206224 -0.2808233
v -0.83951 -1.213179 -0.2826384
v -0.8428708 -1.22141 -0.281779
v -0.8468155 -1.228712 -0.2784753
v -0.850287 -1.233127 -0.2736126
v -0.8523552 -1.233473 -0.2684938
v -0.8524659 -1.229657 -0.2644905
v -0.8505895 -1.222702 -0.2626754
v -0.7355204 -1.371233 -0.1521989
v -0.7866026 -1.390123 -0.2216785
v -0.7868485 -1.395006 -0.2199773
v -0.7883168 -1.385241 -0.2215529
v -0.7915319 -1.381666 -0.2196342
v -0.7953864 -1.380358 -0.2164364
v -0.7988476 -1.381666 -0.2128164
v -0.8009878 -1.38524 -0.2097442
v -0.8012338 -1.390123 -0.208043
v -0.7995195 -1.395006 -0.2081686
v -0.7963045 -1.39858 -0.2100873
v -0.79245 -1.399889 -0.2132851
v -0.7889888 -1.39858 -0.2169051
v -0.5959936 -1.559224 -0.4346341
v -0.7736262 -1.60039 -0.3489991
v -0.7727036 -1.605439 -0.349669
v -0.7731756 -1.596089 -0.3461535
v -0.7714726 -1.59369 -0.3418948
v -0.7689734 -1.593834 -0.337364
v -0.7663476 -1.596484 -0.3337752
v -0.764299 -1.600929 -0.33209
v -0.7633764 -1.605978 -0.3327599
v -0.763827 -1.610279 -0.3356054
v -0.76553 -1.612678 -0.3398642
v -0.7680293 -1.612534 -0.344395
v -0.770655 -1.609884 -0.3479838
v -0.9424095 -1.754602 -0.4965785
v -0.8730992 -1.771645 -0.3561008
v -0.8744355 -1.776646 -0.3561436
v -0.8697836 -1.76788 -0.3573753
v -0.8653769 -1.766359 -0.3596255
v -0.8610601 -1.76749 -0.3622485
v -0.8579897 -1.77097 -0.3645416
v -0.8569885 -1.775866 -0.3658901
v -0.8583248 -1.780867 -0.3659329
v -0.8616404 -1.784632 -0.3646584
v -0.866047 -1.786153 -0.3624082
v -0.8703638 -1.785022 -0.3597851
v -0.8734342 -1.781542 -0.3574921
v -1.028004 -1.916474 -0.06669584
v -0.8596518 -1.939811 -0.240624
v -0.8585876 -1.944567 -0.2388788
v -0.8624281 -1.936666 -0.2436562
v -0.8661723 -1.935974 -0.2471629
v -0.8698813 -1.93792 -0.2502043
v -0.8725612 -1.941983 -0.2519656
v -0.873494 -1.947075 -0.2519749
v -0.8724297 -1.951831 -0.2502296
v -0.8696535 -1.954976 -0.2471974
v -0.8659092 -1.955668 -0.2436908
v -0.8622003 -1.953722 -0.2406493
v -0.8595203 -1.949659 -0.238888
v -0.6407658 -2.011516 -0.03868118
v -0.7440206 -2.043787 -0.2690477
v -0.7415105 -2.053817 -0.2685351
v -0.750597 -2.036071 -0.2669482
v -0.7594773 -2.032739 -0.2627991
v -0.7682822 -2.034683 -0.2577122
v -0.7746524 -2.041381 -0.2530504
v -0.7768809 -2.05104 -0.250063
v -0.7743707 -2.06107 -0.2495504
v -0.7677943 -2.068785 -0.2516499
v -0.7589139 -2.072118 -0.2557991
v -0.7501091 -2.070174 -0.260886
v -0.7437389 -2.063476 -0.2655477
v -1.014186 -1.509068 -0.1320602
v -0.8710064 -1.506248 -0.2343607
v -0.8668103 -1.513399 -0.2281612
v -0.877127 -1.503773 -0.242335
v -0.8835322 -1.506637 -0.2499476
v -0.8885057 -1.514072 -0.2551586
v -0.8907149 -1.524087 -0.2565717
v -0.8895679 -1.533998 -0.2538083
v -0.8853718 -1.541149 -0.2476089
v -0.8792512 -1.543625 -0.2396345
v -0.872846 -1.540761 -0.2320219
v -0.8678724 -1.533325 -0.226811
v -0.8656632 -1.52331 -0.2253979
v -0.7077686 -2.286086 -0.7801102
v -0.8510654 -2.348018 -0.402755
v -0.8565109 -2.369757 -0.4091096
v -0.8354357 -2.332582 -0.3950055
v -0.81381 -2.327586 -0.3879374
v -0.7919827 -2.334367 -0.3834448
v -0.7758025 -2.351109 -0.3827314
v -0.7696049 -2.373325 -0.3859883
v -0.7750504 -2.395064 -0.3923429
v -0.7906801 -2.410499 -0.4000924
v -0.8123058 -2.415496 -0.4071604
v -0.834133 -2.408715 -0.411653
v -0.8503133 -2.391973 -0.4123665
v -0.5657699 -2.875432 0.07307243
v -0.760875 -2.871919 -0.3052488
v -0.7468098 -2.889237 -0.3119461
v -0.7802157 -2.864654 -0.2944899
v -0.7996497 -2.869388 -0.2825524
v -0.8139695 -2.884854 -0.2726348
v -0.8193382 -2.906906 -0.2673945
v -0.8143173 -2.929637 -0.2682358
v -0.8002521 -2.946955 -0.2749331
v -0.7809114 -2.95422 -0.2856919
v -0.7614775 -2.949486 -0.2976294
v -0.7471577 -2.93402 -0.307547
v -0.741789 -2.911968 -0.3127873
v -0.5667404 1.171684 0.3536281
v -0.5648949 1.16198 0.386831
v -0.5709242 1.136604 0.3852229
v -0.5727133 1.145669 0.351837
v -0.5359368 1.169336 0.3693007
v -0.542004 1.144389 0.3678153
v -0.5497143 1.188463 0.3798751
v -0.5207339 1.195451 0.362231
v -0.5516062 1.198936 0.3469095
v -0.532474 1.209 0.3752137
v -0.5034915 1.21593 0.3575507
v -0.5343896 1.220076 0.3424473
v -0.5124397 1.226977 0.3757697
v -0.4834464 1.233314 0.3579029
v -0.5143604 1.23834 0.343102
v -0.4919933 1.239913 0.3740808
v -0.4630255 1.245003 0.3557788
v -0.4939116 1.251394 0.3414539
v -0.5913923 1.167776 0.316061
v -0.5925545 1.158629 0.3494524
v -0.5813828 1.144845 0.3688617
v -0.5802153 1.153385 0.3353102
v -0.5619925 1.163288 0.3338237
v -0.5508164 1.149006 0.3531014
v -0.6076639 1.175885 0.3374589
v -0.5771035 1.180716 0.3218793
v -0.6065088 1.185798 0.3042865
v -0.625401 1.188138 0.3255363
v -0.5948446 1.193449 0.3101056
v -0.624252 1.198775 0.2925888
v -0.1750554 0.9683824 0.4755177
v -0.1866266 0.9581842 0.5065356
v -0.1817868 0.9368739 0.4968866
v -0.1701972 0.946591 0.4657216
v -0.1525798 0.9611024 0.5008525
v -0.1477485 0.9400163 0.4912721
v -0.1694705 0.9733638 0.5098799
v -0.1354174 0.9760584 0.5041243
v -0.1579077 0.9838626 0.4789593
v -0.1220821 0.9882668 0.5292109
v -0.124625 0.9957854 0.4954914
v -0.09365842 0.9960779 0.5110152
v -0.1208338 0.9878503 0.5308613
v -0.08866093 0.98378 0.5430408
v -0.09364039 0.9960719 0.511039
v 1.051749 0.8603615 0.4824801
v 1.046205 0.8358123 0.5062836
v 1.057671 0.8242027 0.4883478
v 1.063051 0.847993 0.4637496
v 1.078301 0.8417608 0.494688
v 1.089615 0.829448 0.4760156
v 1.030318 0.8525149 0.5265561
v 1.062467 0.8587121 0.5152405
v 1.036058 0.877986 0.5037904
v 1.012331 0.8732885 0.5496807
v 1.044572 0.8799033 0.5388756
v 1.018261 0.8996195 0.5279661
v 0.9959176 0.8874325 0.5713377
v 1.028207 0.8942558 0.5608107
v 1.002054 0.9146498 0.5508057
v 1.062536 0.8381678 0.4820349
v 1.088144 0.8181278 0.4939771
v 1.068324 0.8058418 0.4894662
v 1.042598 0.8250809 0.4765043
v 1.095232 0.8442205 0.4723223
v 1.075459 0.8322535 0.4682172
v 1.107564 0.8371488 0.5041704
v 1.114527 0.8627687 0.4819188
v 1.082311 0.8585329 0.4939247
v 1.129449 0.8460579 0.5072511
v 1.136209 0.8711452 0.4843398
v 1.104464 0.8681459 0.4978774
v 1.12079 0.8514867 0.5045941
v 1.149063 0.8630872 0.4882836
v 1.151896 0.8384111 0.5124306
v 1.108903 0.8384023 0.4823039
v 1.137196 0.8500824 0.4660837
v 1.139335 0.8225214 0.4869603
v 1.23009 0.3918651 -0.1978567
v 1.247048 0.3781343 -0.1709516
v 1.237453 0.3744689 -0.1926599
v 1.220486 0.387906 -0.219708
v 1.264709 0.3906287 -0.1980069
v 1.255121 0.3872445 -0.2195786
v 1.277067 0.3828654 -0.1768398
v 1.247824 0.3879676 -0.1946949
v 1.278009 0.3994174 -0.207256
v 1.29608 0.368754 -0.1894034
v 1.266622 0.3772286 -0.2055403
v 1.297122 0.3837304 -0.2206222
v 1.320878 0.3582148 -0.1944799
v 1.291414 0.3664508 -0.2107297
v 1.321911 0.3728054 -0.2258812
v 1.33918 0.3421457 -0.1868089
v 1.30971 0.3501443 -0.2031663
v 1.340198 0.3561132 -0.2184928
v 0.9247065 1.281989 -0.6974193
v 0.9565592 1.269981 -0.6909994
v 0.9704189 1.250862 -0.6799328
v 0.9383461 1.262144 -0.6865702
v 0.9487089 1.282339 -0.7223945
v 0.9622697 1.262233 -0.7116232
v 0.95514 1.295838 -0.6930679
v 0.9474064 1.308552 -0.7243496
v 0.9235461 1.308636 -0.6992365
v 0.9632874 1.320512 -0.6838391
v 0.9556849 1.333597 -0.7149996
v 0.931906 1.333911 -0.6898111
v 0.9662834 1.338309 -0.6702961
v 0.9589036 1.35198 -0.7012577
v 0.9352267 1.352563 -0.6759781
v 0.920148 0.2680227 -0.1252404
v 0.9288149 0.2594278 -0.1576598
v 0.9197769 0.2600929 -0.1347836
v 0.9110918 0.2683422 -0.1022794
v 0.8954871 0.2635319 -0.1491501
v 0.8864236 0.2637137 -0.1261553
v 0.936035 0.2588047 -0.1820879
v 0.9027386 0.2633905 -0.173702
v 0.9274051 0.2679665 -0.1498142
v 0.9436619 0.2556138 -0.2118544
v 0.9103132 0.259294 -0.2032329
v 0.9350028 0.2642693 -0.1794491
v 0.9408009 0.2577397 -0.1994806
v 0.9146961 0.2560372 -0.2221886
v 0.9474689 0.2550062 -0.2333638
v 0.9488391 0.2443334 -0.2215587
v 0.9226736 0.240591 -0.2439501
v 0.9553488 0.2362842 -0.2546168
v 0.9566809 0.2282891 -0.2369925
v 0.9305627 0.2253062 -0.2595525
v 0.9632267 0.2208178 -0.2701789
v 0.9629011 0.2029808 -0.2467463
v 0.9368687 0.2012273 -0.2695333
v 0.9695657 0.1972139 -0.2802474
v 0.8518782 0.5032331 0.1936516
v 0.8203617 0.4925018 0.1840832
v 0.8252839 0.4798212 0.1595051
v 0.8569367 0.4900406 0.1691831
v 0.8264647 0.5010582 0.2170914
v 0.8313216 0.4886225 0.1924609
v 0.8094933 0.5039611 0.2069166
v 0.8159343 0.511333 0.2401456
v 0.8409846 0.5147805 0.2164686
v 0.7995744 0.509029 0.2294974
v 0.8062298 0.5156755 0.262837
v 0.831094 0.5197524 0.239064
v 0.7857147 0.5138372 0.2669669
v 0.812724 0.5134226 0.2452798
v 0.816775 0.52472 0.2777754
v 0.7786056 0.5010502 0.2921139
v 0.8043667 0.5053728 0.2693613
v 0.809792 0.5114539 0.3030302
v 0.7710387 0.4918169 0.3144096
v 0.7967036 0.4964791 0.2916152
v 0.8023413 0.5018103 0.3253762
v 0.9592149 0.7253048 -0.255862
v 0.9300612 0.709054 -0.2465897
v 0.9341259 0.6872283 -0.2638265
v 0.9630677 0.7038072 -0.2731813
v 0.9483516 0.7266252 -0.2229949
v 0.952266 0.7050322 -0.2402903
v 0.9414471 0.7283034 -0.227433
v 0.9599638 0.7455183 -0.2037522
v 0.9705788 0.744589 -0.2367137
v 0.9535131 0.7446227 -0.2078061
v 0.972585 0.7609446 -0.1839343
v 0.9827838 0.7606848 -0.217039
v 0.9689409 0.7648878 -0.1818027
v 0.9891278 0.7793201 -0.1576325
v 0.9984242 0.7805895 -0.1909787
v 0.9909184 0.7875993 -0.1407956
v 0.9822013 0.7721622 -0.1705564
v 1.010098 0.7926536 -0.169196
v 1.012947 0.7839038 -0.1119791
v 1.00001 0.7753576 -0.1429562
v 1.030664 0.7913474 -0.1408013
v 1.026846 0.7751789 -0.09051722
v 1.014075 0.7663064 -0.1214714
v 1.044943 0.7818739 -0.1192867
v 0.3599199 0.06946278 0.05894434
v 0.3302745 0.06083843 0.04323542
v 0.3379099 0.05968302 0.06703663
v 0.3676414 0.06760506 0.08295134
v 0.3300214 0.07090773 0.07637972
v 0.3377431 0.06904805 0.1003873
v 0.3454872 0.07108709 0.1231444
v 0.3697278 0.07074511 0.09840021
v 0.3363393 0.06693523 0.08999217
v 0.3473944 0.08304295 0.1526416
v 0.3719548 0.07977876 0.1284315
v 0.3388556 0.07332604 0.1205065
v 0.3472624 0.07714441 0.1365033
v 0.3721864 0.09013101 0.1567554
v 0.3392393 0.09048371 0.1674499
v 0.3488528 0.07496311 0.1653341
v 0.3744669 0.08284427 0.1872842
v 0.3418191 0.08098312 0.198715
v 0.3498181 0.07079253 0.197429
v 0.3755257 0.07798155 0.2195069
v 0.3429904 0.07528801 0.2310917
v 0.3557377 0.06419624 0.2197546
v 0.381518 0.07085581 0.2419136
v 0.348983 0.06816003 0.2534987
v 0.3548101 0.05154243 0.2399485
v 0.3806934 0.05736214 0.2622235
v 0.3480856 0.05525991 0.2737266
v 0.06509537 -0.1774402 -0.03651336
v 0.05801696 -0.193347 -0.06646112
v 0.04453504 -0.2029627 -0.04783431
v 0.0511387 -0.1886398 -0.01699203
v 0.03327906 -0.1754737 -0.05007267
v 0.01928484 -0.1867987 -0.03048053
v 0.07071912 -0.1863786 -0.08817789
v 0.04579228 -0.1691213 -0.07141963
v 0.07775581 -0.1706079 -0.05814844
v 0.0839594 -0.1865566 -0.1078022
v 0.05924159 -0.1686151 -0.0914579
v 0.09110111 -0.1704421 -0.07798076
v 0.0981611 -0.1855103 -0.127324
v 0.07351995 -0.1673285 -0.1111303
v 0.1054246 -0.1690139 -0.09774178
v 0.1130417 -0.1853559 -0.1484495
v 0.08835059 -0.1673362 -0.1321509
v 0.1204661 -0.1683372 -0.1192049
v 0.126607 -0.1887768 -0.16776
v 0.1020432 -0.1703247 -0.1517556
v 0.1342918 -0.1708736 -0.1391171
v 0.08594954 -0.1669424 -0.1196026
v 0.08332163 -0.1819559 -0.1507102
v 0.08609712 -0.1809717 -0.1266801
v 0.08870608 -0.1660399 -0.09553158
v 0.0553683 -0.1678955 -0.1358469
v 0.05809784 -0.1671094 -0.1117177
v 0.08454347 -0.1775531 -0.1388559
v 0.05350232 -0.1746194 -0.1539503
v 0.08053869 -0.1864396 -0.1720973
v 0.08119029 -0.1958979 -0.1532394
v 0.04993701 -0.1937763 -0.1680289
v 0.07608598 -0.2089937 -0.1849008
v 0.07698834 -0.2158806 -0.1698779
v 0.04593939 -0.2130437 -0.1849747
v 0.07231587 -0.2274643 -0.2021887
v 0.07404798 -0.2358765 -0.1846464
v 0.04308164 -0.2327455 -0.1998543
v 0.06968987 -0.2463413 -0.2173801
v -0.3549366 -0.1545134 -0.03742492
v -0.3829452 -0.1693081 -0.05144772
v -0.3877333 -0.1665669 -0.02689826
v -0.3593094 -0.1530375 -0.0124402
v -0.3841999 -0.1570717 -0.01906413
v -0.3881801 -0.1567913 0.006331801
v -0.3989717 -0.1606804 0.02075303
v -0.366396 -0.1493256 0.01760751
v -0.3842033 -0.1588743 -0.01053008
v -0.4095601 -0.1474751 0.04411072
v -0.376684 -0.1369722 0.04113531
v -0.3930682 -0.1505566 0.0138036
v -0.4047742 -0.1498341 0.03402573
v -0.3838518 -0.1334392 0.05623966
v -0.4170942 -0.1387141 0.06443238
v -0.4135893 -0.1512109 0.05738604
v -0.3919966 -0.1369738 0.08043072
v -0.4242918 -0.1452975 0.08979726
v -0.424101 -0.157425 0.08349952
v -0.4021874 -0.144137 0.1068066
v -0.43448 -0.1524686 0.1161754
v -0.4164951 0.6208998 0.2583689
v -0.4427447 0.6061504 0.2754982
v -0.4337912 0.5908527 0.2960948
v -0.4073528 0.6056323 0.2792849
v -0.4414877 0.6405972 0.2720578
v -0.4330097 0.6252239 0.2918504
v -0.4400874 0.6222321 0.2502945
v -0.4397337 0.6565285 0.2454331
v -0.4148424 0.6368142 0.2315849
v -0.436386 0.6339637 0.2301944
v -0.4368925 0.6680534 0.2240598
v -0.4117905 0.6483898 0.2105234
v -0.4339596 0.6436167 0.2056808
v -0.434736 0.6776304 0.1991642
v -0.4098942 0.6578934 0.1852595
v -0.4335288 0.6481534 0.1796327
v -0.4347374 0.6820408 0.1725484
v -0.4104696 0.6621361 0.1578897
v -0.1524204 0.8402939 0.397616
v -0.1515727 0.8080118 0.3850801
v -0.1340939 0.7932622 0.3916425
v -0.1341695 0.8253747 0.4046341
v -0.1677587 0.8145542 0.4150001
v -0.1503265 0.7998149 0.4215351
v -0.1743977 0.8201042 0.3835569
v -0.1904618 0.8266245 0.4135474
v -0.1760457 0.8525313 0.3956304
v -0.1978691 0.8309562 0.3853716
v -0.2138481 0.8374639 0.4154103
v -0.200068 0.8634651 0.3971334
v -0.2196257 0.8397361 0.3910021
v -0.2349644 0.8461665 0.4213891
v -0.2222426 0.8722955 0.4025363
v -0.261659 0.1175848 0.0599705
v -0.2526973 0.09254926 0.03776899
v -0.2709504 0.08264813 0.02427843
v -0.2819541 0.1066882 0.04666132
v -0.2674639 0.1216147 0.02605793
v -0.2864289 0.1113665 0.01263061
v -0.2269125 0.1035293 0.05087879
v -0.241652 0.1326069 0.03916371
v -0.2341773 0.1293249 0.07282907
v -0.2012006 0.1077451 0.06459603
v -0.2160016 0.1367965 0.05289349
v -0.207258 0.1340552 0.08630058
v -0.1764365 0.104641 0.0735856
v -0.1914772 0.1335932 0.06194308
v -0.1815021 0.1313614 0.09504166
v -0.7008759 -0.6614231 -0.1789029
v -0.71336 -0.6816826 -0.2040762
v -0.7086886 -0.7137654 -0.2029957
v -0.6961092 -0.693975 -0.1774987
v -0.7345273 -0.6696259 -0.1794473
v -0.7300262 -0.7008703 -0.1789453
v -0.7228863 -0.6566703 -0.1988167
v -0.7440563 -0.6446027 -0.1741955
v -0.7105987 -0.6356256 -0.1741969
v -0.7368349 -0.6327016 -0.1922433
v -0.7580225 -0.620572 -0.1676678
v -0.7247506 -0.6109418 -0.1681503
v -0.7519357 -0.6122537 -0.185032
v -0.7731616 -0.6000005 -0.160551
v -0.7399991 -0.5900165 -0.161304
v -0.774266 -0.5901625 -0.1760044
v -0.7955039 -0.5778728 -0.1515521
v -0.7624482 -0.5675623 -0.1525615
v -0.8000351 -0.5699735 -0.1662769
v -0.8210198 -0.5583894 -0.141268
v -0.7882701 -0.5472261 -0.1429502
v -0.6894675 -0.650231 -0.2102143
v -0.7007875 -0.6712096 -0.2353491
v -0.7072517 -0.6970713 -0.2201795
v -0.6955981 -0.6774669 -0.1941053
v -0.7228292 -0.6594909 -0.2113318
v -0.7290868 -0.6862041 -0.19558
v -0.7037734 -0.6500465 -0.2547434
v -0.7258088 -0.6383518 -0.2307084
v -0.6926297 -0.6284138 -0.2300889
v -0.71026 -0.6320213 -0.2756652
v -0.7323469 -0.6201543 -0.2517625
v -0.6993356 -0.6096559 -0.2515728
v -0.7269702 -0.6101182 -0.2955673
v -0.7492533 -0.5976549 -0.272155
v -0.7164319 -0.586579 -0.2724405
v -0.7454813 -0.5957612 -0.3174309
v -0.7679518 -0.5827682 -0.2944906
v -0.7352371 -0.5713909 -0.2950446
v -0.7670188 -0.5876386 -0.3331921
v -0.7892542 -0.5752701 -0.3096845
v -0.7567083 -0.5634446 -0.3106456
v -0.7870073 -0.5794531 -0.3458734
v -0.8090547 -0.5675497 -0.3219521
v -0.7767043 -0.5552405 -0.3233434
v -0.7583059 -1.36831 -0.3273256
v -0.7468787 -1.395398 -0.345648
v -0.7774889 -1.397795 -0.3323433
v -0.7895095 -1.371095 -0.3138341
v -0.7671158 -1.371628 -0.360663
v -0.7976891 -1.374001 -0.3473698
v -0.7218964 -1.403886 -0.3548617
v -0.7416483 -1.379812 -0.3700376
v -0.7326148 -1.376355 -0.3367743
v -0.6982802 -1.411292 -0.3642218
v -0.7179418 -1.387164 -0.3794287
v -0.7085116 -1.383468 -0.3463015
v -0.6749557 -1.420947 -0.3820287
v -0.6944382 -1.396714 -0.3972994
v -0.6847011 -1.392838 -0.3642817
v -0.6531339 -1.436815 -0.4003073
v -0.6721793 -1.412337 -0.4157387
v -0.6621217 -1.408283 -0.3828388
v -0.6360663 -1.453611 -0.4100405
v -0.6547966 -1.428966 -0.4255904
v -0.6445132 -1.424792 -0.3927754
v -0.6240691 -1.47926 -0.4200757
v -0.6425007 -1.454461 -0.4357374
v -0.6324362 -1.450399 -0.4028405
v -0.7350123 -2.138803 -0.3274195
v -0.7638577 -2.153607 -0.339617
v -0.7713463 -2.156024 -0.3367222
v -0.7886211 -2.15611 -0.3066961
v -0.7630559 -2.141316 -0.3072395
v -0.7581864 -2.139744 -0.309122
v -0.8622051 -2.175297 -0.3061906
v -0.8809424 -2.17229 -0.27721
v -0.8485347 -2.160096 -0.2782253
v -0.8692107 -2.152239 -0.2503341
v -0.8810598 -2.171904 -0.2762739
v -0.8486618 -2.159678 -0.2772117
v -0.8684116 -2.152629 -0.2186237
v -0.8821968 -2.167211 -0.2468604
v -0.8496246 -2.155442 -0.2475914
v -0.8678176 -2.148239 -0.1929972
v -0.8814391 -2.163266 -0.2210798
v -0.8488502 -2.151542 -0.2217952
v -0.8690479 -2.149799 -0.1682528
v -0.8826897 -2.164769 -0.1963558
v -0.8499405 -2.153492 -0.1969106
v -0.8699424 -2.151896 -0.1441362
v -0.8835695 -2.16691 -0.1722235
v -0.8507186 -2.155927 -0.1726703
v -0.8729434 -2.160133 -0.1182804
v -0.8866097 -2.175027 -0.1464118
v -0.8535955 -2.16454 -0.1466747
v -0.8787388 -2.175569 -0.09657207
v -0.892661 -2.189625 -0.125008
v -0.8593942 -2.179965 -0.1249703
vn -0.9577917 0.1311491 -0.2558023
vn -0.9543575 0.1439895 0.2616655
vn -0.6952035 0.118248 0.7090202
vn -0.2497712 0.06082213 0.9663929
vn 0.2625881 -0.01290113 0.9648218
vn 0.7045871 -0.08316752 0.7047271
vn 0.9577919 -0.1311492 0.255802
vn 0.9543575 -0.1439895 -0.2616656
vn 0.6952035 -0.118248 -0.7090201
vn 0.2497711 -0.06082213 -0.9663929
vn -0.2625881 0.01290111 -0.9648218
vn -0.7045871 0.08316752 -0.7047271
vn -0.2342591 0.03316338 -0.9716085
vn -0.1423 -0.9894951 0.02549766
vn 0.2574206 -0.004752364 -0.9662879
vn 0.7045808 -0.03612361 -0.7087038
vn 0.9635858 -0.04882369 -0.2629045
vn 0.9667858 -0.04021857 0.2524036
vn 0.7129083 -0.01274669 0.7011415
vn 0.268087 0.02681709 0.9630215
vn -0.2486542 0.06853471 0.9661647
vn -0.6975284 0.1013613 0.7093519
vn -0.9579917 0.1160206 0.2622806
vn -0.9608649 0.1079136 -0.2551342
vn -0.6864501 0.0748402 -0.7233155
vn -0.1916305 0.06952303 -0.9790018
vn 0.3192977 -0.0148843 -0.9475377
vn 0.7538956 -0.04520348 -0.6554374
vn 0.980314 -0.05512072 -0.1895951
vn 0.9458708 -0.04337057 0.3216323
vn 0.6625187 -0.01373169 0.7489195
vn 0.1982938 0.0266084 0.9797814
vn -0.3240708 0.06748444 0.9436228
vn -0.7548239 0.09774839 0.6486032
vn -0.9767426 0.1092417 0.1845002
vn -0.941583 0.09911498 -0.3218658
vn 0.3232182 0.07813948 -0.9430929
vn 0.7564684 0.0693754 -0.6503403
vn 0.9829716 0.04537542 -0.1780672
vn 0.9410456 0.01298843 0.3380305
vn 0.6510096 -0.01904393 0.7588307
vn 0.1914973 -0.0427255 0.9805628
vn -0.3233533 -0.05183865 0.9448574
vn -0.7568076 -0.04322563 0.6522069
vn -0.9835156 -0.0188765 0.1798355
vn -0.941591 0.01400642 -0.3364675
vn -0.6513517 0.04618604 -0.757369
vn -0.1655647 0.1758684 -0.970391
vn 0.3377259 0.05352628 -0.9397213
vn 0.7477223 -0.07748737 -0.6594748
vn 0.9611856 -0.1844613 -0.2051736
vn 0.9203196 -0.2414679 0.3077421
vn 0.6294277 -0.2326864 0.7414027
vn 0.1671601 -0.1586803 0.9730766
vn -0.335559 -0.03898963 0.9412121
vn -0.7439617 0.09416965 0.6615536
vn -0.9559129 0.2057635 0.2095043
vn -0.9157686 0.2654091 -0.3015392
vn -0.626072 0.2620148 -0.7344265
vn -0.2086529 0.3990141 -0.8928896
vn -0.3126136 0.2111738 -0.9261093
vn -0.7316632 0.2625253 -0.6290863
vn 0.2074012 0.09444328 -0.9736865
vn 0.6717973 -0.04441222 -0.7394025
vn 0.9376559 -0.1608075 -0.3081272
vn 0.9558934 -0.227917 0.1852614
vn 0.7398691 -0.2364994 0.6298109
vn 0.3268547 -0.1822915 0.9273273
vn -0.1935311 -0.07068823 0.9785442
vn -0.6605982 0.06816994 0.7476383
vn -0.929253 0.1896298 0.3170638
vn -0.9481708 0.2619211 -0.1799152
vn 0.2225809 0.1206812 -0.9674161
vn 0.596821 -0.1865169 -0.7803949
vn 0.8126516 -0.4392535 -0.382954
vn 0.8130003 -0.5703602 0.1171319
vn 0.598405 -0.5456473 0.5866691
vn 0.225337 -0.371214 0.9007905
vn -0.2065013 -0.09289747 0.9740264
vn -0.5799448 0.2141933 0.7859932
vn -0.7943134 0.4668056 0.3887916
vn -0.7940001 0.5978843 -0.1099919
vn -0.5740669 0.5822554 -0.5756961
vn -0.3287435 0.4149179 -0.8483931
vn -0.2944928 0.4560519 -0.8398159
vn -0.6460243 0.5900052 -0.4843
vn 0.1348538 0.1941164 -0.9716652
vn 0.5325132 -0.1151243 -0.838556
vn 0.788868 -0.3859745 -0.4782375
vn 0.8374882 -0.546396 0.008061958
vn 0.6692494 -0.5569555 0.4918393
vn 0.3274518 -0.4151358 0.848786
vn -0.1007646 -0.1554996 0.9826832
vn -0.4996615 0.1534217 0.8525258
vn -0.7583571 0.4262185 0.4931858
vn -0.8081456 0.5889628 0.004853551
vn 0.4061561 -0.2526071 -0.8781953
vn 0.5719436 -0.6389751 -0.5143846
vn 0.5847815 -0.8070679 -0.08168246
vn 0.4522074 -0.7928104 0.4086076
vn 0.1963751 -0.5651765 0.8012567
vn -0.05372118 -0.1020189 0.9933308
vn -0.5706705 0.8011294 -0.1803522
vn 0.519258 -0.6968252 -0.4947786
vn -0.5135064 0.8144994 -0.2700036
vn 0.5605969 -0.828044 0.008616175
vn 0.3969943 -0.7711253 0.4977563
vn 0.1250391 -0.5062668 0.8532639
vn -0.5088841 0.4274103 0.7472332
vn 0.1158752 0.1726294 -0.9781473
vn 0.7746763 -0.5778762 0.2567799
vn -0.5307544 0.1172449 0.8393768
vn -0.8005677 0.3755673 0.466948
vn -0.8488327 0.5282498 -0.02086241
vn -0.6771079 0.5423263 -0.4974003
vn -0.3944815 0.3984823 -0.8280075
vn 0.7863445 -0.5946288 0.1675673
vn 0.1926999 -0.2627111 0.9454363
vn 0.8926302 -0.3779823 0.2456435
vn 0.0224829 0.4674954 -0.8837095
vn -0.4096382 0.8826345 -0.2305494
vn -0.4663734 0.4660622 0.7518522
vn 0.6699734 -0.1561683 -0.7257735
vn 0.751586 0.00957354 -0.6595656
vn 0.02372647 0.4687953 -0.8829882
vn 0.2247016 -0.7801382 0.5838609
vn -0.4806794 0.7915591 -0.3773348
vn -0.2239683 0.7806593 -0.5834459
vn 0.3900912 -0.8936545 0.2218346
vn -0.4426992 0.545493 0.7116564
vn 0.4856117 -0.8740131 -0.01680825
vn 0.3258604 -0.8206699 0.4693783
vn 0.07648939 -0.5446353 0.8351778
vn -0.4349537 0.8681636 -0.2389712
vn 0.5363771 -0.7470064 -0.3927862
vn -0.3928761 0.8501355 -0.3505967
vn 0.2035036 -0.6819251 0.7025414
vn 0.07058915 0.345408 -0.9357941
vn -0.4969775 0.5145933 0.6987183
vn 0.3937974 -0.8504243 0.3488583
vn -0.2026764 0.682449 -0.7022718
vn 0.507248 -0.7608827 -0.4046689
vn -0.3471278 0.8764247 -0.3337397
vn 0.4418683 -0.8922871 0.09260781
vn 0.2585993 -0.7861188 0.5613766
vn 0.004491666 -0.4738389 0.8806001
vn 0.850825 -0.4278751 0.3049915
vn -0.9163875 0.1862587 0.3543187
vn -0.9394339 0.3289028 -0.09636849
vn -0.7421564 0.4223432 -0.5204133
vn -0.4465525 0.3591792 -0.8195006
vn 0.6070043 -0.4600841 0.6479726
vn -0.850825 0.4278751 -0.3049916
vn 0.7273751 0.2521993 -0.638217
vn 0.1096601 -0.3725129 0.9215254
vn -0.6070044 0.460084 -0.6479725
vn 0.9693165 -0.0005351373 0.2458155
vn -0.8248139 0.3850423 -0.4140346
vn 0.9264173 -0.3256047 0.1890306
vn -0.8591105 0.1446523 0.4909223
vn -0.9503725 0.3035969 0.06797919
vn -0.9264174 0.3256047 -0.1890304
vn 0.7509615 -0.3827677 0.5380947
vn 0.9553351 -0.2866296 0.07195973
vn -0.7509615 0.3827677 -0.5380947
vn 0.2341065 -0.375425 0.8968
vn 0.2383051 -0.3906296 0.8891677
vn -0.7406856 0.2847574 -0.6085213
vn 0.7404822 -0.2834662 0.6093711
vn -0.9489581 0.1456301 -0.2797688
vn 0.8151699 -0.2620141 -0.5165721
vn 0.948958 -0.14563 0.2797688
vn -0.8960664 -0.1514758 0.4172773
vn -0.9978986 0.04663533 -0.04498369
vn -0.8354772 0.2337434 -0.497335
vn -0.4529175 0.2640809 -0.8515438
vn 0.5277274 -0.8402461 0.1244606
vn 0.3793402 -0.7121555 0.5907077
vn 0.1385098 -0.4070365 0.902849
vn -0.4485166 0.8155271 -0.3657165
vn 0.3149419 -0.6922987 -0.6492566
vn -0.3325808 0.5906877 -0.7351722
vn 0.499063 -0.7786598 0.3802959
vn -0.06293619 0.4734004 0.8785962
vn -0.07318763 0.249784 -0.9655318
vn 0.3326303 -0.5906416 0.7351868
vn -0.6194453 0.7801331 -0.08763503
vn 0.4899864 -0.6167529 -0.6160595
vn -0.5611601 0.8235198 -0.08315369
vn 0.5590183 -0.812653 -0.164602
vn 0.4886127 -0.8088427 0.3271561
vn 0.2888056 -0.5925226 0.7520029
vn -0.3172789 0.3528811 0.8802323
vn 0.5079139 -0.857592 0.08098969
vn -0.4077292 0.7672248 -0.4950991
vn -0.5190778 0.8506261 -0.08362677
vn 0.4078241 -0.7671757 0.4950969
vn -0.2103197 0.4850993 -0.84879
vn 0.5346855 -0.8282173 -0.1678322
vn 0.6065793 -0.7281793 0.319087
vn 0.5352926 -0.4665073 0.704154
vn -0.5664372 0.8198785 -0.08335575
vn -0.5032647 0.4656878 -0.7279145
vn -0.5431303 0.680116 -0.4923939
vn 0.6260153 -0.7751139 0.08545974
vn -0.2072675 0.1641593 0.9644127
vn -0.4202363 0.361288 -0.8323897
vn 0.6106974 -0.6254999 0.4855909
vn -0.7790873 0.6030334 0.1713878
vn -0.4245649 0.5085747 -0.7490637
vn -0.5867832 0.800356 0.1229456
vn 0.5204639 -0.8244284 -0.2223404
vn 0.6065289 -0.7871732 0.1117183
vn 0.5881976 -0.5739492 0.5697421
vn 0.06590497 0.3586029 0.9311609
vn 0.3595442 -0.7904258 -0.4959385
vn -0.4737656 0.3456227 -0.8099945
vn -0.5310901 0.8372163 0.130431
vn 0.5955328 -0.7384042 0.316386
vn 0.1105555 -0.5005974 -0.8585918
vn 0.3250875 -0.8142252 -0.4809942
vn 0.450206 -0.8782784 0.1610647
vn 0.4226085 -0.6649677 0.6158085
vn -0.4442308 0.8737003 0.1982595
vn 0.5030879 -0.8532508 -0.1373525
vn -0.4153656 0.8077322 -0.4183779
vn -0.4261438 0.8905711 0.1590115
vn 0.3126053 -0.8486062 -0.426785
vn -0.4577153 0.364773 -0.8108252
vn 0.5872204 -0.6604531 -0.4679465
vn -0.4382095 -0.2767147 0.8552201
vn 0.05183739 0.02156511 0.9984227
vn 0.5004123 -0.6446499 -0.5779396
vn -0.5398179 0.6724381 -0.5063829
vn 0.08443649 -0.5364267 -0.8397124
vn 0.8313612 -0.4557043 0.3180758
vn 0.09784358 0.3398533 0.935375
vn 0.1798487 0.3920169 0.9022068
vn -0.6276137 0.4208954 -0.6549413
vn 0.3241404 -0.02086683 0.9457788
vn 0.2991293 0.1870789 0.935694
vn 0.6452194 -0.7603542 -0.07452243
vn 0.2122084 0.2124186 0.9538585
vn -0.2506377 0.8186351 -0.5167373
vn 0.170027 -0.9847727 -0.03624388
vn 0.2436201 0.02356951 0.9695843
vn 0.2663404 0.02115791 0.9636469
vn 0.08169261 -0.9741266 -0.2107217
vn -0.1961073 0.896473 -0.3973388
vn -0.4275934 0.8647869 -0.2632633
vn 0.2944269 -0.9110932 -0.2884825
vn 0.9423947 -0.07629052 -0.3256871
vn 0.4217891 -0.5960686 0.6832249
vn -0.001509047 -0.6797874 -0.7334077
vn -0.2320945 0.9378318 0.2580769
vn -0.3729319 0.7609234 -0.530959
vn 0.7696068 -0.3004601 -0.5634086
vn -0.3867105 -0.4614174 0.7984666
vn -0.2911373 -0.3965487 0.8706253
vn -0.4855046 0.7830172 -0.3888051
vn -0.5345904 0.750092 -0.3893266
vn 0.8450931 -0.180059 -0.5033849
vn -0.3151674 -0.5264394 0.7896398
vn -0.3006871 -0.5055534 0.8087046
vn -0.5992534 0.660592 -0.4522319
vn 0.9153752 -0.07638106 -0.3952898
vn 0.3984629 0.6871645 0.6074803
vn -0.3806624 -0.5035811 0.7755658
vn 0.9343314 -0.117616 -0.3364391
vn -0.5460145 0.6659907 -0.5082563
vn -0.7045696 0.3884274 -0.5938904
vn 0.687149 -0.7123693 -0.1426757
vn 0.1847571 0.4375561 0.8800054
vn 0.713789 -0.6954299 -0.08296173
vn -0.8222407 0.2622426 -0.505123
vn 0.7605015 -0.6337473 -0.1414281
vn 0.2724018 0.5404611 0.7960523
vn -0.937939 0.1283164 -0.3221882
vn 0.7865849 -0.5535654 -0.2735864
vn 0.4200893 0.5606499 0.7135803
vn 0.420372 0.4858743 0.7662986
vn -0.9961981 -0.03901838 -0.0778904
vn 0.7290554 -0.4437516 -0.5211169
vn 0.6943636 0.5152431 0.5023782
vn 0.7140084 0.4584132 0.5291969
vn -0.9993764 0.02903734 -0.0200955
vn -0.9532201 -0.1262989 0.2746272
vn 0.4748762 -0.3594549 -0.8032961
vn -0.823433 0.3817917 -0.4197537
vn 0.8505356 0.4514423 0.2697945
vn 0.325698 -0.4534334 -0.82965
vn -0.9115697 0.0127465 0.410948
vn 0.8959615 0.1844652 0.404012
vn -0.8284816 -0.5037818 0.2445861
vn -0.9302067 -0.3120236 -0.1932792
vn -0.812447 -0.00667811 -0.5829968
vn -0.9083501 -0.2280739 -0.3505461
vn 0.842328 0.5279858 -0.1082347
vn 0.450327 -0.1879106 0.872866
vn 0.8900211 0.3855798 -0.2432917
vn 0.9520103 0.1436787 -0.2702456
vn 0.7087142 -0.3063724 0.6355001
vn 0.6165239 -0.6305028 0.4715555
vn -0.800854 0.5988522 0.003012158
vn 0.9227948 -0.1066845 -0.3702272
vn 0.3408648 -0.4498721 0.8254855
vn -0.7906709 0.5977194 -0.1325564
vn 0.2742998 -0.5336915 0.7999581
vn -0.8722485 0.4234552 -0.24468
vn 0.9672191 0.2064903 -0.1478147
vn 0.2990002 -0.5006835 0.8123515
vn -0.9171633 0.1253354 -0.378289
vn 0.9169399 0.3639594 -0.1635697
vn 0.9298354 0.288479 -0.2284426
vn 0.3193855 -0.4511233 0.8333551
vn -0.9141051 0.003286563 -0.4054641
vn -0.3316332 0.524371 0.784254
vn 0.880909 0.413771 -0.2297674
vn 0.4414406 -0.1674088 0.8815354
vn -0.9276578 -0.1923648 -0.3200729
vn 0.8864042 0.2273094 -0.4032595
vn 0.8417853 0.4333094 -0.3219327
vn -0.9284316 -0.2997875 -0.2194133
vn 0.5293604 -0.09307562 0.8432761
vn 0.4349578 0.0914823 0.8957917
vn -0.9552057 -0.2306199 -0.1854633
vn 0.8090914 -0.09109765 -0.5805792
vn 0.7996606 0.2554845 -0.5433882
vn -0.9479983 -0.3182595 -0.003179423
vn 0.6067384 0.1892053 0.7720555
vn 0.57725 0.2476846 0.778097
vn -0.9967666 -0.0563038 0.05732752
vn -0.4201982 0.9056975 0.05608507
vn -0.9870368 -0.05801489 0.1496418
vn 0.7075891 0.2517971 0.6602393
vn -0.5220129 0.563952 0.6398911
vn -0.1586748 0.8791432 0.4493659
vn 0.2416305 0.9613351 0.1320964
vn 0.5716416 0.7885048 -0.2269052
vn 0.7429323 0.4069621 -0.5314448
vn 0.7096053 -0.08105933 -0.6999213
vn 0.4805905 -0.5447944 -0.6871914
vn 0.1172523 -0.8599854 -0.4966661
vn -0.2830529 -0.9421773 -0.1793967
vn -0.613064 -0.769347 0.1796049
vn -0.7843546 -0.3878042 0.4841444
vn -0.7510276 0.1002174 0.652621
vn 0.6302091 -0.2914733 0.7196387
vn 0.06315207 0.405598 0.9118674
vn 0.01486277 0.8074161 0.5897952
vn -0.04804964 0.9926584 0.1109973
vn -0.1087278 0.9116897 -0.3962325
vn -0.1509131 0.5862052 -0.795983
vn -0.163302 0.1034183 -0.9811407
vn -0.1425749 -0.4073087 -0.9020931
vn -0.09428564 -0.8091266 -0.580021
vn -0.03137324 -0.994369 -0.1012233
vn 0.02930495 -0.9134002 0.4060067
vn 0.07149026 -0.5879157 0.8057569
vn 0.08387917 -0.1051286 0.9909149
vn 0.9922859 0.02136991 -0.122115
vn 0.4539702 0.6425734 0.6172605
vn 0.03347294 0.8928024 0.4492033
vn -0.4004154 0.9008929 0.16751
vn -0.7314348 0.6646773 -0.1523397
vn -0.870889 0.247449 -0.4246427
vn -0.7814112 -0.2389958 -0.5764353
vn -0.4869769 -0.6643145 -0.5670449
vn -0.06647978 -0.9145433 -0.3989877
vn 0.3674085 -0.9226338 -0.1172944
vn 0.6984279 -0.6864181 0.2025554
vn 0.8378822 -0.26919 0.4748583
vn 0.7484043 0.217255 0.6266509
vn 0.5165067 0.3402114 -0.7857971
vn 0.3725041 0.5688125 -0.7332755
vn -0.03330494 0.8320169 -0.5537497
vn -0.4170504 0.8836263 -0.212776
vn -0.6759079 0.7098119 0.1982816
vn -0.7405168 0.3571473 0.5692808
vn -0.5935653 -0.07987142 0.8008126
vn -0.2744287 -0.4841455 0.8308382
vn 0.1313802 -0.7473497 0.6513122
vn 0.5151256 -0.7989591 0.3103387
vn 0.7739831 -0.6251447 -0.100719
vn 0.8385921 -0.2724802 -0.4717181
vn 0.6916404 0.1645388 -0.7032501
vn -0.6046914 -0.5220234 -0.6015313
vn -0.333093 0.6518933 0.6812373
vn -0.06722631 0.9481065 0.3107646
vn 0.1741885 0.9785687 -0.1098254
vn 0.3505771 0.795442 -0.4943357
vn 0.4390777 0.4224614 -0.7929295
vn 0.397501 -0.1066098 -0.9113876
vn 0.2079018 -0.6276739 -0.7502015
vn -0.05128703 -0.9251787 -0.3760506
vn -0.2869901 -0.9567459 0.04768594
vn -0.4633787 -0.7736192 0.4321963
vn -0.5575911 -0.3995337 0.7276435
vn -0.522692 0.1308297 0.8424231
vn 0.8635818 -0.1670704 0.4757247
vn 0.3831164 0.6509263 0.6553753
vn 0.2366419 0.9383957 0.2518215
vn 0.01232654 0.9771928 -0.2119958
vn -0.2297245 0.7569221 -0.611797
vn -0.4246541 0.3366048 -0.8404559
vn -0.5202308 -0.1711354 -0.8367034
vn -0.490845 -0.6302499 -0.6015449
vn -0.3443705 -0.9177191 -0.1979912
vn -0.1200552 -0.9565162 0.265826
vn 0.1219959 -0.7362455 0.6656272
vn 0.3169254 -0.3159283 0.8942861
vn 0.4125022 0.1918122 0.8905336
vn 0.8816404 -0.1692149 -0.4405413
vn 0.5310518 0.4086437 -0.74229
vn 0.1758786 0.7576845 -0.6284751
vn -0.1973128 0.9256728 -0.3227967
vn -0.4885262 0.8675961 0.09283902
vn -0.6197313 0.5990162 0.5070628
vn -0.5557717 0.1918987 0.8088837
vn -0.3137852 -0.2446695 0.9174289
vn 0.04138783 -0.5937102 0.8036139
vn 0.4145792 -0.7616984 0.4979356
vn 0.7057926 -0.7036217 0.08229984
vn 0.8369977 -0.4350419 -0.3319238
vn 0.7730381 -0.02792421 -0.6337448
vn -0.6712473 -0.506601 -0.5410938
vn -0.7265129 0.3953122 -0.5620563
vn -0.5297738 0.7912589 -0.3053672
vn -0.1683419 0.9857285 -0.0005427176
vn 0.2609372 0.9266132 0.2707395
vn 0.6430389 0.6297527 0.4357897
vn 0.8755789 0.1746905 0.4503829
vn 0.8962486 -0.3166397 0.3106086
vn 0.6995096 -0.7125862 0.05391963
vn 0.3380777 -0.9070559 -0.2509048
vn -0.09120147 -0.8479404 -0.5221871
vn -0.473303 -0.55108 -0.6872373
vn -0.7058433 -0.09601768 -0.7018304
vn -0.5415783 -0.2510222 0.8022973
vn 0.1727921 0.8768895 -0.4485618
vn 0.01880226 0.9994875 0.02591026
vn -0.1086818 0.857521 0.502838
vn -0.1755007 0.48903 0.8544291
vn -0.1637506 -0.007248588 0.9864752
vn -0.07657976 -0.4983376 0.8635944
vn 0.06265442 -0.8526499 0.5187125
vn 0.2166442 -0.9752477 0.04424056
vn 0.3441282 -0.8332813 -0.4326871
vn 0.4109471 -0.4647903 -0.7842783
vn 0.399197 0.03148833 -0.9163243
vn 0.3120262 0.5225775 -0.7934434
vn -0.9537348 -0.09818897 -0.2841634
vn 0.4176975 0.9084926 0.01304141
vn 0.03026683 0.9361585 0.350273
vn -0.3461317 0.7075529 0.6160859
vn -0.6106427 0.2839302 0.7392558
vn -0.6923904 -0.2212001 0.6867795
vn -0.5694707 -0.6724887 0.4727179
vn -0.2748197 -0.9490132 0.1544286
vn 0.1126109 -0.976679 -0.1828028
vn 0.4890094 -0.7480734 -0.4486157
vn 0.7535204 -0.3244507 -0.5717857
vn 0.8352681 0.1806795 -0.5193093
vn 0.7123483 0.6319683 -0.3052476
vn -0.6383165 0.1810285 -0.748185
vn -0.7252442 0.04755229 0.6868477
vn -0.3342004 0.3189921 0.8868789
vn 0.1389224 0.5209048 0.8422344
vn 0.5673515 0.5991882 0.5648767
vn 0.8362898 0.5328663 0.1291237
vn 0.8736753 0.3397099 -0.3482652
vn 0.6694906 0.07147515 -0.7393739
vn 0.2784469 -0.1999646 -0.9394048
vn -0.1946757 -0.4018772 -0.8947604
vn -0.6231049 -0.4801606 -0.6174027
vn -0.8920431 -0.4138387 -0.1816497
vn -0.9294287 -0.2206822 0.2957394
vn 0.3938912 -0.8409173 0.3710899
vn 0.9310492 0.3042102 0.2015035
vn 0.6323095 0.7048641 0.321483
vn 0.1644966 0.9077566 0.3859002
vn -0.3470396 0.8585229 0.3774945
vn -0.7652333 0.5703551 0.2985183
vn -0.9780298 0.1204675 0.170133
vn -0.9284105 -0.3705927 0.02673961
vn -0.629671 -0.7712463 -0.09323984
vn -0.1618581 -0.9741388 -0.157657
vn 0.3496782 -0.924905 -0.1492513
vn 0.7678717 -0.6367374 -0.07027514
vn 0.9806684 -0.1868496 0.05811015
vn -0.01109954 0.2792511 -0.9601539
vn -0.2772481 0.5790047 -0.7667379
vn -0.3148136 0.8822736 -0.3499798
vn -0.2537656 0.9542547 0.1581171
vn -0.1104618 0.7756611 0.6214082
vn 0.07669965 0.3943466 0.9157554
vn 0.257569 -0.08751602 0.9622885
vn 0.3836823 -0.5408119 0.7485389
vn 0.4212478 -0.8440805 0.3317808
vn 0.3601997 -0.9160616 -0.1763159
vn 0.2168959 -0.7374679 -0.6396071
vn 0.02973453 -0.3561535 -0.9339542
vn -0.1511349 0.1257093 -0.9804873
vn -0.9292763 -0.3334641 0.1588941
vn -0.2992471 0.1050658 0.9483736
vn -0.1347288 0.5736123 0.807971
vn 0.04630322 0.8938234 0.4460221
vn 0.1953414 0.9798992 -0.0404893
vn 0.2724512 0.8087755 -0.521203
vn 0.256971 0.4263048 -0.8673121
vn 0.1530487 -0.06503024 -0.9860767
vn -0.0114696 -0.5335764 -0.8456741
vn -0.1925015 -0.8537875 -0.4837253
vn -0.3415397 -0.9398633 0.002786201
vn -0.4186495 -0.7687396 0.4834999
vn -0.4031693 -0.3862687 0.829609
vn 0.9359704 -0.2563127 0.2413778
vn 0.8776143 -0.459833 -0.1354501
vn 0.9998281 -0.01048877 -0.01529233
vn 0.8917707 0.4085638 0.1944759
vn 0.5823961 0.6850399 0.4376474
vn 0.1546009 0.7448582 0.6490646
vn -0.2769875 0.5719904 0.7720784
vn -0.5967253 0.212756 0.7737272
vn -0.7189389 -0.236588 0.6535695
vn -0.6108814 -0.6556404 0.4438013
vn -0.3015068 -0.9321166 0.2006298
vn 0.1262883 -0.991935 -0.01078745
vn 0.5578768 -0.819067 -0.1338012
vn -0.379669 0.3339657 -0.8627389
vn 0.1055097 0.1532224 -0.982543
vn -0.1430561 0.5213593 -0.8412607
vn -0.2661473 0.820603 -0.5057434
vn -0.2307816 0.9707718 -0.06589253
vn -0.04643552 0.931628 0.3604343
vn 0.2374958 0.7136601 0.6590031
vn 0.5449331 0.3752723 0.7498125
vn 0.7934987 0.007135563 0.6085301
vn 0.9165897 -0.2921082 0.2730128
vn 0.8812242 -0.442277 -0.1668381
vn 0.6968781 -0.4031332 -0.5931648
vn 0.4129467 -0.1851651 -0.8917336
vn -0.7478102 -0.6076074 0.267569
vn 0.262271 0.8447711 0.46645
vn -0.2890708 0.8022093 0.5223969
vn -0.6871687 0.5620181 0.4603639
vn -0.9186768 0.2188316 0.3288552
vn -0.9690754 -0.2058264 0.1361187
vn -0.7487706 -0.6539922 -0.1078744
vn -0.2390289 -0.9186142 -0.3146635
vn 0.3104245 -0.8700531 -0.3829415
vn 0.7070303 -0.6251218 -0.3306525
vn 0.9385384 -0.2819351 -0.1991437
vn 0.9904291 0.1379824 0.003336542
vn 0.7720122 0.5801494 0.2596612
vn -0.1364049 0.433381 -0.8908281
vn 0.08815745 0.4651428 -0.8808351
vn 0.02302509 0.8433113 -0.5369319
vn -0.02300496 0.998594 -0.04775775
vn -0.03759898 0.8893832 0.4556139
vn -0.01684648 0.5449415 0.8383048
vn 0.03369188 0.05756208 0.9977733
vn 0.1004744 -0.4421624 0.8912897
vn 0.1656068 -0.8203306 0.5473866
vn 0.2116368 -0.9756133 0.05821256
vn 0.2262308 -0.8664023 -0.4451591
vn 0.2054783 -0.5219609 -0.8278499
vn 0.15494 -0.03458113 -0.9873185
vn -0.9911616 -0.1207521 -0.05493444
vn -0.9721733 -0.04911996 0.2290555
vn -0.8139325 0.4003709 0.4209714
vn -0.4488406 0.7579796 0.473296
vn 0.02527619 0.9278851 0.3720087
vn 0.4813789 0.8645614 0.1442496
vn 0.7972552 0.584976 -0.1489537
vn 0.8882661 0.1640435 -0.4290374
vn 0.7300254 -0.2854472 -0.6209533
vn 0.3649335 -0.6430557 -0.6732777
vn -0.1091834 -0.8129612 -0.5719905
vn -0.5652861 -0.7496375 -0.3442313
vn -0.8811625 -0.470052 -0.05102804
vn 0.3418646 -0.4682364 0.8147903
vn -0.3105338 -0.3959278 0.8641818
vn -0.06990574 0.04057312 0.9967282
vn 0.1694443 0.4772022 0.8623031
vn 0.3433825 0.7969649 0.4969259
vn 0.4053025 0.9141814 -0.001501357
vn 0.3386128 0.7974433 -0.4994253
vn 0.1611827 0.4780306 -0.8634275
vn -0.07944528 0.04152983 -0.9959738
vn -0.3187953 -0.3950992 -0.8615488
vn -0.4927335 -0.714862 -0.4961715
vn -0.5546535 -0.8320784 0.0022557
vn -0.4879637 -0.7153403 0.5001798
vn 0.8763065 -0.4817337 -0.004426299
vn 0.8631309 -0.379462 -0.3331871
vn 0.977283 0.1018076 -0.1858848
vn 0.8354746 0.5487223 0.02976908
vn 0.475703 0.8415317 0.2559904
vn -0.005631075 0.9017779 0.4321631
vn -0.4795549 0.7133178 0.5110822
vn -0.8190805 0.326649 0.471601
vn -0.9332325 -0.1546203 0.3242987
vn -0.7914241 -0.601535 0.1086448
vn -0.4316525 -0.8943444 -0.1175764
vn 0.04968148 -0.9545906 -0.2937492
vn 0.5236055 -0.7661303 -0.3726682
vn -0.2850104 0.3417024 -0.8955494
vn 0.8149709 0.5794605 0.006935826
vn 0.652822 0.6148216 0.4425133
vn 0.4130595 0.4355596 0.7997936
vn 0.1599276 0.08970745 0.9830441
vn -0.03874729 -0.330064 0.943163
vn -0.1297303 -0.7112773 0.6908363
vn -0.08864269 -0.9517866 0.2936746
vn 0.07350623 -0.9871477 -0.1419026
vn 0.3132686 -0.8078856 -0.4991829
vn 0.5664006 -0.4620334 -0.6824335
vn 0.7650754 -0.0422621 -0.6425524
vn 0.8560585 0.3389513 -0.3902255
vn -0.8350552 0.4280611 -0.3456103
vn -0.8984296 0.1044149 -0.4265228
vn -0.98893 0.1455461 0.02887622
vn -0.8500513 0.2573298 0.4595585
vn -0.5190063 0.4098137 0.7501235
vn -0.08449788 0.5621399 0.8227144
vn 0.3370477 0.6734926 0.6578804
vn 0.6326775 0.714035 0.2997887
vn 0.7231777 0.6729038 -0.1556102
vn 0.5842991 0.5611201 -0.5862924
vn 0.2532539 0.4086362 -0.8768575
vn -0.1812544 0.25631 -0.9494483
vn -0.6028001 0.1449573 -0.7846142
vn 0.3055339 -0.9409671 0.1457053
vn -0.8084955 -0.1442747 -0.5705435
vn -0.8294526 0.3512435 -0.4343229
vn -0.6152518 0.7604052 -0.2079642
vn -0.2232882 0.9735759 0.04787961
vn 0.2414122 0.9336368 0.2646557
vn 0.6543332 0.6512893 0.3842791
vn 0.9048328 0.2021882 0.3746966
vn 0.9257899 -0.2933298 0.2384759
vn 0.7115892 -0.7024913 0.01211733
vn 0.3196254 -0.9156621 -0.2437266
vn -0.1450748 -0.8757229 -0.4605027
vn -0.557996 -0.5933753 -0.580126
vn -0.4266267 -0.2564696 0.8673022
vn -0.2467193 0.8340565 -0.4934362
vn 0.04430427 0.9940356 -0.09965127
vn 0.3446432 0.887756 0.3051397
vn 0.573822 0.5436956 0.6124732
vn 0.6704323 0.05404455 0.7399998
vn 0.6085874 -0.4499952 0.6535485
vn 0.4048587 -0.8333666 0.3762839
vn 0.1138351 -0.9933455 -0.0175009
vn -0.1865038 -0.887066 -0.4222918
vn -0.4156825 -0.5430054 -0.7296254
vn -0.5122929 -0.05335449 -0.8571519
vn -0.4504479 0.4506855 -0.7707006
vn -0.8035238 -0.00350642 0.5952625
vn -0.104709 -0.1677617 0.980251
vn 0.2153075 0.1484206 0.9652016
vn 0.5315749 0.5166807 0.6711701
vn 0.6600785 0.7470205 0.07910004
vn 0.5270635 0.7072368 -0.4711903
vn 0.2822087 0.5257801 -0.8024423
vn -0.004720218 0.2836497 -0.9589164
vn -0.3357523 -0.02086668 -0.9417192
vn -0.6672115 -0.3730382 -0.6447259
vn -0.795715 -0.6033781 -0.05265566
vn -0.6475082 -0.5796828 0.4946727
vn -0.3916376 -0.4098919 0.8237771
vn 0.6804855 -0.7206512 -0.13267
vn 0.7534023 0.6569677 0.02790195
vn 0.3863948 0.8644668 0.3215528
vn -0.06953479 0.8284848 0.5556778
vn -0.4922208 0.5586631 0.6675435
vn -0.7684047 0.1273002 0.6271753
vn -0.8240832 -0.3500207 0.44539
vn -0.6443374 -0.7454017 0.1708969
vn -0.27733 -0.9529006 -0.1227538
vn 0.1785995 -0.9169186 -0.3568788
vn 0.6012856 -0.6470969 -0.4687444
vn 0.8774694 -0.215734 -0.4283763
vn 0.933148 0.2615871 -0.246591
vn -0.4481144 0.363348 -0.8168059
vn -0.7499539 -0.6322646 -0.1944494
vn -0.7835469 -0.2692438 -0.5599661
vn -0.5965431 0.1547401 -0.7875226
vn -0.2390499 0.5260813 -0.8161456
vn 0.1931425 0.745279 -0.6381655
vn 0.5842287 0.7535995 -0.3012718
vn 0.8294173 0.5488132 0.104265
vn 0.8630102 0.1857924 0.4697815
vn 0.6760064 -0.2381914 0.697338
vn 0.3185132 -0.6095327 0.725961
vn -0.1136792 -0.8287303 0.547981
vn -0.5047656 -0.8370508 0.211087
vn -0.5430498 0.5703043 0.6163198
vn -0.5785122 -0.06082843 -0.8134025
vn -0.8531058 -0.2204121 -0.4728943
vn -0.9401165 -0.3339075 0.06846038
vn -0.6973644 -0.3236404 0.639484
vn -0.2487311 -0.1948505 0.9487709
vn 0.1848912 -0.02854077 0.9823445
vn 0.545862 0.1415545 0.8258311
vn 0.8177956 0.3077141 0.4863355
vn 0.9013689 0.4297084 -0.05371053
vn 0.6586168 0.4194414 -0.6247342
vn 0.213421 0.2821525 -0.9353296
vn -0.2175417 0.1092667 -0.9699157
vn 0.3711898 -0.9177434 -0.1412982
vn 0.1791395 0.9646389 -0.1933415
vn -0.4181198 0.8826236 -0.2148289
vn -0.7073466 0.6849936 -0.1744844
vn -0.8801162 0.4621673 -0.1086134
vn -0.9892837 0.1459765 0.002935692
vn -0.8867929 -0.4101261 0.2130609
vn -0.1852414 -0.9013048 0.3915804
vn 0.413653 -0.8362653 0.3599327
vn 0.7036552 -0.6466826 0.2943996
vn 0.8764248 -0.4238563 0.2285286
vn 0.984817 -0.09961817 0.1421681
vn 0.8806904 0.4734604 -0.01482205
vn 0.02931031 -0.3041989 -0.9521576
vn 0.1472626 -0.229036 -0.9622143
vn 0.5323154 0.2026593 -0.8219303
vn 0.7002136 0.4404657 -0.561864
vn 0.7716913 0.5763956 -0.2688133
vn 0.7612112 0.6379514 0.1165144
vn 0.5424234 0.5224435 0.6578978
vn -0.003212753 0.07848765 0.9969099
vn -0.4183335 -0.3217829 0.8493838
vn -0.6029703 -0.5420954 0.5852858
vn -0.6744483 -0.6780253 0.292235
vn -0.6472291 -0.7570751 -0.08906089
vn -0.3983731 -0.6729916 -0.6232023
vn -0.6819522 0.7127146 -0.1642537
vn -0.9140577 -0.3547033 0.1966832
vn -0.8660488 0.06186922 0.4961168
vn -0.5979571 0.475983 0.6448935
vn -0.1816177 0.7766767 0.6031488
vn 0.2714118 0.8833796 0.3820681
vn 0.6397425 0.7675009 0.04088977
vn 0.8246803 0.4600899 -0.3289677
vn 0.7766714 0.04351761 -0.6284011
vn 0.5085797 -0.3705961 -0.7771778
vn 0.09224024 -0.6712898 -0.735433
vn -0.3607892 -0.7779928 -0.5143524
vn -0.72912 -0.6621139 -0.1731739
vn 0.4672224 -0.5509123 0.6915193
vn -0.3942937 -0.3261352 0.8591673
vn 0.09877191 -0.221626 0.9701166
vn 0.5598972 -0.03883431 0.8276516
vn 0.8655239 0.1732608 0.469946
vn 0.9337598 0.3578289 -0.007153701
vn 0.7463211 0.4654149 -0.4758087
vn 0.3534316 0.4671912 -0.8104435
vn -0.1396337 0.362682 -0.9213926
vn -0.600759 0.1798903 -0.7789276
vn -0.9063857 -0.0322048 -0.421222
vn -0.9746217 -0.2167728 0.05587756
vn -0.7871827 -0.3243588 0.5245329
vn 0.2640893 -0.9116432 -0.3149023
vn 0.8091027 0.5686096 -0.1484455
vn 0.6307424 0.7097857 0.3136375
vn 0.3006558 0.6439891 0.7034801
vn -0.0927106 0.3888501 0.9166244
vn -0.4439549 0.01273294 0.8959587
vn -0.6589611 -0.3835821 0.6470201
vn -0.6801186 -0.6939027 0.2365116
vn -0.5017584 -0.8350786 -0.2255712
vn -0.1716719 -0.769282 -0.6154137
vn 0.2216946 -0.514143 -0.8285581
vn 0.5729387 -0.1380259 -0.8078924
vn 0.7879451 0.2582892 -0.5589536
vn -0.6441885 0.6257543 -0.4398327
vn 0.7595313 0.6475452 -0.06162393
vn 0.3862608 0.9223092 -0.01218378
vn -0.04855157 0.9886598 0.142108
vn -0.4283985 0.8288186 0.3599091
vn -0.6515002 0.4856148 0.5828599
vn -0.6580769 0.05100969 0.751221
vn -0.4463661 -0.3585447 0.8198799
vn -0.07309573 -0.6333084 0.7704397
vn 0.3617166 -0.699659 0.6161481
vn 0.7415636 -0.5398178 0.3983469
vn 0.9646654 -0.1966142 0.1753961
vn 0.9712418 0.2379912 0.007035084
vn -0.3600441 -0.3322624 -0.8717626
vn 0.1799144 0.5343194 0.8259138
vn -0.2405953 0.6825936 0.6900579
vn -0.6431134 0.6063359 0.4677201
vn -0.9197858 0.3259795 0.2184755
vn -0.9964784 -0.08335429 0.009108954
vn -0.8526414 -0.5119849 -0.1042798
vn -0.5268157 -0.8450609 -0.09130843
vn -0.1063063 -0.9933351 0.04454748
vn 0.2962118 -0.9170774 0.2668853
vn 0.5728843 -0.636721 0.51613
vn 0.6495769 -0.2273872 0.7254964
vn 0.5057397 0.2012435 0.8388852
vn 0.3988307 0.3572577 -0.8445716
vn -0.9714458 0.0763896 0.2246279
vn -0.7649767 0.3492989 0.5411108
vn -0.4085971 0.621378 0.6685342
vn 0.002201556 0.8197237 0.572755
vn 0.3573461 0.8911894 0.2794373
vn 0.5616758 0.816626 -0.1328247
vn 0.5604406 0.6160125 -0.5535657
vn 0.3539715 0.3431033 -0.8700484
vn -0.002408014 0.07102427 -0.9974717
vn -0.4132068 -0.1273215 -0.9016926
vn -0.7683512 -0.1987873 -0.608375
vn -0.972681 -0.1242237 -0.1961128
vn 0.4725302 -0.7960508 0.3781776
vn 0.3816917 0.9241182 -0.01780449
vn -0.09223238 0.9820718 0.164403
vn -0.5259688 0.778598 0.3422603
vn -0.8032983 0.3682176 0.4681107
vn -0.8499108 -0.1391083 0.5082328
vn -0.6533163 -0.6074422 0.4518758
vn -0.2661923 -0.9112944 0.3141406
vn 0.2077316 -0.9692478 0.1319332
vn 0.641468 -0.7657741 -0.04592405
vn 0.9187976 -0.3553936 -0.1717745
vn 0.96541 0.1519322 -0.2118966
vn 0.7688155 0.6202663 -0.1555396
vn -0.3628542 -0.04028799 -0.9309747
vn -0.752494 0.3519368 0.5566807
vn -0.4741493 0.7220677 0.5037864
vn -0.1532827 0.9539754 0.2577507
vn 0.12413 0.9855207 -0.1155016
vn 0.2837563 0.8082511 -0.5159578
vn 0.2828245 0.4696659 -0.836316
vn 0.1215842 0.06048831 -0.9907364
vn -0.1567604 -0.3096423 -0.9378422
vn -0.4776269 -0.5415501 -0.6918064
vn -0.7550397 -0.5730955 -0.3185541
vn -0.914666 -0.395826 0.08190208
vn -0.9137343 -0.05724038 0.4022604
vn 0.7253532 -0.474163 0.4990313
vn 0.7123622 0.5558234 -0.4284865
vn 0.8112932 0.5840549 0.02614088
vn 0.7945503 0.4021174 0.4549632
vn 0.66662 0.05876073 0.7430781
vn 0.4617809 -0.354013 0.8132855
vn 0.2349195 -0.7256013 0.6467732
vn 0.04682314 -0.9564374 0.2881581
vn -0.05210773 -0.984669 -0.166469
vn -0.03536494 -0.8027314 -0.5952913
vn 0.09256548 -0.4593747 -0.8834062
vn 0.2974045 -0.04660105 -0.9536136
vn 0.5242661 0.3249874 -0.7871013
vn -0.872831 0.4605836 0.1613344
vn -0.1334796 0.9832761 -0.1239002
vn -0.511264 0.8516521 0.115316
vn -0.7189962 0.5591004 0.4128576
vn -0.7010144 0.1840098 0.6889988
vn -0.462137 -0.1731144 0.8697476
vn -0.06637082 -0.416581 0.9066726
vn 0.3802388 -0.4811534 0.7898797
vn 0.758023 -0.3495294 0.5506636
vn 0.965755 -0.0569777 0.253122
vn 0.9477733 0.318113 -0.02301923
vn 0.708896 0.6752371 -0.2037681
vn 0.3131297 0.9187039 -0.240693
vn -0.2836974 -0.5772876 -0.7656729
vn -0.4284951 0.1235377 0.8950589
vn -0.3883155 0.5586796 0.732863
vn -0.3601368 0.8546921 0.3739024
vn -0.3515095 0.932259 -0.08563991
vn -0.3647453 0.7705964 -0.52263
vn -0.3962975 0.4130215 -0.8199765
vn -0.4377119 -0.04465371 -0.8980058
vn -0.4778915 -0.4797953 -0.7358099
vn -0.5060701 -0.7758078 -0.3768493
vn -0.5146974 -0.8533747 0.08269308
vn -0.5014617 -0.6917122 0.5196831
vn -0.4699095 -0.3341371 0.8170297
vn 0.9958732 -0.09069277 0.00338802
vn 0.1424741 0.8612589 -0.4877851
vn 0.4723875 0.8754473 -0.1021865
vn 0.7144661 0.6420155 0.2781265
vn 0.8038449 0.2235115 0.5512494
vn 0.7165753 -0.2679271 0.6439992
vn 0.4760406 -0.7006198 0.5315236
vn 0.1466922 -0.9586266 0.2439603
vn -0.1832211 -0.9728148 -0.1416382
vn -0.4252996 -0.7393831 -0.5219511
vn -0.5146785 -0.3208791 -0.795074
vn -0.4274088 0.1705595 -0.8878238
vn -0.186874 0.6032524 -0.7753482
vn -0.7403626 0.2492934 0.6242725
vn 0.37009 -0.2673058 0.8897084
vn 0.3778044 0.2468779 0.892365
vn 0.2576591 0.6952323 0.671017
vn 0.0418471 0.9576212 0.2849748
vn -0.2118051 0.9637377 -0.1623221
vn -0.4353315 0.7119429 -0.5510209
vn -0.5688384 0.2697049 -0.7769699
vn -0.5765527 -0.2444786 -0.7796263
vn -0.4564075 -0.6928329 -0.5582784
vn -0.2405954 -0.9552218 -0.1722362
vn 0.01305667 -0.9613382 0.2750606
vn 0.2365832 -0.7095433 0.6637595
vn 0.8697593 -0.01050011 -0.4933646
vn -0.9873754 -0.1102792 0.113703
vn -0.8161206 0.2543917 0.5188759
vn -0.4980205 0.4999419 0.7085434
vn -0.1314109 0.6515881 0.7471039
vn 0.2942432 0.7136881 0.6356653
vn 0.7400184 0.6042485 0.2953923
vn 0.9403497 0.2529131 -0.2275467
vn 0.7748283 -0.1291479 -0.6188392
vn 0.4607732 -0.3869665 -0.7987146
vn 0.09416347 -0.5386128 -0.8372751
vn -0.3355353 -0.5884443 -0.7356287
vn -0.7870443 -0.4616142 -0.4092355
vn 0.2495295 -0.7568504 0.6040799
vn 0.8990807 0.3595665 -0.2497319
vn 0.9414688 0.2297393 0.2466906
vn 0.7424963 0.01397017 0.6697046
vn 0.3554774 -0.2299257 0.9059636
vn -0.1158865 -0.4365967 0.8921623
vn -0.5452937 -0.5506654 0.6319988
vn -0.8176848 -0.5415672 0.1951835
vn -0.8600729 -0.4117401 -0.3012388
vn -0.6611003 -0.195971 -0.7242526
vn -0.2740813 0.04792486 -0.9605117
vn 0.1972824 0.2545958 -0.9467105
vn 0.6266898 0.3686646 -0.6865467
vn -0.393787 0.8805051 0.263899
vn -0.07317102 0.9104323 0.4071351
vn -0.4539951 0.6371136 0.6228763
vn -0.7006137 0.1885713 0.6881725
vn -0.7469456 -0.3150075 0.5855277
vn -0.5805761 -0.7386898 0.3424455
vn -0.2460838 -0.9689499 0.02405953
vn 0.1669044 -0.9440899 -0.2843189
vn 0.5477282 -0.6707711 -0.5000599
vn 0.7943468 -0.222229 -0.5653561
vn 0.8406786 0.2813499 -0.4627113
vn 0.6743091 0.7050321 -0.2196291
vn 0.3398167 0.9352923 0.09875696
vn -0.5927894 0.2128587 -0.7767188
vn -0.484579 -0.8045869 -0.3432539
vn -0.6309437 -0.4180371 -0.653571
vn -0.5974723 0.07704645 -0.7981797
vn -0.3931334 0.548007 -0.7383323
vn -0.07267944 0.8686509 -0.4900648
vn 0.2780242 0.9530617 -0.1199003
vn 0.5650067 0.7786217 0.272976
vn 0.7113712 0.3920721 0.5832928
vn 0.6778998 -0.1030114 0.7279014
vn 0.4735609 -0.573972 0.668054
vn 0.1531071 -0.8946158 0.4197866
vn -0.1975967 -0.9790267 0.04962192
vn -0.7317103 0.2362235 0.6393737
vn 0.473038 0.6824433 0.5572308
vn 0.002895061 0.8798074 0.4753216
vn -0.4737814 0.8342977 0.2819196
vn -0.8292664 0.5581086 0.02884676
vn -0.968308 0.1252448 -0.2160864
vn -0.8536502 -0.3483083 -0.3872502
vn -0.5160154 -0.7356625 -0.4387813
vn -0.04587252 -0.9330263 -0.3568721
vn 0.4308038 -0.8875166 -0.1634701
vn 0.7862889 -0.6113275 0.0896028
vn 0.9253305 -0.1784638 0.3345359
vn 0.8106725 0.2950896 0.5056997
vn 0.3142024 0.3890753 -0.8659661
vn -0.8041542 -0.4151942 0.425382
vn -0.6210734 -0.08651512 0.7789628
vn -0.2836561 0.2789068 0.9174695
vn 0.1176869 0.5831571 0.8037896
vn 0.4754163 0.7447124 0.4683833
vn 0.6936786 0.7202839 0.001122564
vn 0.7139906 0.516417 -0.4727905
vn 0.5309098 0.1877381 -0.8263712
vn 0.1934926 -0.1776837 -0.9648778
vn -0.2078506 -0.4819341 -0.8511978
vn -0.5655798 -0.6434893 -0.5157917
vn -0.7838422 -0.6190608 -0.0485307
vn 0.6278471 -0.704859 0.3301238
vn -0.1454133 0.3442821 -0.927537
vn -0.2097543 0.7547516 -0.6215732
vn -0.1974151 0.968451 -0.1520852
vn -0.1117019 0.92812 0.3551281
vn 0.02441859 0.6445652 0.7641594
vn 0.1744729 0.1937646 0.965409
vn 0.2982541 -0.3034899 0.9049522
vn 0.3625951 -0.7139592 0.5989884
vn 0.3502559 -0.9276586 0.1295005
vn 0.2645426 -0.8873276 -0.3777129
vn 0.1284222 -0.6037728 -0.7867441
vn -0.02163218 -0.152972 -0.9879937
vn -0.9564813 -0.2552798 0.1413358
vn 0.01535866 0.8764256 -0.4812923
vn 0.3729182 0.9212307 -0.1107528
vn 0.640817 0.7147734 0.2800942
vn 0.7472717 0.312374 0.5865216
vn 0.6637581 -0.178145 0.7264225
vn 0.4126534 -0.6253495 0.6623105
vn 0.06124085 -0.9094114 0.4113643
vn -0.2963185 -0.9542163 0.04082489
vn -0.5642173 -0.747759 -0.350022
vn -0.670672 -0.3453596 -0.6564494
vn -0.5871584 0.1451593 -0.7963504
vn -0.3360535 0.592364 -0.7322383
vn -0.7038023 0.3030744 0.6425016
vn 0.6814339 -0.49006 -0.5435892
vn 0.8216315 0.06228925 -0.5666054
vn 0.755201 0.4858019 -0.4400773
vn 0.5764213 0.7824088 -0.2357431
vn 0.2816285 0.9581892 0.05058507
vn -0.1550344 0.8976945 0.4124429
vn -0.5734074 0.4649481 0.6745571
vn -0.7263657 -0.08443448 0.6821023
vn -0.6690327 -0.5058323 0.5445449
vn -0.4902529 -0.8024393 0.3402106
vn -0.1863627 -0.9803343 0.06491189
vn 0.2630612 -0.9228058 -0.281475
vn -0.6294584 0.1463214 -0.7631332
vn -0.4559501 0.7599322 -0.4632631
vn -0.08677448 0.9805713 -0.1759265
vn 0.3122888 0.9380105 0.1503733
vn 0.6343113 0.6436537 0.4282046
vn 0.7930071 0.1763737 0.5831227
vn 0.745854 -0.3386223 0.5736173
vn 0.5054864 -0.7633414 0.4022354
vn 0.1363109 -0.9839805 0.1148989
vn -0.2627524 -0.9414197 -0.2114008
vn -0.5847749 -0.6470628 -0.4892321
vn -0.7434707 -0.179783 -0.6441501
vn -0.6963176 0.3352134 -0.6346448
vn -0.6296291 0.0433327 0.7756865
vn -0.2092325 0.4946994 0.8435012
vn -0.05332286 0.7579446 0.6501359
vn 0.1888008 0.9716974 0.14198
vn 0.3742419 0.6763973 -0.6343735
vn 0.3247942 0.1558233 -0.93286
vn 0.2207525 -0.1900176 -0.9566408
vn 0.0969272 -0.4532904 -0.8860773
vn -0.08158337 -0.7082022 -0.7012802
vn -0.36956 -0.905048 -0.210508
vn -0.5550013 -0.6097476 0.5658458
vn -0.4597004 -0.1060808 0.8817156
vn -0.3330577 0.2314268 0.9140647
vn 0.8839942 -0.3259462 0.3351319
vn 0.8130369 -0.2276645 -0.5358545
vn 0.7374921 0.274789 -0.6169249
vn 0.4838644 0.7099294 -0.5117378
vn 0.1201128 0.9611617 -0.2484778
vn -0.2562957 0.9611682 0.1023148
vn -0.5445027 0.7099471 0.4466453
vn -0.6672833 0.2748129 0.6922507
vn -0.5917386 -0.2276403 0.773321
vn -0.3381108 -0.6627807 0.6681339
vn 0.02564082 -0.914013 0.4048738
vn 0.4020492 -0.9140195 0.05408138
vn 0.6902564 -0.6627983 -0.2902493
vn -0.6657786 -0.2153674 -0.7143919
vn -0.4411401 0.03835417 -0.8966184
vn -0.4655459 0.5217782 -0.7148528
vn -0.3541924 0.8681996 -0.3475303
vn -0.1369168 0.9847948 0.106925
vn 0.1280623 0.8403226 0.5267428
vn 0.3697439 0.4734939 0.7994329
vn 0.5233696 -0.01739978 0.8519282
vn 0.5477753 -0.5008236 0.6701627
vn 0.4364219 -0.8472449 0.3028402
vn 0.2191462 -0.9638401 -0.1516152
vn -0.04583288 -0.8193679 -0.5714329
vn -0.2875145 -0.4525391 -0.8441231
vn -0.8573951 -0.2184912 0.4659778
vn -0.8622872 0.2265352 0.4529267
vn -0.6219409 0.6794435 0.3892891
vn -0.2229585 0.9525576 0.2071799
vn 0.227753 0.9726968 -0.04460474
vn 0.6094259 0.7344648 -0.2985995
vn 0.8197912 0.3016955 -0.4867466
vn 0.8024816 -0.2096508 -0.5586322
vn 0.5621353 -0.6625589 -0.4949946
vn 0.1631529 -0.9356729 -0.3128854
vn -0.2875586 -0.9558121 -0.06110074
vn -0.6692315 -0.7175801 0.192894
vn -0.8795968 -0.2848107 0.3810412
vn 0.4877346 -0.1377 0.8620636
vn 0.689477 0.3804888 0.6163195
vn 0.4908352 0.789153 0.3692133
vn 0.1535797 0.9876497 0.03100599
vn -0.231922 0.9227921 -0.3076801
vn -0.5623753 0.6119585 -0.5560943
vn -0.7492353 0.1384366 -0.6476743
vn -0.742433 -0.3708938 -0.557881
vn -0.5437911 -0.7795578 -0.3107748
vn -0.2065357 -0.9780545 0.02743245
vn 0.1789661 -0.9131968 0.3661186
vn 0.5094193 -0.6023633 0.6145328
vn 0.6962793 -0.1288411 0.7061127
vn 0.6665767 -0.1207788 -0.7355869
vn 0.8834692 0.1994257 -0.423924
vn 0.6489705 0.6573972 -0.3829702
vn 0.2500765 0.9425 -0.2217104
vn -0.2063292 0.978341 0.01664611
vn -0.5979534 0.7553169 0.2682319
vn -0.8198605 0.3331864 0.4656347
vn -0.8125907 -0.1749408 0.5559607
vn -0.5780919 -0.6329121 0.5150069
vn -0.179198 -0.9180148 0.353747
vn 0.2772077 -0.9538558 0.1153905
vn 0.6688318 -0.7308317 -0.1361952
vn 0.890739 -0.308701 -0.3335981
vn -0.4667814 -0.1612514 -0.8695477
vn 0.3920896 0.7230759 0.5687065
vn 0.1266897 0.970722 0.2040801
vn -0.1955426 0.9607257 -0.196899
vn -0.4882655 0.6957659 -0.526789
vn -0.6730441 0.2468382 -0.6971962
vn -0.7003673 -0.2657678 -0.66246
vn -0.5629136 -0.7046995 -0.4318878
vn -0.2975138 -0.9523453 -0.06726166
vn 0.02471845 -0.942349 0.3337174
vn 0.3174414 -0.6773892 0.6636075
vn 0.5022201 -0.2284615 0.8340147
vn 0.5295432 0.2841446 0.7992784
vn 0.7777771 -0.08367074 -0.6229463
vn -0.9040964 0.3118752 -0.2921363
vn -0.6630457 0.7370598 -0.1308181
vn -0.2369308 0.9707571 0.03866036
vn 0.2600707 0.9503478 0.1708872
vn 0.6947879 0.6813006 0.2304326
vn 0.9507387 0.2357067 0.2013413
vn 0.9593412 -0.2670377 0.09140817
vn 0.7182904 -0.6922222 -0.06991006
vn 0.2921757 -0.9259194 -0.2393884
vn -0.2048257 -0.9055101 -0.3716153
vn -0.6395432 -0.636463 -0.4311607
vn -0.8954939 -0.1908689 -0.4020693
vn -0.2594077 -0.2105397 0.9425395
vn 0.6633676 0.6686672 -0.3358983
vn 0.2811074 0.9499694 -0.1361498
vn -0.1625867 0.9789269 0.1235625
vn -0.5488269 0.7477806 0.3736486
vn -0.7741207 0.3184657 0.5470983
vn -0.7781008 -0.1939829 0.597436
vn -0.5597007 -0.6522553 0.5111734
vn -0.1774404 -0.9335575 0.3114249
vn 0.2662536 -0.9625148 0.05171267
vn 0.6524938 -0.7313685 -0.1983735
vn 0.8777877 -0.3020536 -0.3718232
vn 0.8817676 0.2103951 -0.4221607
vn -0.5074305 -0.08033349 -0.85794
vn -0.9690372 0.2187386 0.1145438
vn 0.5425091 -0.1808324 0.8203557
vn 0.4546066 -0.05022874 -0.889275
vn -0.07133964 0.9563304 0.2834481
vn 0.09823317 -0.9590464 -0.2656693
vn 0.5320449 -0.08263594 0.842674
vn -0.8290992 0.520007 0.2053953
vn 0.3739036 -0.425477 -0.824115
vn -0.04383535 0.9514129 0.304782
vn 0.5475649 -0.2808183 0.7882347
vn -0.717321 0.6487068 0.2542247
vn 0.3444702 -0.4644301 -0.8158708
vn -0.03023551 0.9463646 0.3216828
vn 0.5137869 -0.5981428 0.6150189
vn -0.6485197 0.7075626 0.2806732
vn 0.3572841 -0.3775167 -0.8543005
vn -0.003852381 0.9444121 0.3287417
vn 0.4720595 -0.7005437 0.535162
vn -0.4910478 0.8128597 0.313259
vn 0.2664191 -0.5597067 -0.784697
vn 0.04240574 0.9432355 0.3294065
vn -0.5885112 -0.7763748 -0.2256032
vn 0.1477153 0.8391507 0.5234562
vn 0.3082444 -0.6687718 -0.6765572
vn -0.01214853 0.9645088 0.2637713
vn 0.004815158 -0.9691268 -0.2465158
vn 0.2437229 0.6857169 0.6858509
vn -0.6579588 -0.7175906 -0.2283725
vn 0.4902442 -0.1557497 -0.8575562
vn -0.005594097 0.9581741 0.2861314
vn 0.166212 0.7925156 0.5867645
vn -0.4240296 -0.8605494 -0.2822299
vn 0.4966286 -0.1015184 -0.8620059
vn -0.010433 0.9516897 0.3068842
vn -0.9311556 -0.04635027 -0.361664
vn 0.1840571 -0.3708747 0.910261
vn 0.7363044 0.4097379 -0.5384893
vn -0.03132732 0.9529152 0.3016144
vn 0.04173757 -0.9581451 -0.2832243
vn 0.183827 -0.4058901 0.8952435
vn -0.6664206 0.745576 0.0002304721
vn 0.5690489 -0.4969693 -0.6551374
vn -0.02202776 0.9491537 0.3140418
vn 0.4824552 -0.8607305 0.1624194
vn -0.2865598 0.9503906 0.1210006
vn 0.4521466 -0.837785 -0.3060714
vn 0.1218018 -0.9667741 -0.2247494
vn -0.04229029 -0.9758323 -0.2143897
vn -0.07269696 0.9526106 0.2953783
vn 0.1981209 -0.9042895 -0.3781648
vn -0.01871781 0.9323646 0.3610345
vn -0.886305 -0.2119689 -0.4117436
vn 0.3611719 -0.6616343 0.6571111
vn 0.6108939 0.7784517 -0.1442968
vn 0.1376675 0.6732914 0.7264478
vn -0.1581594 -0.6922526 -0.7041109
vn 0.3705547 -0.5545718 0.7450768
vn -0.8574948 -0.2334117 -0.4584993
vn 0.6213852 0.7659952 -0.1647176
vn 0.1415838 0.6417611 0.753722
vn 0.3677938 -0.5338889 0.761374
vn -0.8604125 -0.2062758 -0.4659836
vn 0.6353298 0.7472135 -0.1950083
vn 0.1355526 0.6120141 0.7791433
vn 0.3584658 -0.6347877 0.6845048
vn -0.8478312 -0.1972641 -0.4922084
vn 0.6213807 0.781162 -0.06059585
vn 0.1408941 0.5757807 0.805373
vn -0.3332962 0.1541416 0.9301366
vn 0.5105206 -0.622774 -0.5928924
vn -0.3138719 0.7306669 -0.6063088
vn 0.1177372 0.6150546 0.7796447
vn -0.06395531 -0.6150167 -0.7859162
vn 0.7348596 -0.5437937 -0.4053021
vn -0.4414414 -0.06256997 0.8951058
vn -0.3262437 0.686419 -0.6499186
vn 0.2052843 0.6093705 0.7658499
vn 0.3496247 -0.6741181 -0.6506361
vn -0.2255378 0.1721225 0.9589091
vn -0.279047 0.8429375 -0.4599883
vn 0.2606786 0.6118007 0.7468244
vn -0.1704862 -0.6390414 -0.7500404
vn -0.1342721 0.254542 0.9576948
vn 0.225737 0.6944649 0.6831993
vn -0.1177405 -0.7014102 -0.7029659
vn -0.4829924 0.8430802 -0.2365043
vn -0.4337202 -0.6546299 0.6191498
vn 0.9159095 -0.2084573 -0.3430093
vn -0.1955308 -0.6017495 -0.7743806
vn -0.8716652 -0.2415199 0.4264597
vn 0.4968062 -0.8642188 -0.07943195
vn 0.02690288 0.9836206 -0.1782326
vn 0.03399422 0.8987096 0.4372247
vn -0.01554374 -0.8993174 -0.4370202
vn 0.07090137 -0.922391 -0.3796944
vn -0.0449343 0.8780612 0.476434
vn -0.02822157 -0.7040552 -0.7095843
vn 0.1350487 -0.8720679 -0.4703822
vn -0.380851 -0.8712213 0.3097192
vn 0.7114398 0.6160961 0.3380519
vn -0.4483699 0.1621268 -0.8790218
vn -0.02202856 -0.9011141 -0.4330221
vn -0.3574688 -0.9169552 0.1772265
vn 0.4330325 0.8094631 0.3965507
vn -0.3461855 -0.3773841 -0.858916
vn -0.02071532 -0.9064278 -0.4218525
vn -0.5146596 -0.1881665 0.836492
vn 0.5342057 0.7634604 0.3629773
vn -0.2493908 -0.6153038 -0.7478005
vn -0.02401188 -0.9144839 -0.4039092
vn 0.0007683505 0.4906362 0.8713642
vn 0.8170329 0.5765105 0.009639065
vn -0.5431172 -0.654446 -0.5260459
vn 0.2864195 0.9137723 0.2880696
vn -0.2714003 -0.925985 -0.2624762
vn 0.9729462 0.03318759 -0.2286359
vn -0.1699197 0.0644264 0.9833497
vn -0.7202895 -0.08271061 -0.688725
vn 0.3097461 0.9051022 0.2912859
vn 0.9315807 -0.1925493 -0.3083541
vn -0.2832181 -0.2519907 0.9253585
vn -0.6484892 0.4448946 -0.6176816
vn 0.3265723 0.8972613 0.2971074
vn 0.9728246 0.007422689 -0.2314245
vn -0.3722946 -0.5152689 0.7719422
vn -0.6081907 0.540342 -0.5814935
vn 0.3499354 0.8849212 0.3073432
vn 0.829872 -0.4445763 0.3371417
vn -0.1226543 -0.9919934 -0.03008636
vn -0.1249077 0.9903494 -0.06005207
vn 0.05765268 0.9687096 -0.241408
vn -0.04475766 -0.9710866 0.2344944
vn -0.1354184 -0.9904842 -0.02455167
vn 0.9535599 -0.1027231 0.2831458
vn -0.1383927 0.9893614 -0.04484988
vn 0.0684851 0.9643913 -0.2554591
vn -0.09821098 -0.9904712 0.09654731
vn 0.9683611 0.06680868 0.2404442
vn -0.05250279 0.9882361 -0.1436415
vn 0.04295006 0.9680406 -0.2470885
vn -0.06913265 -0.9857447 0.1533887
vn 0.9243638 0.3491643 0.1537399
vn -0.02897726 0.9840059 -0.1757636
vn -0.004219611 -0.9968189 0.07958811
vn -0.2974841 -0.8438002 0.4466592
vn 0.9497285 0.2790106 0.1420169
vn -0.1558493 0.7446727 -0.6489788
vn -0.05438275 -0.9725842 0.2261028
vn -0.3810935 -0.7401727 0.5539965
vn 0.9253091 0.3667471 0.09643525
vn -0.1489091 0.6651739 -0.7316896
vn -0.06693432 -0.9761419 0.2065596
vn -0.5715404 -0.4253602 0.7017195
vn 0.9701717 0.1862076 0.1552209
vn -0.2571156 0.3158395 -0.913311
vn -0.06992286 -0.9853256 0.1557057
vn -0.1390544 0.8639296 -0.4840347
vn -0.5166609 -0.7998115 0.3055536
vn 0.4899046 -0.7283253 0.4790989
vn -0.2620672 0.9448388 -0.1964703
vn 0.2421106 -0.9475383 0.2086953
vn -0.3217746 -0.9049156 0.2785478
vn -0.1413 0.8553374 -0.4984297
vn 0.5839469 -0.5927162 0.5547014
vn -0.2781887 0.9477191 -0.1563314
vn 0.004228791 -0.9786963 0.2052697
vn -0.2242735 0.9258632 -0.3041032
vn 0.4712826 -0.8012155 0.3687092
vn -0.2828315 0.9499158 -0.1329146
vn 0.1219592 -0.9777662 0.1705849
vn -0.2553007 0.9425656 -0.2153872
vn 0.3916681 -0.8831334 0.2582085
vn 0.222795 -0.9290865 0.2952299
vn -0.319623 -0.8323871 -0.4527393
vn -0.4060477 0.8531618 0.3274757
vn 0.8367749 -0.5470282 0.02383407
vn 0.2731783 -0.9533858 0.1281764
vn -0.2318849 -0.8707657 -0.4335857
vn -0.378366 0.89136 0.249633
vn 0.7581462 -0.6519333 -0.01404977
vn 0.2683908 -0.9574196 0.1063682
vn -0.5022908 0.4812363 -0.7184119
vn -0.315711 -0.6254886 0.7135059
vn 0.9455996 -0.08237996 0.31473
vn -0.5257341 0.8250999 -0.2069149
vn 0.5357429 -0.8187577 0.2064352
vn -0.5629191 -0.3927293 0.7272453
vn -0.5406048 0.7317616 -0.4150558
vn 0.6973364 -0.6715531 0.2504762
vn -0.5248309 0.8291776 -0.1923981
vn -0.3636541 -0.6012654 0.7115024
vn -0.5344108 0.7837679 -0.3164063
vn 0.6229969 -0.7535539 0.2098367
vn -0.513964 0.8418036 -0.1649481
vn -0.3161674 -0.6603927 0.6811166
vn -0.5247892 0.7961863 -0.3011377
vn 0.6254838 -0.7610559 0.1719416
vn -0.4926157 0.8639564 -0.104447
vn 0.1294241 -0.895209 0.426439
vn -0.5073667 0.8397947 -0.193194
vn 0.5826262 -0.8019677 0.1318879
vn 0.5666111 -0.7874888 0.2425146
vn -0.66851 -0.5788655 0.4669147
vn -0.09272862 0.9835495 0.1550216
vn 0.5140219 -0.7936264 -0.3254822
vn 0.4589006 -0.8869036 0.05303094
vn -0.8524935 -0.289432 0.4352974
vn 0.1310562 0.9408433 0.3124714
vn 0.4054629 -0.7115636 -0.5738268
vn 0.4450367 -0.8925954 0.07222181
vn 0.3473833 -0.9222383 -0.1697098
vn -0.7219028 -0.6654214 0.1899229
vn 0.07833876 0.9955758 0.05188327
vn -0.1228505 0.9493102 -0.2893404
vn 0.1108163 -0.9566885 0.2691967
vn 0.1649529 -0.9706502 0.1750107
vn -0.4707092 -0.8500438 0.2363439
vn -0.06381176 0.9796115 -0.1904981
vn -0.08794717 0.9911077 -0.0998547
vn 0.2407811 -0.9204693 0.3078321
vn -0.4087199 -0.8639257 0.2942456
vn -0.09046009 0.9667474 -0.2391996
vn -0.1254316 0.9583808 -0.2564627
vn 0.2073724 -0.9193615 0.3343219
vn -0.2241918 -0.9147312 0.3361621
vn -0.1006227 0.9347291 -0.3408175
vn 0.1267692 -0.8985438 0.420177
vn 0.4930006 -0.8535956 -0.1683004
vn -0.8519409 -0.5219237 -0.04233754
vn 0.0644754 0.9642867 0.2568932
vn 0.1259975 -0.9713057 0.2017173
vn 0.387759 -0.9110427 -0.1401576
vn -0.7889382 -0.610774 -0.06731761
vn -0.01186225 0.9867715 0.161683
vn 0.1373612 -0.9777677 0.1584368
vn 0.5268866 -0.7630423 -0.3743754
vn -0.6780221 -0.7336904 -0.04454585
vn 0.02652567 0.9546497 0.2965476
vn 0.1317198 -0.9811193 0.141615
vn 0.5479999 -0.7133662 -0.4368123
vn -0.9649854 -0.1998416 -0.1699019
vn 0.1320908 0.8281084 0.5447831
vn 0.1094768 -0.9854192 0.1302454
vn 0.7311575 -0.6620399 0.1646571
vn -0.6719482 -0.3291658 -0.6634272
vn -0.127063 0.8961121 0.4252509
vn 0.2642115 0.8245035 -0.5003862
vn -0.2405413 -0.8596482 0.450716
vn -0.6948246 -0.4632209 -0.550132
vn 0.7043469 -0.6826134 0.1947677
vn -0.05789802 0.9634323 0.2616219
vn 0.2443504 0.8337532 -0.4951247
vn -0.6972815 -0.5379968 -0.4736643
vn 0.477806 -0.8172468 0.3221942
vn 0.03494603 0.9985757 0.04031591
vn 0.2614043 0.821614 -0.5065751
vn -0.699355 -0.4725257 -0.5363041
vn 0.5065088 -0.8017292 0.3173
vn 0.01989965 0.9963486 0.083027
vn 0.2604992 0.8146062 -0.5182249
vn -0.7018438 -0.5107392 -0.496549
vn 0.4961668 -0.8018495 0.3329505
vn 0.02749647 0.9990067 0.03506528
vn 0.2401766 0.8112589 -0.5330801
vn -0.6994697 -0.5979131 -0.3914614
vn 0.3904413 -0.8298171 0.3986968
vn 0.06197869 0.9934753 -0.095737
vn 0.2328548 0.7953665 -0.5596167
vn 0.9907526 0.06927589 -0.1166623
vn -0.4104822 -0.9083251 0.08031117
vn -0.01540724 0.9993281 -0.03325717
vn 0.2061474 0.8743226 -0.4393897
vn -0.2005081 -0.8767781 0.4371004
vn -0.2595858 -0.8962559 0.3596398
vn 0.9734745 0.1627658 -0.1607944
vn 0.161607 0.919555 -0.3581925
vn -0.2229126 -0.934732 0.276742
vn -0.4065656 -0.5035603 0.7623197
vn 0.9875371 -0.1243418 -0.09648612
vn -0.2394213 0.5580695 -0.7945036
vn -0.2510075 -0.8795289 0.4042576
vn -0.3969666 -0.5474328 0.7367054
vn 0.9880814 -0.1085706 -0.109122
vn -0.08946273 0.6792262 -0.728456
vn -0.2564798 -0.8974695 0.3588409
vn -0.4179419 -0.5036399 0.7560896
vn 0.991441 -0.04856942 -0.1211848
vn -0.1731866 0.6206776 -0.7646997
vn -0.2517624 -0.9116029 0.3249551
vn 0.3827626 -0.9118472 0.1484168
vn -0.8640141 0.4701416 -0.1801293
vn -0.1445533 0.987772 -0.05840116
vn -0.295909 0.8897073 -0.3476476
vn 0.2966092 -0.9150898 0.2731915
vn 0.3395363 -0.920415 0.1937819
vn -0.5917256 0.7711796 -0.2348248
vn -0.2374286 0.9556836 -0.1740588
vn -0.3363363 0.9358984 -0.1047477
vn 0.3093815 -0.7702658 0.5576501
vn -0.8716893 0.2017438 -0.4466065
vn 0.01343716 0.9199007 -0.3919212
vn -0.3151198 0.9115481 -0.2641584
vn 0.3135043 -0.880812 0.3548032
vn -0.7822233 0.4117649 -0.4675216
vn -0.2252721 0.9195499 -0.3219947
vn 0.242002 -0.8755085 0.4182344
vn 0.5133693 -0.8528925 0.0950074
vn -0.942746 -0.08214091 -0.3232383
vn -0.1625143 0.9754157 0.14884
vn 0.3128956 -0.9107535 0.269489
vn 0.5370537 -0.8435422 -0.003161514
vn -0.931851 0.1555606 -0.327803
vn -0.1941955 0.9630405 0.1866578
vn 0.306648 -0.9217873 0.2372238
vn 0.05334378 -0.7928793 -0.6070395
vn -0.893214 0.07594539 0.4431715
vn 0.6695336 0.7031323 0.2394368
vn -0.5189461 -0.06618185 -0.8522411
vn 0.4956029 0.0953373 0.863301
vn -0.996999 0.01416696 -0.0761079
vn 0.1273337 -0.8493758 -0.5121982
vn 0.6938911 0.5981486 0.4009157
vn -0.5492352 -0.111727 -0.8281653
vn -0.98463 -0.0298714 -0.1720798
vn 0.1455346 -0.8709672 -0.4692929
vn 0.6922966 0.5890619 0.4168114
vn -0.5601079 -0.1547765 -0.8138325
vn -0.9934888 -0.03862695 -0.1071826
vn 0.2664912 -0.9070553 -0.3259342
vn 0.6875952 0.6584506 0.3060324
vn -0.5788552 -0.1661624 -0.7983213
vn -0.9993978 -0.0319354 -0.01357344
vn 0.4069137 -0.9011968 -0.1492163
vn 0.6626835 0.7405355 0.111615
vn -0.6136798 -0.1824785 -0.7681789
vn 0.5536922 0.3137248 -0.7713636
vn -0.6027884 -0.7826282 -0.1553679
vn 0.0993861 0.5100103 0.8544074
vn -0.8504999 0.1708406 -0.4974569
vn 0.8417739 -0.2007509 0.5011145
vn -0.4650624 -0.8833935 -0.05773203
vn 0.2526654 0.3524345 -0.9010828
vn 0.1873605 0.4784441 0.857897
vn -0.8600407 0.1390681 -0.4909074
vn -0.4217584 -0.9062619 -0.02844689
vn 0.09445853 0.3479642 -0.9327371
vn 0.266932 0.4494291 0.8525027
vn -0.8660077 0.1172878 -0.4860805
vn -0.3768942 -0.9262515 0.00298544
vn -0.1041332 0.3283983 -0.9387816
vn 0.3811248 0.3999355 0.8335439
vn -0.880666 0.09372322 -0.4643743
vn -0.1194304 -0.6937942 0.7102014
vn 0.5916786 -0.01613176 -0.8060126
vn -0.5619972 0.80543 0.1882595
vn 0.9030619 0.4164554 -0.1050915
vn -0.8879786 -0.456706 0.05397868
vn 0.4852387 -0.1035669 -0.8682265
vn -0.07628301 -0.6676207 0.7405832
vn -0.4602651 0.8684179 0.1844088
vn 0.9049555 0.3932168 -0.1625919
vn 0.4820462 -0.1054257 -0.8697798
vn -0.2540382 -0.6584814 0.7084257
vn -0.2373572 0.9607393 0.1436719
vn 0.9030156 0.3773338 -0.2053828
vn 0.3117809 -0.2123374 -0.926124
vn -0.3192398 -0.6375887 0.7011182
vn 0.1002554 0.993893 0.04610355
vn 0.8970987 0.3672812 -0.2455983
vn 0.8556907 0.1054738 -0.5066248
vn -0.7786632 -0.1281325 -0.6142196
vn -0.03497427 0.02477148 0.9990812
vn -0.1880849 0.8085993 -0.5574867
vn 0.1416258 -0.8146269 0.5624279
vn -0.7874317 -0.1757657 -0.5908111
vn 0.6646523 0.3781849 -0.6443706
vn 0.03770662 -0.1783723 0.9832404
vn -0.2126964 0.7926416 -0.571384
vn -0.7902561 -0.316345 -0.5248058
vn 0.5312406 0.4867097 -0.6934675
vn 0.06651978 -0.2132082 0.9747397
vn -0.2333663 0.7769734 -0.5846816
vn -0.7806907 -0.4111434 -0.4706201
vn 0.4202127 0.552761 -0.7196364
vn 0.09332062 -0.2554652 0.9623039
vn -0.2440729 0.7658273 -0.5949261
vn -0.7279695 -0.6007365 -0.3304183
vn 0.3116078 0.6054094 -0.7323797
vn 0.1086366 -0.271418 0.9563109
vn -0.2545333 0.7571467 -0.601616
vn -0.6467392 -0.7370028 -0.1963549
vn 0.2270027 0.6394973 -0.7345155
vn 0.1356696 -0.2972926 0.9450983
vn -0.2873961 0.7541527 -0.590472
vn 0.9331337 -0.3190137 -0.1658065
vn -0.7699469 -0.1746583 -0.6137397
vn -0.1748935 0.5301422 0.8296756
vn -0.2014017 0.794714 -0.5725968
vn 0.1913962 -0.8236884 0.5337649
vn -0.7443902 -0.5051844 -0.43666
vn 0.9422078 -0.1423255 -0.3032952
vn -0.2050623 0.6440785 0.7369617
vn -0.2228727 0.7804892 -0.5840929
vn -0.6984113 -0.6346006 -0.3309135
vn 0.932027 -0.07456813 -0.3546338
vn -0.2244089 0.6999814 0.6779873
vn -0.2393018 0.7633052 -0.6000831
vn -0.6534397 -0.7164554 -0.2443526
vn 0.8363778 0.1509891 -0.5269483
vn -0.1883252 0.5781882 0.7938716
vn -0.2529491 0.7332944 -0.631107
vn -0.5547576 -0.8280742 -0.08085287
vn 0.80916 0.1802743 -0.5592507
vn -0.2335649 0.7066945 0.667855
vn -0.2580721 0.7101737 -0.6550208
vn -0.406432 -0.9076932 0.1044326
vn 0.6337311 0.3635271 -0.6828126
vn -0.2332073 0.7000021 0.6749901
vn -0.2789328 0.7156285 -0.6403689
vn -0.4124942 -0.9075032 0.07928757
vn 0.6021299 0.3915255 -0.695807
vn -0.2101227 0.6372736 0.7414384
vn -0.2992723 0.7151319 -0.6316823
vn 0.3928855 -0.3967889 0.8295779
vn -0.2548382 -0.6618991 -0.7049447
vn -0.1106416 0.9917852 -0.06419311
vn 0.8104423 0.5218942 -0.2661011
vn -0.8098528 -0.5335835 0.2437766
vn -0.4376183 -0.7121567 -0.548929
vn 0.1476262 -0.5064591 0.8495327
vn 0.2435442 0.9561787 -0.1625075
vn 0.8210357 0.5002915 -0.2749706
vn -0.4397556 -0.7079309 -0.5526743
vn 0.1910574 -0.4833976 0.8542973
vn 0.2248118 0.9601634 -0.1659698
vn 0.8232113 0.4887536 -0.2888656
vn -0.585001 -0.7148872 -0.3830276
vn 0.4744956 -0.346532 0.8091783
vn 0.2446503 0.9527673 -0.1799463
vn 0.8268598 0.4759024 -0.2996994
vn -0.6861476 -0.6892896 -0.2325539
vn 0.4214013 -0.3742226 0.826062
vn 0.4179743 0.8785465 -0.2312001
vn 0.8351107 0.4535942 -0.3111955
vn -0.7323242 -0.6624936 -0.1574913
vn -0.01740341 -0.5218174 0.8528797
vn 0.5748321 0.7708696 -0.2744597
vn 0.8406603 0.4375633 -0.3191059
vn -0.8419372 -0.4895053 0.2269941
vn -0.6451071 -0.5218721 0.5581096
vn 0.8035114 0.5067744 -0.3123288
vn 0.8462256 0.4317744 -0.3122071
vn 0.3736117 -0.9029458 0.2123752
vn -0.4000257 0.8600883 -0.3165874
vn 0.4372515 -0.7366735 0.5158714
vn -0.3169783 0.889276 -0.3297164
vn -0.4726528 0.8390167 -0.2695376
vn 0.2485573 -0.9480345 0.19862
vn -0.3117857 0.883369 -0.349927
vn 0.3479509 -0.6890087 0.6357651
vn -0.3429987 0.8854373 -0.3136123
vn -0.4704836 0.7932749 -0.3864715
vn -0.1912661 0.8985841 -0.3949227
vn 0.334354 -0.8556917 0.3949672
vn 0.3229232 -0.8193679 0.4736633
vn -0.7601911 0.6477879 -0.04980442
vn 0.1694625 0.9836335 -0.06121776
vn 0.3458501 -0.925843 0.1523235
vn 0.3300277 -0.8947157 0.3009413
vn -0.6160491 0.7799525 -0.1102619
vn -0.08006027 0.9844172 -0.1565667
vn 0.3387911 -0.9316065 0.1316433
vn 0.3271453 -0.8900178 0.31756
vn -0.7438158 0.6683722 0.004087809
vn 0.2973114 0.9513232 0.08117922
vn 0.3307726 -0.9423855 -0.049991
vn 0.3129531 -0.8928954 0.3237256
vn -0.7653577 0.6429816 0.02832508
vn 0.3369779 0.93625 0.09940798
vn 0.3192674 -0.9444175 -0.07838366
vn 0.3032809 -0.8937246 0.330571
vn -0.8122689 0.5766737 0.08756005
vn 0.6116943 0.7293701 0.3063486
vn 0.2964796 -0.9182101 -0.2626594
vn 0.2876616 -0.8971379 0.3352529
vn -0.8376201 0.5285272 0.1380275
vn 0.791194 0.3784935 0.4803696
vn 0.2492006 -0.8254949 -0.5064161
vn 0.2638011 -0.9097645 0.3205271
vt 0.2288448 -0.242426
vt 0.2243069 -0.2463905
vt 0.2396243 -0.2639235
vt 0.2441622 -0.2599591
vt 0.04781003 -0.3296917
vt 0.04183998 -0.3305089
vt 0.04499718 -0.3535754
vt 0.05096724 -0.3527582
vt -0.1851562 -0.2770339
vt -0.1902394 -0.2737981
vt -0.2027414 -0.2934381
vt -0.1976582 -0.2966739
vt -0.2685089 -0.1977247
vt -0.2722926 -0.1930351
vt -0.2904119 -0.2076543
vt -0.2866282 -0.2123439
vt -0.2872853 -0.16953
vt -0.2906121 -0.1645059
vt -0.3100237 -0.1773597
vt -0.306697 -0.1823838
vt -0.2779471 -0.1841933
vt -0.2814891 -0.1793185
vt -0.3003239 -0.1930036
vt -0.2967819 -0.1978784
vt -0.2243069 -0.2463905
vt -0.2288447 -0.2424261
vt -0.2441622 -0.2599591
vt -0.2396243 -0.2639236
vt -0.04183993 -0.3305089
vt -0.04780998 -0.3296918
vt -0.05096718 -0.3527583
vt -0.04499713 -0.3535754
vt 0.1902394 -0.2737981
vt 0.1851562 -0.2770339
vt 0.1976582 -0.2966739
vt 0.2027414 -0.2934381
vt 0.2722926 -0.1930351
vt 0.2685089 -0.1977248
vt 0.2866282 -0.2123439
vt 0.2904119 -0.2076543
vt 0.2906121 -0.1645059
vt 0.2872853 -0.16953
vt 0.306697 -0.1823838
vt 0.3100237 -0.1773597
vt 0.2814891 -0.1793185
vt 0.2779471 -0.1841933
vt 0.2967819 -0.1978784
vt 0.3003239 -0.1930036
vt 0.2874211 -0.1696185
vt 0.2907456 -0.1645952
vt 0.2281622 -0.1285092
vt 0.2264537 -0.1330786
vt -0.006758329 0.01270372
vt -0.001833164 0.009232127
vt 0.004167956 0.008688225
vt 0.009637025 0.01121775
vt 0.01310862 0.01614291
vt 0.01365252 0.02214404
vt 0.011123 0.02761311
vt 0.006197827 0.0310847
vt 0.0001967099 0.0316286
vt -0.00527236 0.02909907
vt -0.008743951 0.02417391
vt -0.009287855 0.01817279
vt 0.2739745 -0.1912312
vt 0.2776377 -0.1864468
vt 0.2168188 -0.1452375
vt 0.2015661 -0.2668707
vt 0.2064539 -0.2633467
vt 0.1606475 -0.2046931
vt -0.05575038 -0.3299507
vt -0.04980109 -0.3309074
vt -0.03848901 -0.2569149
vt -0.2443611 -0.2286159
vt -0.2400786 -0.2328548
vt -0.1862271 -0.1811689
vt -0.2861228 -0.1731799
vt -0.2826942 -0.1781351
vt -0.2198583 -0.1393427
vt -0.2904211 -0.1652409
vt -0.2870834 -0.1702578
vt -0.2241082 -0.1339778
vt -0.2716538 -0.1939345
vt -0.2678546 -0.1986116
vt -0.2098352 -0.1569058
vt -0.193237 -0.2717597
vt -0.1881893 -0.2750506
vt -0.1474701 -0.2174979
vt 0.04384994 -0.3303714
vt 0.04981496 -0.3295183
vt 0.04043008 -0.2600755
vt 0.2279642 -0.2430937
vt 0.232443 -0.2390626
vt 0.1841881 -0.1879591
vt 0.2792336 -0.1822157
vt 0.2827386 -0.1773169
vt 0.2229737 -0.1388417
vt 0.220774 -0.1431957
vt 0.2266963 -0.1325147
vt 0.2283948 -0.1279394
vt 0.1049309 -0.07560129
vt 0.1030465 -0.07907609
vt 0.2128045 -0.1510293
vt 0.2107275 -0.1554462
vt 0.2687323 -0.1985084
vt 0.1420577 -0.2179926
vt 0.1384099 -0.2212354
vt 0.1773949 -0.2835035
vt -0.07162048 -0.2497118
vt -0.0764026 -0.2487351
vt -0.09823927 -0.3198803
vt -0.1941377 -0.1726724
vt -0.1973204 -0.168972
vt -0.2543425 -0.2174625
vt -0.2214846 -0.1367572
vt -0.2235814 -0.1323497
vt -0.2881519 -0.1697938
vt -0.2237275 -0.1346243
vt -0.2254781 -0.1300681
vt -0.2899577 -0.1660621
vt -0.2059686 -0.1619498
vt -0.208181 -0.1575992
vt -0.2668723 -0.2004647
vt -0.1289038 -0.2289833
vt -0.1327014 -0.2259172
vt -0.1699958 -0.286866
vt 0.07264037 -0.2529637
vt 0.0678421 -0.2538576
vt 0.08485749 -0.3222743
vt 0.1931784 -0.178682
vt 0.1898566 -0.1822581
vt 0.2396396 -0.2315737
vt 0.2182755 -0.1432143
vt 0.2201095 -0.1386917
vt 0.1029855 -0.07590045
vt 0.1005451 -0.07900999
vt 0.1604393 -0.2040162
vt 0.1637216 -0.200405
vt 0.07968065 -0.09938072
vt 0.07619213 -0.1012388
vt -0.09666387 -0.2402913
vt -0.09198409 -0.2416743
vt -0.03882285 -0.1229895
vt -0.04208115 -0.1207525
vt -0.2056895 -0.1580191
vt -0.2027121 -0.1618855
vt -0.09355618 -0.09282614
vt -0.09529587 -0.08927716
vt -0.2236816 -0.1321744
vt -0.2215882 -0.1365829
vt -0.1036774 -0.08423688
vt -0.1052523 -0.08061142
vt -0.2259882 -0.1278936
vt -0.2242733 -0.1324628
vt -0.1052695 -0.08110987
vt -0.1071692 -0.07764328
vt -0.2168992 -0.1418199
vt -0.2149911 -0.1463119
vt -0.1009294 -0.08226027
vt -0.1034229 -0.07919282
vt -0.1584119 -0.2050957
vt -0.1550305 -0.2086149
vt -0.07364909 -0.1043073
vt -0.07718982 -0.1025498
vt 0.08664612 -0.2454281
vt 0.09135735 -0.2441551
vt 0.03913887 -0.1211136
vt 0.03583096 -0.1232772
vt 0.2008851 -0.1681415
vt 0.2039493 -0.1643432
vt 0.09165625 -0.09023316
vt 0.08984021 -0.09374394
vt 0.2227694 -0.1397751
vt 0.2249002 -0.1353845
vt 0.1020875 -0.08004905
vt 0.1004852 -0.08366256
vt 0.1031688 -0.07631766
vt 0.1049887 -0.07280795
vt 0.0494743 -0.03471895
vt 0.09938908 -0.08112357
vt 0.1018963 -0.07806678
vt 0.05385695 -0.032896
vt 0.06428535 -0.1122232
vt 0.06798126 -0.1108196
vt 0.04431415 -0.05033293
vt -0.02288249 -0.1281543
vt -0.01931052 -0.1298487
vt 0.003159418 -0.06926019
vt -0.07754967 -0.1043774
vt -0.07521761 -0.1075698
vt -0.02879472 -0.06202353
vt -0.09812652 -0.08417956
vt -0.0963743 -0.08772352
vt -0.04285859 -0.04895274
vt -0.1060502 -0.07387561
vt -0.1042177 -0.07737874
vt -0.04982755 -0.03742055
vt -0.1029588 -0.08035247
vt -0.1004261 -0.08338822
vt -0.05225526 -0.03415696
vt -0.06795173 -0.1137048
vt -0.06424458 -0.1150784
vt -0.0418045 -0.04890643
vt 0.01854026 -0.1319332
vt 0.02213307 -0.1302834
vt -0.003956383 -0.06510292
vt 0.0743975 -0.1092023
vt 0.07677545 -0.106044
vt 0.02603495 -0.0581259
vt 0.09540151 -0.08803336
vt 0.09717385 -0.08449943
vt 0.0382001 -0.04804914
vt 0.04227994 -0.03328671
vt 0.04488077 -0.03085859
vt 0.02380982 -0.006405006
vt 0.04800564 -0.03661563
vt 0.04533856 -0.03897078
vt 0.1023704 -0.07733444
vt 0.09396908 -0.08867514
vt 0.03826622 -0.04840612
vt 0.03579327 -0.05096439
vt 0.05410546 -0.03120806
vt 0.05109848 -0.03311025
vt 0.1027364 -0.07630911
vt 0.04983451 -0.04421015
vt 0.04636159 -0.04498408
vt 0.07817689 -0.1027419
vt 0.01332532 -0.06819947
vt 0.01005288 -0.06680246
vt -0.00406642 -0.1302013
vt -0.0228459 -0.06541862
vt -0.02540371 -0.06294522
vt -0.06851093 -0.111087
vt -0.03919357 -0.05362704
vt -0.04164862 -0.05105159
vt -0.09357379 -0.09020932
vt -0.04736721 -0.04145651
vt -0.05003922 -0.03910686
vt -0.1040914 -0.07712613
vt -0.05137119 -0.03445323
vt -0.05439442 -0.032577
vt -0.1048871 -0.07735913
vt -0.04577177 -0.04406578
vt -0.04925015 -0.04331666
vt -0.08053321 -0.1046805
vt -0.01238067 -0.06369001
vt -0.01567639 -0.06503113
vt 0.0002608187 -0.1330627
vt 0.02117891 -0.06032468
vt 0.01857022 -0.06274439
vt 0.06570195 -0.1147805
vt 0.05108545 -0.03204178
vt 0.05407273 -0.03010879
vt 0.03826696 -0.002712176
vt 0.04496177 -0.04769079
vt 0.04845971 -0.04703914
vt 0.04403332 -0.01634768
vt 0.01863271 -0.06201433
vt 0.02204443 -0.06302461
vt 0.03109465 -0.03380888
vt -0.009418601 -0.05795405
vt -0.00650275 -0.05999316
vt 0.01029573 -0.03457064
vt -0.03008889 -0.04403888
vt -0.02749525 -0.04647471
vt -0.007992268 -0.02276875
vt -0.04521746 -0.03168589
vt -0.04260208 -0.03409841
vt -0.02371098 -0.00926351
vt -0.05420253 -0.03142178
vt -0.0511945 -0.03332229
vt -0.03713838 -0.00473751
vt -0.04835044 -0.04802483
vt -0.04484918 -0.04865838
vt -0.04219317 -0.01629273
vt -0.02238291 -0.06326959
vt -0.01896397 -0.06228406
vt -0.03023788 -0.03137716
vt 0.005967398 -0.06001415
vt 0.008900513 -0.05799992
vt -0.01059125 -0.03135564
vt 0.02677864 -0.04590229
vt 0.02937875 -0.04347337
vt 0.004770607 -0.02129553
vt 0.01909003 -0.01173946
vt 0.02170611 -0.009892557
vt 0.0004013559 0.01341457
vt -0.00225999 0.0116335
vt 0.02069096 -0.008213626
vt 0.01808511 -0.01007493
vt 0.03976386 -0.03467105
vt 0.02624416 -0.04673389
vt 0.004330268 -0.02234704
vt 0.001827782 -0.02434511
vt 0.0359576 -0.001563288
vt 0.03305927 -0.002925022
vt 0.05057356 -0.03003982
vt 0.04491725 -0.01196474
vt 0.04172926 -0.01226757
vt 0.04895159 -0.04306099
vt 0.0356826 -0.03161589
vt 0.03265518 -0.03057196
vt 0.02569782 -0.0607904
vt 0.01503177 -0.03654789
vt 0.01239554 -0.03472987
vt -0.003622883 -0.06078511
vt -0.003884702 -0.0267546
vt -0.00637855 -0.02474572
vt -0.0257276 -0.04828521
vt -0.01988364 -0.01280422
vt -0.02249978 -0.01095743
vt -0.04178595 -0.03484012
vt -0.03386194 -0.005160525
vt -0.03677621 -0.003833215
vt -0.05239614 -0.03084551
vt -0.0417069 -0.01273827
vt -0.04489601 -0.0124483
vt -0.05086397 -0.04373803
vt -0.03354027 -0.02870322
vt -0.03658182 -0.02970531
vt -0.0285164 -0.06116224
vt -0.01453595 -0.03212612
vt -0.01719997 -0.03390309
vt 0.0006764729 -0.06152139
vt 0.04166279 -0.01382975
vt 0.04485425 -0.01356599
vt 0.04861321 0.01515187
vt 0.03482861 -0.02328185
vt 0.03789776 -0.02418622
vt 0.04913207 0.002056085
vt 0.04620663 0.003352125
vt 0.02187541 -0.02182994
vt 0.02463607 -0.02345279
vt 0.03891695 0.001076084
vt 0.003794665 -0.01224588
vt 0.006310953 -0.01422657
vt 0.02115769 0.01012244
vt -0.01688168 -0.002388729
vt -0.01432142 -0.00431224
vt -0.001786378 0.02174621
vt -0.0377554 -0.006693344
vt -0.03482324 -0.007980675
vt -0.02898704 0.02043056
vt -0.01775325 -0.02472333
vt -0.007671275 -0.01755121
vt -0.0300898 0.001526803
vt 0.04601555 0.00492355
vt 0.04893722 0.003612341
vt 0.059673 0.02336945
vt -0.004801639 -0.01425292
vt -0.02252973 0.008181579
vt -0.02728533 0.004748248
vt 0.03584043 0.002973864
vt 0.03318676 0.004766217
vt 0.01853228 -0.01973138
vt 0.016743 0.0136082
vt 0.01412761 0.01545603
vt -0.0004101316 -0.008921484
vt -0.00700297 0.024282
vt -0.009835233 0.02577642
vt -0.02128736 -0.000341564
vt -0.04929648 0.006962379
vt -0.05384218 0.006681317
vt -0.04722649 -0.02146834
vt 0.03334878 -0.003822543
vt 0.03625632 -0.002480607
vt 0.01555472 0.02226359
vt -0.0002628229 -0.0271381
vt 0.009513801 -0.03472119
vt 0.02162489 -0.003743588
vt -0.04485616 -0.01136129
vt -0.04166817 -0.01166338
vt -0.03366781 0.01840939
vt -0.03574339 -0.03079667
vt -0.03272787 -0.02971902
vt -0.03982127 0.0008603839
vt -0.04273261 -0.0004729627
vt -0.01519624 -0.03564161
vt -0.01258011 -0.03379502
vt -0.02985938 -0.007351766
vt -0.03235681 -0.009356042
vt 0.003307988 -0.0257844
vt 0.005796503 -0.02376898
vt -0.01537116 -0.0002307456
vt -0.0178163 -0.002298582
vt -0.002695268 0.009209771
vt -3.743937E-05 0.01098952
vt -0.01985558 0.02297141
vt -0.0202387 0.01979578
vt 0.01353254 -0.03542758
vt 0.02898666 -0.00814897
vt 0.02464144 -0.004076624
vt -0.004152671 0.01136568
vt -0.008704176 0.01441452
vt -0.02603932 -0.01170913
vt 0.01769712 -0.01205775
vt 0.02165172 -0.0165104
vt 0.03985011 -0.001089874
vt 0.01799829 0.0323403
vt 0.01371704 0.0293978
vt 0.02627364 0.003708823
vt -0.03037096 0.008876595
vt -0.0256271 0.01232612
vt -0.03810268 0.03322113
vt -0.05382184 0.006638641
vt -0.04927564 0.006911592
vt -0.05701676 0.03027774
vt 0.04011437 -0.01814816
vt 0.03862235 0.01385416
vt 0.03422392 0.01357145
vt 0.0338452 0.01461907
vt 0.03823472 0.0150163
vt 0.03142557 0.03969047
vt 0.02792732 0.03700938
vt 0.01366033 0.02946237
vt 0.01793977 0.03240749
vt 0.01195301 0.05464292
vt 0.007232372 0.02623135
vt 0.01481549 0.0198986
vt 0.01778555 0.04669806
vt -0.03499461 0.02822557
vt -0.03008295 0.03132306
vt -0.05104639 0.07601221
vt -0.01484719 0.01992827
vt -0.007265433 0.02626264
vt -0.01784074 0.04672164
vt 0.02462411 0.01604391
vt 0.03329741 0.009751973
vt 0.03684676 0.03556351
vt -0.06212945 0.02724048
vt -0.0578659 0.0287078
vt -0.07013506 0.07776445
vt 0.0352411 0.008011566
vt 0.03790253 0.006230732
vt 0.0500444 0.02503662
vt 0.0169451 0.01902173
vt 0.01954259 0.01714883
vt 0.03103249 0.03679936
vt -0.008033913 0.02858945
vt -0.005221475 0.02705804
vt 0.003016048 0.04908608
vt -0.03191685 0.007977771
vt -0.02322467 0.0142436
vt -0.04423655 0.02801065
vt 0.05515757 0.02436352
vt 0.0577572 0.02249368
vt 0.07289846 0.06904615
vt -0.03282123 0.03520551
vt -0.03771678 0.03208259
vt -0.0254307 0.01075523
vt 0.006892656 0.02105091
vt 0.01710093 0.04344723
vt 0.00842887 0.04797065
vt 0.02111768 0.05344993
vt 0.01615465 0.0521015
vt 0.02080291 0.02821353
vt -0.05812003 0.02819568
vt -0.06237036 0.02669052
vt -0.05407565 0.004687011
vt 0.02729321 0.01101084
vt 0.03936489 0.03119081
vt 0.03041034 0.03687813
vt -0.008472553 0.04800496
vt -0.01714378 0.04348005
vt -0.006917475 0.02108976
vt 0.05816417 0.02351767
vt 0.05555514 0.02537436
vt 0.04406328 0.0054085
vt -0.01998993 0.01909953
vt -0.03185813 0.03884401
vt -0.04087601 0.0330567
vt 0.04639151 0.02819829
vt 0.04378856 0.03006364
vt 0.03157693 0.01118306
vt 0.02547106 0.04105232
vt 0.0226337 0.04253692
vt 0.01182161 0.02293627
vt -0.003942138 0.05134898
vt -0.00707185 0.05202712
vt -0.01397606 0.03033627
vt 0.01603024 -0.007413366
vt 0.02383303 -0.0147571
vt 0.03864457 -0.002702284
vt -0.04156978 -0.007409491
vt -0.03887028 -0.005687012
vt -0.04579337 0.01107971
vt -0.02727333 -0.01647518
vt -0.02500861 -0.01421115
vt -0.03877127 -0.001624262
vt -0.01460022 -0.00611738
vt -0.01220389 -0.003993151
vt -0.03020344 0.004099283
vt -0.01964291 0.01751883
vt -0.01925792 0.02069763
vt -0.05621747 0.03202557
vt -0.05695525 0.02890972
vt 0.006685744 0.003144645
vt 0.01367032 -0.00366135
vt 0.0293858 0.007188714
vt -0.02383303 -0.0147571
vt -0.01603024 -0.007413365
vt -0.03864456 -0.002702283
vt 0.01356399 0.04423938
vt 0.0159077 0.04797214
vt -0.01183617 0.07337981
vt -0.005094052 0.01924123
vt -0.0006174645 0.01608341
vt 0.01464872 0.02755702
vt -0.01367032 -0.003661358
vt -0.006685746 0.003144636
vt -0.0293858 0.007188705
vt 0.02676839 -0.01391046
vt 0.02782576 -0.01977102
vt 0.06472513 -0.01037087
vt -0.01429262 -0.007921579
vt -0.03120735 0.00364348
vt -0.03210728 0.0005701187
vt 0.03991622 -0.007073144
vt 0.03519223 0.00254446
vt 0.01741529 -0.012299
vt -0.04294985 0.02061483
vt -0.04614779 0.02044787
vt -0.04277958 0.001650121
vt -0.04173192 0.001364777
vt -0.04391384 -0.0009791341
vt -0.03215611 -0.01479246
vt -0.01741529 -0.012299
vt -0.03519223 0.002544459
vt -0.03991623 -0.007073144
vt 0.03078527 -0.000397653
vt 0.0296078 0.009283194
vt 0.008118227 -0.004622853
vt 0.04327471 -0.003983707
vt 0.04039725 0.001230164
vt 0.02199336 -0.01655962
vt -0.008118227 -0.004622853
vt -0.0296078 0.009283194
vt -0.03078527 -0.000397653
vt 0.01699394 0.02253245
vt 0.01679678 0.02800714
vt -0.002868925 0.01450773
vt 0.01764473 0.02795944
vt 0.01781884 0.02248396
vt 0.05518335 0.03434525
vt -0.02569992 -0.002053797
vt -0.0249165 0.007666876
vt -0.06295772 0.01013855
vt 0.02485312 0.007648172
vt 0.02563135 -0.002072917
vt 0.06280283 0.01021649
vt -0.03217181 -0.01532998
vt -0.02891154 -0.005123739
vt -0.06444664 0.01009373
vt -0.06817479 4.906284E-05
vt 0.04155449 0.06037786
vt 0.04684028 0.05847172
vt 0.05363234 0.07784591
vt 0.05090666 0.07973704
vt 0.02891153 -0.00512374
vt 0.03217181 -0.01532998
vt 0.06817479 4.905775E-05
vt 0.06444664 0.01009373
vt -0.04604388 0.01959718
vt -0.04284514 0.01973714
vt -0.04639085 0.05887415
vt -0.04957975 0.05858747
vt -0.03657349 -0.01578135
vt -0.03508163 -0.01294814
vt -0.06888464 0.006994062
vt -0.07042083 0.004184517
vt -0.02622648 -0.003639235
vt -0.0255728 -0.000504481
vt -0.06240768 0.01234677
vt -0.06329021 0.009268731
vt -0.05320163 0.02748743
vt -0.05246479 0.0306038
vt -0.1010692 0.02197942
vt 0.04108023 0.02623188
vt 0.04368191 0.02436477
vt 0.06290628 0.0700348
vt 0.01859402 0.03614542
vt 0.02145356 0.03470401
vt 0.03984194 0.08143888
vt -0.009213721 0.0448305
vt -0.006075103 0.04419486
vt 0.006606339 0.09337129
vt -0.0375956 0.0286431
vt -0.02852884 0.03435353
vt -0.05788485 0.07519938
vt 0.06852679 0.07670139
vt 0.07147002 0.07543962
vt 0.07087509 0.1045589
vt -0.01278146 0.03679836
vt -0.004020969 0.04114794
vt -0.02171387 0.08641049
vt 0.02681549 0.03163723
vt 0.03580102 0.02599898
vt 0.04650232 0.07606882
vt -0.05998671 0.07694726
vt -0.05553329 0.07765163
vt -0.05330898 0.1038747
vt 0.01876133 0.04555879
vt 0.02375076 0.04680603
vt 0.01215325 0.09399546
vt 0.004006126 0.04115258
vt 0.01276672 0.03680312
vt 0.02170493 0.08640848
vt -0.06695987 0.06484202
vt -0.0615221 0.06687904
vt -0.06367756 0.09212422
vt 0.07257599 0.07292162
vt 0.06965979 0.07424469
vt 0.05840548 0.02698174
vt -0.04022656 0.02601547
vt -0.0593969 0.07065787
vt -0.06945191 0.0669549
vt 0.07200963 0.06676709
vt 0.06906302 0.06802098
vt 0.05157102 0.02229985
vt 0.05657559 0.07304437
vt 0.05350057 0.07393811
vt 0.03416137 0.02831659
vt 0.02799039 0.0867221
vt 0.0248043 0.08704487
vt 0.008391185 0.03958025
vt -0.05792842 0.08546392
vt -0.0623729 0.08470518
vt -0.0558168 0.03435322
vt 0.04973311 0.02316259
vt 0.07023685 0.06961577
vt 0.06027661 0.0732659
vt -0.04095419 0.08175234
vt -0.05027235 0.07877963
vt -0.02956624 0.03264565
vt -0.06300339 0.07206317
vt -0.06845092 0.07005239
vt -0.0470345 0.02424877
vt 0.02954589 0.03265074
vt 0.05025627 0.07877789
vt 0.04093816 0.08175063
vt -0.009482272 0.09177247
vt -0.01453092 0.0907919
vt 0.001773576 0.0442006
vt 0.06934365 0.06912611
vt 0.07229267 0.0678779
vt 0.07227686 0.09480657
vt 0.05128119 0.06584454
vt 0.05435472 0.06494574
vt 0.056378 0.09218851
vt 0.02270771 0.06826404
vt 0.02589468 0.06795004
vt 0.02900623 0.09511749
vt -0.06936598 0.06666295
vt -0.05931184 0.07036828
vt -0.07090253 0.0939648
vt -0.02568626 0.1014688
vt -0.02204912 0.1017459
vt -0.02242305 0.1128868
vt -0.04742513 0.07055978
vt -0.0380992 0.07350802
vt -0.04807832 0.09817137
vt 0.0583529 0.06668021
vt 0.06829271 0.06297481
vt 0.06730887 0.09173323
vt -0.04527577 0.116234
vt -0.04078766 0.1158012
vt -0.03915373 0.1271538
vt -0.01129183 0.07733676
vt -0.006235622 0.0782776
vt -0.01486491 0.1034478
vt 0.03650478 0.06808193
vt 0.0458256 0.06511769
vt 0.04479938 0.09336443
vt -0.07412802 0.07805609
vt -0.06840304 0.0790275
vt -0.07122023 0.09332525
vt -0.02254451 0.1078747
vt -0.02618158 0.1075966
vt -0.01774943 0.08033262
vt -0.06548037 0.06831218
vt -0.07230572 0.09602213
vt -0.07637791 0.09223671
vt 0.07329725 0.09525067
vt 0.07247634 0.09860953
vt 0.07059315 0.06954509
vt 0.06647168 0.09162359
vt 0.06329802 0.09205098
vt 0.06210538 0.06514873
vt 0.04149856 0.09241505
vt 0.03830595 0.09266631
vt 0.03550002 0.065493
vt -0.04284367 0.1024583
vt -0.04733502 0.1028561
vt -0.04998025 0.07564884
vt 0.07875739 0.07190534
vt 0.07825898 0.09923634
vt 0.0748689 0.1004166
vt -0.01615539 0.09881985
vt -0.0191127 0.09725139
vt -0.01528286 0.07121433
vt -0.06938638 0.09588082
vt -0.07512749 0.09500978
vt -0.07368095 0.06873954
vt 0.05723403 0.06679072
vt 0.06013091 0.09294079
vt 0.05561878 0.0950099
vt 0.05530052 0.105826
vt 0.05274946 0.1046173
vt 0.05591492 0.07947873
vt 0.07364736 0.1026932
vt 0.07459479 0.09936775
vt 0.0755996 0.1050461
vt 0.06368754 0.1005541
vt 0.06686167 0.100133
vt 0.06926416 0.1147585
vt 0.06474759 0.1062222
vt 0.03933484 0.1054507
vt 0.0425274 0.1051987
vt 0.04118085 0.1201569
vt -0.07842015 0.09735794
vt -0.07428807 0.1010779
vt -0.07856263 0.1049066
vt 0.0712493 0.1106922
vt 0.07299822 0.1018472
vt 0.07743004 0.110428
vt -0.05132873 0.1190138
vt -0.05765648 0.1214686
vt -0.05430088 0.1075167
vt -0.07388158 0.1015923
vt -0.07758971 0.1154547
vt -0.078162 0.1054145
vt 0.07591642 0.1048148
vt 0.07395168 0.1136145
vt 0.07395759 0.1024674
vt -0.01998169 0.09888689
vt -0.01702441 0.1004554
vt -0.0207662 0.109967
vt 0.07575775 0.09505697
vt 0.07912029 0.09380037
vt 0.07641248 0.1052571
vt -0.01800119 0.1311695
vt -0.01352881 0.130597
vt -0.000314062 0.1665012
vt -0.0193165 0.1243295
vt -0.02380846 0.1247197
vt -0.02637814 0.1139925
vt 0.07746065 0.0985628
vt 0.07838564 0.1095546
vt 0.0741816 0.1098693
vt -0.05056922 0.1079272
vt -0.05462593 0.107252
vt -0.04980277 0.0968458
vt 0.05372423 0.1029693
vt 0.0562783 0.1041716
vt 0.05141763 0.1148214
vt 0.04698287 0.06756372
vt 0.05139925 0.0652974
vt 0.04800286 0.07922576
vt -0.0365409 0.1164211
vt -0.03315933 0.1150109
vt -0.02387868 0.1423972
vt -0.02706157 0.1432574
vt -0.03381425 0.1085199
vt -0.03719534 0.1099356
vt -0.04137734 0.09494044
vt -0.03058212 0.09944411
vt -0.03564217 0.1003637
vt -0.02878778 0.08750372
vt -0.01410297 0.09997212
vt -0.01360364 0.1075056
vt -0.01621411 0.1148417
vt -0.0313211 0.1094443
vt -0.02873205 0.1021007
vt -0.02830721 0.1121482
vt 0.07331477 0.08933805
vt 0.07152842 0.1048026
vt 0.06741623 0.1024049
vt -0.03580157 0.1145945
vt -0.0327851 0.1172955
vt -0.04069071 0.1391208
vt -0.05361819 0.1277806
vt -0.04732788 0.1252314
vt -0.04639204 0.1491064
vt 0.07156961 0.1145659
vt 0.07775 0.1142935
vt 0.07483904 0.1382345
vt -0.02937734 0.1418959
vt -0.02685442 0.1434281
vt -0.03175721 0.1771775
vt -0.02589149 0.1420572
vt -0.02841567 0.1405272
vt -0.02118618 0.117495
vt 0.08000987 0.1095456
vt 0.08293991 0.1335073
vt 0.07843126 0.1336112
vt -0.05563719 0.1472878
vt -0.06034713 0.1488035
vt -0.06182414 0.1256376
vt -0.06479309 0.1416273
vt -0.06005728 0.1401944
vt -0.06143972 0.1758852
vt 0.07837723 0.1366916
vt 0.08288596 0.1365918
vt 0.08117659 0.1722993
vt 0.08037044 0.05768873
vt 0.08217282 0.06002631
vt 0.07732476 0.06101473
vt 0.02977383 0.1788922
vt 0.02705981 0.1777316
vt 0.02974849 0.1435304
vt 0.07451256 0.1333849
vt 0.07827786 0.1674843
vt 0.0740793 0.1691307
vt -0.08109415 0.1721524
vt -0.08601744 0.1716605
vt -0.08235627 0.1377539
vt -0.05643465 0.1163299
vt -0.05237955 0.1170147
vt -0.08249211 0.1423238
vt 0.07457067 0.09151957
vt 0.07877194 0.09117799
vt 0.09661962 0.1252799
vt 0.0925819 0.1264896
vt 0.02739079 0.1636939
vt 0.03154234 0.1619348
vt 0.04514306 0.1784477
vt 0.02415521 0.1667138
vt 0.01991654 0.1682512
vt 0.0007989343 0.1348445
vt -0.08961765 0.135823
vt -0.09324501 0.1338853
vt -0.06321505 0.1101798
vt -0.09224484 0.1311693
vt -0.08861672 0.1331053
vt -0.1086785 0.1452172
vt -0.1108516 0.1417259
vt 0.09544273 0.1106893
vt 0.099407 0.1092566
vt 0.1114434 0.1285803
vt 0.1077581 0.1306267
vt 0.05546866 0.1787945
vt 0.05861229 0.1755623
vt 0.07785361 0.1892157
vt 0.05507739 0.1775631
vt 0.05185795 0.1807198
vt 0.03638454 0.1640208
vt -0.1049667 0.136329
vt -0.1028152 0.1398338
vt -0.1247841 0.149348
vt 0.1158246 0.1002641
vt 0.1191447 0.09766601
vt 0.130316 0.1193207
vt -0.06244339 0.0810175
vt -0.05859566 0.0786673
vt -0.05861358 0.08277979
vt 0.07223438 0.1895638
vt 0.06918927 0.1928888
vt 0.05023517 0.1783512
vt 0.1219013 0.08897741
vt 0.138313 0.1063342
vt 0.1353277 0.109311
vt -0.1220676 0.1537668
vt -0.1239049 0.1500875
vt -0.1022175 0.1407978
vt -0.03731024 0.09215148
vt -0.03225582 0.09120214
vt -0.03884919 0.1212386
vt -0.04340422 0.1204183
vt 0.06828709 0.09947299
vt 0.07236462 0.1019292
vt 0.06672928 0.1301851
vt -0.03039273 0.134458
vt -0.0272059 0.1336075
vt -0.01636231 0.1547698
vt -0.01921728 0.156422
vt 0.07112765 0.09958372
vt 0.07043622 0.1280367
vt 0.06615283 0.1279633
vt -0.04219666 0.1008083
vt -0.03764809 0.101664
vt -0.04167505 0.1237037
vt -0.04627324 0.124235
vt 0.06649938 0.1233172
vt 0.07077888 0.1234576
vt 0.06551831 0.1475329
vt 0.06189943 0.1452441
vt -0.02324297 0.1442007
vt -0.02040608 0.1425166
vt -0.006811075 0.1593586
vt -0.04818613 0.09392922
vt -0.04360092 0.09329496
vt -0.04571749 0.1146963
vt -0.05028072 0.115472
vt 0.0612311 0.1412333
vt 0.06471403 0.1437279
vt 0.0535376 0.164
vt 0.05133371 0.1603262
vt -0.006639541 0.1439223
vt -0.004841932 0.141156
vt 0.01504437 0.1559496
vt -0.0001009155 0.147063
vt -0.001977907 0.1497761
vt -0.01604016 0.1313879
vt -0.05269822 0.07417032
vt -0.04819781 0.07308814
vt -0.05011218 0.09737435
vt 0.04282845 0.162049
vt 0.04432913 0.1660587
vt 0.02446114 0.1826834
vt 0.02478326 0.1784146
vt 0.02152153 0.1134986
vt 0.02246763 0.110338
vt 0.04674654 0.1215916
vt 0.02649037 0.1149586
vt 0.0253763 0.1180639
vt 0.006391802 0.1004364
vt -0.05035184 0.1066924
vt -0.05448107 0.1087838
vt -0.05603565 0.08404716
vt -0.0458091 0.0879406
vt -0.04301308 0.0842519
vt -0.03198954 0.1087241
vt 0.003296185 0.1890467
vt 0.001967011 0.1931191
vt -0.02204665 0.1978869
vt -0.05645277 0.1919984
vt -0.05914694 0.1900943
vt -0.05504365 0.1879526
vt 0.05285409 0.08050703
vt 0.05188416 0.0836603
vt 0.02878591 0.06943811
vt 4.385683E-05 0.1988974
vt -0.02577631 0.2072112
vt -0.02404044 0.2032945
vt -0.01126265 0.1390891
vt -0.01269265 0.1434912
vt -0.03143228 0.124388
vt 0.04756526 -0.01276322
vt 0.04771015 -0.02347728
vt 0.09421866 -0.02567575
vt 0.03870963 -0.0595155
vt 0.03552217 -0.05920797
vt 0.02639502 -0.1044303
vt -0.04469862 -0.03636386
vt -0.04510009 -0.03318671
vt -0.08992068 -0.04549215
vt -0.05263099 -0.001794052
vt -0.05219311 0.001378148
vt -0.09855291 -0.008969462
vt -0.04698138 -0.01959279
vt -0.09440152 -0.0281352
vt -0.09245376 -0.03332475
vt 0.02508 -0.09981908
vt 0.02902985 -0.0982243
vt -0.0009396943 -0.05899937
vt 0.0958565 0.01716905
vt 0.09603994 0.02016642
vt 0.0495046 0.02169544
vt 0.1084233 -0.01470293
vt 0.1082334 -0.01895834
vt 0.1199562 -0.0143122
vt 0.04527995 -0.0008683829
vt 0.06686206 0.02810828
vt 0.06308688 0.0322705
vt 0.06267747 0.01218697
vt 0.05971851 0.01865129
vt 0.02472521 0.009656651
vt 0.06841058 0.02820363
vt 0.07180621 0.02195762
vt 0.08424188 0.04127512
vt -0.0716026 0.0281598
vt -0.06475265 0.03639936
vt -0.08067067 0.05085136
vt 0.06590229 0.06828117
vt 0.06821096 0.06589961
vt 0.07673449 0.08148493
vt 0.07404131 0.08342166
vt 0.05999104 0.02990481
vt 0.07423183 0.04726885
vt 0.07226567 0.04932504
vt -0.08336589 0.04631829
vt -0.08572883 0.04270361
vt -0.07306004 0.02416144
vt 0.07522649 0.0511973
vt 0.07716606 0.0491165
vt 0.09212806 0.05710046
vt 0.09085388 0.05964375
vt -0.08651169 0.0331619
vt -0.08448217 0.03697359
vt -0.09913856 0.04595545
vt -0.1009609 0.04204033
vt 0.09905307 0.01104961
vt 0.09980427 0.007817431
vt 0.1128541 0.01313843
vt 0.08958211 0.05923845
vt 0.09087474 0.05670568
vt 0.103923 0.05797251
vt 0.1035884 0.06079634
vt -0.09431071 0.01638131
vt -0.09328058 0.02057296
vt -0.10714 0.02213043
vt -0.1073408 0.01781875
vt 0.09911643 -0.04250178
vt 0.09841254 -0.0457445
vt 0.120077 -0.04693383
vt 0.1124805 0.01850076
vt 0.1112695 0.0215901
vt 0.0989603 0.01503167
vt 0.1013044 0.06054299
vt 0.1016624 0.05772063
vt 0.1222639 0.05759661
vt 0.1230005 0.06034456
vt -0.1010375 0.004680388
vt -0.1012409 0.008993261
vt -0.1233879 0.008391476
vt -0.1216379 0.004444323
vt -0.01058709 0.0896506
vt -0.01389707 0.08941679
vt -0.01362845 0.08658452
vt 0.1037835 -0.07815924
vt 0.105622 -0.07539691
vt 0.08439995 -0.06903426
vt 0.09471759 0.02016398
vt 0.09453148 0.01716678
vt 0.1071242 0.01758526
vt -0.096689 -0.02868113
vt -0.09833308 -0.02338753
vt -0.1092713 -0.02801949
vt 0.03272543 0.1169976
vt 0.03696518 0.1174086
vt 0.03088649 0.128984
vt -0.1157368 0.03594913
vt -0.1152812 0.03171395
vt -0.1042933 0.03446295
vt -0.09242859 -0.0384957
vt -0.1037546 -0.03860947
vt -0.1029087 -0.04408734
vt 0.1056824 0.01027492
vt 0.105886 0.01327082
vt 0.09328203 0.01288335
vt 0.09086718 0.01145398
vt 0.09056897 0.008466012
vt 0.1035825 0.01123775
vt -0.1115889 -0.03007069
vt -0.1116982 -0.02452897
vt -0.123791 -0.02476558
vt 0.009605745 0.1194398
vt 0.01341255 0.1213473
vt 0.000427319 0.1356706
vt -0.002828658 0.1329269
vt -0.04502964 0.1242312
vt -0.04772285 0.120931
vt -0.03698073 0.1151609
vt -0.1111927 -0.03354941
vt -0.1222756 -0.0284645
vt -0.1232823 -0.03391527
vt 0.1032436 -0.008287163
vt 0.1033056 -0.005284914
vt 0.0905285 -0.008057332
vt 0.09745745 -0.007655681
vt 0.0973189 -0.01065537
vt 0.1145924 -0.001690916
vt -0.1256748 0.04274338
vt -0.1218513 0.04675657
vt -0.1320353 0.06113568
vt -0.07615469 0.03045799
vt -0.08008581 0.03209818
vt -0.08161684 0.02951508
vt -0.1124047 0.06632333
vt -0.1150141 0.08448152
vt -0.1200623 0.08219261
vt 0.119973 -0.0124407
vt 0.1198782 -0.009439458
vt 0.1030203 -0.0189052
vt -0.006090255 0.03380617
vt -0.03485391 0.03985505
vt -0.03495597 0.03934757
vt -0.01077243 0.01233714
vt -0.03952895 0.01841984
vt -0.03963161 0.01791248
vt -0.01634093 -0.01081921
vt -0.04465313 -0.002922612
vt -0.04478779 -0.003422425
vt -0.02837714 -0.02460988
vt -0.05380695 -0.00987011
vt -0.05406259 -0.01032022
vt -0.03686687 0.03090835
vt -0.02385178 0.05726255
vt -0.0243179 0.05748767
vt -0.005740857 0.04632661
vt 0.02184838 0.0564642
vt 0.02166558 0.05694848
vt 0.002891071 0.03343923
vt 0.03159371 0.03977126
vt 0.03147776 0.04027575
vt 0.007850531 0.01167396
vt 0.03674841 0.01704511
vt 0.03664934 0.01755318
vt 0.01291821 -0.01219751
vt 0.04167311 -0.006107164
vt 0.0415614 -0.005601726
vt 0.02326469 -0.02866166
vt 0.05048602 -0.01757402
vt 0.05028655 -0.01709636
vt 0.03243643 0.03531794
vt 0.01621727 0.0598307
vt 0.0157881 0.05954127
vt 0.001078612 0.04690539
vt -0.02709142 0.055295
vt -0.0272348 0.05479761
vt 0.04602582 0.01445269
vt 0.04623323 0.01492696
vt 0.0461757 0.01544139
vt 0.04586867 0.01585814
vt 0.0453944 0.01606554
vt 0.04487997 0.01600802
vt 0.04446322 0.01570099
vt 0.04425582 0.01522671
vt 0.04431334 0.01471228
vt 0.04462037 0.01429553
vt 0.04509464 0.01408813
vt 0.04560908 0.01414565
vt 0.02380757 0.007081294
vt 0.01310585 0.02871658
vt 0.01264436 0.02848212
vt -0.01417624 -0.01110343
vt -0.02373363 0.01106116
vt -0.02420674 0.01085111
vt -0.05154606 -0.01895875
vt -0.05745836 0.004443326
vt -0.05795883 0.004311161
vt -0.07712232 -0.007874786
vt -0.07726717 0.01626215
vt -0.07778473 0.01625349
vt -0.07890408 0.01004639
vt -0.07313359 0.03348384
vt -0.07363752 0.0336022
vt -0.05881267 0.01448791
vt -0.04910446 0.03658686
vt -0.04958059 0.03678996
vt -0.02660882 0.001554638
vt -0.01545741 0.02296162
vt -0.01591903 0.02319583
vt 0.01148587 -0.01697323
vt 0.02167292 0.004909112
vt 0.02120132 0.005122535
vt 0.05011849 -0.02401941
vt 0.05673229 -0.0008058284
vt 0.05623297 -0.0006693389
vt 0.07708278 -0.009883581
vt 0.07776193 0.01424423
vt 0.07724436 0.01425325
vt 0.07848935 0.01204444
vt 0.07303179 0.03555673
vt 0.07252885 0.03543428
vt 0.056949 0.01895922
vt 0.04754285 0.04118842
vt 0.04706831 0.04098159
vt 0.07897709 0.02153305
vt 0.07899448 0.02205039
vt 0.07875086 0.02250712
vt 0.07831152 0.02278085
vt 0.07779418 0.02279824
vt 0.07733744 0.02255463
vt 0.07706372 0.02211529
vt 0.07704632 0.02159794
vt 0.07728994 0.02114121
vt 0.07772928 0.02086748
vt 0.07824662 0.02085009
vt 0.07870335 0.0210937
vt 0.007471664 -0.05446612
vt 0.01689437 -0.02574048
vt 0.01640115 -0.02558335
vt -0.04747251 -0.02991627
vt -0.03212786 -0.003868397
vt -0.03257609 -0.003609487
vt -0.08539324 -0.002569041
vt -0.06806462 0.02220331
vt -0.0684913 0.02249637
vt -0.1066061 0.004491738
vt -0.09059538 0.03013557
vt -0.0910368 0.03040594
vt -0.1053704 -0.01804253
vt -0.09465039 0.0102246
vt -0.09513594 0.01040401
vt -0.06831751 -0.05329823
vt -0.06738359 -0.02308105
vt -0.0679011 -0.02306949
vt -0.004977808 -0.06020484
vt -0.01423548 -0.03142558
vt -0.01472687 -0.0315883
vt 0.05078297 -0.03452883
vt 0.03562179 -0.008373743
vt 0.03517619 -0.008637161
vt 0.08782522 -0.006046887
vt 0.07090696 0.01900751
vt 0.07048047 0.01871416
vt 0.1074205 0.002214748
vt 0.09209023 0.02827108
vt 0.09164635 0.02800478
vt 0.1045867 -0.01772837
vt 0.09469341 0.01083862
vt 0.09420574 0.01066504
vt 0.06817215 -0.04895956
vt 0.06778476 -0.01873043
vt 0.06726723 -0.0187415
vt -0.06511401 0.07200594
vt -0.06557029 0.07176149
vt -0.06584322 0.07132165
vt -0.06585967 0.07080427
vt -0.06561522 0.07034798
vt -0.06517538 0.07007505
vt -0.06465801 0.07005861
vt -0.06420173 0.07030305
vt -0.06392879 0.07074289
vt -0.06391235 0.07126027
vt -0.06415679 0.07171655
vt -0.06459662 0.07198948
vt -0.1124778 0.04855863
vt -0.1054077 0.03896945
vt -0.1049978 0.03928562
vt -0.1182106 0.0160022
vt -0.1087811 0.00872054
vt -0.1084737 0.009137018
vt -0.1075033 0.02324519
vt -0.09770966 0.01646115
vt -0.09742422 0.01689298
vt -0.08689936 0.0535185
vt -0.07770534 0.04594163
vt -0.07738488 0.04634816
vt -0.04472977 0.09322768
vt -0.03785157 0.08349992
vt -0.03743551 0.08380788
vt 0.03866693 0.1057412
vt 0.03919461 0.09383905
vt 0.03971112 0.0938732
vt 0.10595 0.05812494
vt 0.09945193 0.04813925
vt 0.09989183 0.04786641
vt 0.1193553 0.0256173
vt 0.1100804 0.0181396
vt 0.110414 0.01774377
vt 0.1135143 0.02795021
vt 0.1034706 0.02154217
vt 0.1037585 0.02111193
vt 0.09750964 0.05434881
vt 0.08762555 0.04769723
vt 0.08792381 0.04727415
vt 0.06014071 0.09513122
vt 0.05193546 0.08649334
vt 0.05231842 0.08614508
vt -0.03618471 0.1128764
vt -0.03744546 0.1010295
vt -0.03692966 0.1009859
vt -0.04768111 -0.03661826
vt -0.04814161 -0.03685467
vt -0.0484222 -0.03728966
vt -0.04844771 -0.03780667
vt -0.0482113 -0.03826717
vt -0.04777631 -0.03854776
vt -0.0472593 -0.03857327
vt -0.0467988 -0.03833685
vt -0.04651821 -0.03790187
vt -0.0464927 -0.03738486
vt -0.04672911 -0.03692436
vt -0.0471641 -0.03664377
vt -0.0002681118 0.03876835
vt -0.01291946 0.04665104
vt -0.01318986 0.04620411
vt -0.03356967 -0.01434046
vt -0.04586663 -0.005923738
vt -0.04617373 -0.006382368
vt -0.06874012 -0.04490733
vt -0.07922715 -0.03432384
vt -0.07963278 -0.03473844
vt -0.1074938 -0.02661984
vt -0.1126488 -0.01263834
vt -0.1131882 -0.01285168
vt -0.1062766 0.04658171
vt -0.1012395 0.06061102
vt -0.1017638 0.06078352
vt -0.05642934 0.06984574
vt -0.04534905 0.07982016
vt -0.04570696 0.08020063
vt -0.01428477 0.0300593
vt -0.001600538 0.03788897
vt -0.001880727 0.03832983
vt 0.01991453 -0.02364795
vt 0.03265674 -0.01592186
vt 0.03236577 -0.01545283
vt 0.05644531 -0.05732071
vt 0.06803551 -0.04795827
vt 0.06766408 -0.04751277
vt 0.1028679 -0.03943534
vt 0.1097053 -0.02619499
vt 0.1091838 -0.025941
vt 0.1017918 0.0562066
vt 0.09650307 0.07014298
vt 0.09599247 0.06993337
vt 0.04182949 0.08110177
vt 0.03035326 0.09061797
vt 0.03002872 0.09020866
vt 0.1173506 0.008691418
vt 0.1174583 0.009202554
vt 0.1172719 0.009722097
vt 0.1168415 0.01011083
vt 0.1162822 0.0102646
vt 0.115744 0.0101422
vt 0.115371 0.00977642
vt 0.1152633 0.009265283
vt 0.1154497 0.008745741
vt 0.1158802 0.008357009
vt 0.1164394 0.008203238
vt 0.1169776 0.008325643
vt 0.04856687 -0.0426607
vt 0.0425254 -0.02804817
vt 0.04205034 -0.02825375
vt -0.02876485 -0.06183077
vt -0.03012636 -0.0460773
vt -0.03064128 -0.04613031
vt -0.100261 -0.03726481
vt -0.09615701 -0.02199449
vt -0.09665903 -0.02186834
vt -0.1339896 0.0002472985
vt -0.1261915 0.01400282
vt -0.1266459 0.0142507
vt -0.1336855 0.01128064
vt -0.1243687 0.0240565
vt -0.1247919 0.02435461
vt -0.1083943 -0.01226959
vt -0.09930219 0.0006671197
vt -0.09973051 0.0009577938
vt -0.05569046 -0.05445988
vt -0.04880797 -0.04022412
vt -0.04927763 -0.04000647
vt 0.02661535 -0.07615297
vt 0.02863641 -0.06047046
vt 0.028122 -0.06041271
vt 0.1036478 -0.04501319
vt 0.09973858 -0.02969185
vt 0.09923917 -0.02982802
vt 0.1356328 0.0004478305
vt 0.1279644 0.0142761
vt 0.1275159 0.01401769
vt 0.1311324 0.01558373
vt 0.1221579 0.02860237
vt 0.1217366 0.02830164
vt 0.1022848 -0.004866621
vt 0.09381713 0.008487204
vt 0.09338456 0.008202882
vt 0.05269574 0.1098403
vt 0.05229127 0.1101634
vt 0.05177947 0.1102409
vt 0.05129749 0.1100521
vt 0.05097445 0.1096476
vt 0.05089692 0.1091358
vt 0.05108569 0.1086538
vt 0.05149017 0.1083308
vt 0.05200196 0.1082533
vt 0.05248396 0.1084421
vt 0.052807 0.1088465
vt 0.05288451 0.1093583
vt -0.1213982 0.0724526
vt -0.1196089 0.06675275
vt -0.1191222 0.06692903
vt -0.1359221 0.0063306
vt -0.131833 0.001975232
vt -0.1314713 0.002345556
vt -0.1161145 0.00479578
vt -0.1115491 0.0009426607
vt -0.1112327 0.001352334
vt -0.08607383 0.03880848
vt -0.08168237 0.03475819
vt -0.08134824 0.03515355
vt -0.03990097 0.08437424
vt -0.03633559 0.07958072
vt -0.03593402 0.07990736
vt 0.03388838 0.1092038
vt 0.03539723 0.1034234
vt 0.03589195 0.1035757
vt 0.1106755 0.07727555
vt 0.1090242 0.07153421
vt 0.1095274 0.07141282
vt 0.1378141 0.03226323
vt 0.1340068 0.02765956
vt 0.1344196 0.02734726
vt 0.1313884 0.02528954
vt 0.1267163 0.02156645
vt 0.1270562 0.02117598
vt 0.1107116 0.05248468
vt 0.1058235 0.04905005
vt 0.1061392 0.0486398
vt 0.07284225 0.09781782
vt 0.06828693 0.09395275
vt 0.06863861 0.09357293
vt -0.01019166 0.1324694
vt -0.01291659 0.127153
vt -0.01244613 0.1269371
vt -0.08118497 -0.04460709
vt -0.08168901 -0.04472494
vt -0.0820666 -0.04507902
vt -0.08221658 -0.04557445
vt -0.08209874 -0.0460785
vt -0.08174465 -0.04645609
vt -0.08124921 -0.04660606
vt -0.08074517 -0.04648822
vt -0.08036757 -0.04613414
vt -0.08021761 -0.0456387
vt -0.08033545 -0.04513466
vt -0.08068953 -0.04475706
vt -0.1342913 0.03887067
vt -0.137173 0.0334156
vt -0.1367055 0.03319323
vt -0.1127735 0.03674944
vt -0.1164596 0.03180229
vt -0.1160319 0.03151069
vt -0.07172853 0.00196278
vt -0.07554963 -0.002880873
vt -0.07513013 -0.003184146
vt -0.0109119 -0.04252863
vt -0.01414291 -0.04778432
vt -0.01369096 -0.04803668
vt 0.06901813 -0.05407655
vt 0.06749345 -0.06005461
vt 0.06799996 -0.06016137
vt 0.1286121 -0.003560935
vt 0.1296356 -0.009644871
vt 0.130142 -0.009537662
vt 0.1297378 0.05066396
vt 0.1325194 0.04515716
vt 0.1329712 0.04540972
vt 0.09726365 0.0598386
vt 0.1006657 0.05469196
vt 0.1010851 0.05499527
vt 0.04967831 0.03236577
vt 0.05293567 0.02712636
vt 0.05336342 0.02741786
vt -0.01045988 -0.004097254
vt -0.008048394 -0.009775854
vt -0.007580846 -0.00955371
vt -0.07708986 -0.01605916
vt -0.07631776 -0.02218008
vt -0.07580736 -0.02209381
vt -0.1252533 0.00955575
vt -0.1265402 0.003522028
vt -0.1260298 0.003435393
vt 0.1059297 0.08882882
vt 0.1062955 0.08919505
vt 0.1064292 0.08969513
vt 0.106295 0.09019504
vt 0.1059287 0.09056086
vt 0.1054286 0.09069455
vt 0.1049287 0.09056028
vt 0.1045629 0.09019405
vt 0.1044292 0.08969397
vt 0.1045635 0.08919404
vt 0.1049297 0.08882824
vt 0.1054298 0.08869455
vt -0.06991135 0.02866532
vt -0.06705204 0.02137636
vt -0.06657665 0.02158123
vt -0.06224245 0.01690973
vt -0.05774404 0.01050122
vt -0.05733043 0.01081246
vt -0.04364031 0.02743902
vt -0.03879352 0.02128976
vt -0.0383978 0.02162346
vt -0.01822567 0.04715104
vt -0.01390856 0.04061903
vt -0.01348639 0.04091856
vt 0.01507613 0.06099231
vt 0.01781947 0.05365891
vt 0.01829804 0.05385621
vt 0.05036484 0.05511848
vt 0.05033959 0.04728879
vt 0.050857 0.04730423
vt 0.06901264 0.0358753
vt 0.06612834 0.02859619
vt 0.06661561 0.02842152
vt 0.0664009 0.02775638
vt 0.06181456 0.0214105
vt 0.06224389 0.02112133
vt 0.05176402 0.03745785
vt 0.04654484 0.03162134
vt 0.0469419 0.03128923
vt 0.02842405 0.0565385
vt 0.02340136 0.05053207
vt 0.02380922 0.05021332
vt -0.006721256 0.07061814
vt -0.01040572 0.06370948
vt -0.00994117 0.06348113
vt -0.04984149 0.05933117
vt -0.05038751 0.05152051
vt -0.04987022 0.0515015
vt -0.05278186 -0.01264886
vt -0.05323995 -0.01288991
vt -0.05351614 -0.01332771
vt -0.05353643 -0.01384495
vt -0.05329537 -0.01430304
vt -0.05285758 -0.01457923
vt -0.05234034 -0.01459952
vt -0.05188225 -0.01435846
vt -0.05160606 -0.01392067
vt -0.05158577 -0.01340343
vt -0.05182682 -0.01294534
vt -0.05226462 -0.01266915
vt -0.06418246 -0.01518404
vt -0.05585089 -0.01745137
vt -0.05573001 -0.01694805
vt -0.05608007 0.01526207
vt -0.04770898 0.01314534
vt -0.04759718 0.01365076
vt -0.04787541 0.0490474
vt -0.03962278 0.04650778
vt -0.03948542 0.04700687
vt -0.03407963 0.07704024
vt -0.02626481 0.07336815
vt -0.0260588 0.07384305
vt 0.006077639 0.09165983
vt 0.01150546 0.08494459
vt 0.0118981 0.08528191
vt 0.08233349 0.03083103
vt 0.07762766 0.0235915
vt 0.07806992 0.02332252
vt 0.07744779 0.004497028
vt 0.06956944 0.0009632799
vt 0.06979536 0.000497538
vt 0.06876642 0.02299089
vt 0.06040929 0.02081968
vt 0.06055441 0.0203228
vt 0.06196085 0.04945197
vt 0.05348521 0.04780295
vt 0.05359926 0.04729804
vt 0.05409198 0.07099187
vt 0.04562157 0.0693162
vt 0.0457372 0.06881164
vt 0.03231834 0.08551309
vt 0.02436111 0.08216073
vt 0.0245763 0.08168994
vt -0.08088152 -0.01331194
vt -0.07371312 -0.01812543
vt -0.07343756 -0.01768723
vt -0.06095714 0.02296832
vt -0.06133921 0.02261907
vt -0.06149545 0.02212558
vt -0.06138403 0.02162007
vt -0.06103477 0.02123801
vt -0.06054128 0.02108176
vt -0.06003578 0.02119319
vt -0.05965371 0.02154244
vt -0.05949746 0.02203594
vt -0.0596089 0.02254144
vt -0.05995815 0.0229235
vt -0.06045164 0.02307975
vt -0.006132538 0.08854275
vt -0.01911617 0.08432744
vt -0.01894702 0.08383822
vt 0.007681631 0.06958258
vt -0.005785037 0.06734816
vt -0.005690636 0.0668392
vt 0.0142753 0.03252663
vt 0.0007097603 0.03100354
vt 0.000777258 0.03049032
vt 0.01963921 -0.01218397
vt 0.00605318 -0.01351198
vt 0.006113294 -0.01402612
vt 0.02829283 -0.05132531
vt 0.01478973 -0.05332779
vt 0.01487536 -0.0538383
vt 0.03706035 0.07573822
vt 0.04715888 0.06655326
vt 0.04749985 0.06694274
vt -0.01318947 0.08832787
vt 0.0002945202 0.08620052
vt 0.0003654805 0.08671327
vt -0.0200637 0.06983073
vt -0.006538651 0.06798229
vt -0.006478292 0.06849639
vt -0.02533999 0.03429667
vt -0.01186405 0.03211889
vt -0.01179118 0.03263137
vt -0.03255695 -0.007754242
vt -0.01926362 -0.01085763
vt -0.01915552 -0.01035141
vt -0.04942837 -0.03807714
vt -0.03714729 -0.04403693
vt -0.03693017 -0.04356703
vt -0.06750956 0.05253573
vt -0.07241634 0.03979732
vt -0.07192986 0.03962044
vt 0.07920974 0.03548488
vt 0.07963727 0.03577671
vt 0.07986161 0.03624321
vt 0.07982264 0.03675938
vt 0.07953082 0.03718691
vt 0.07906432 0.03741125
vt 0.07854815 0.03737228
vt 0.07812061 0.03708046
vt 0.07789628 0.03661396
vt 0.07793523 0.03609779
vt 0.07822707 0.03567025
vt 0.07869357 0.03544591
vt 0.06271235 -0.04333436
vt 0.06292396 -0.03520624
vt 0.06240633 -0.03520925
vt -0.01374435 -0.04324152
vt -0.008041861 -0.0374456
vt -0.008422216 -0.0370945
vt -0.05042375 0.004705708
vt -0.0432437 0.008521193
vt -0.04350103 0.008970334
vt -0.06870778 0.04610761
vt -0.06115457 0.0491176
vt -0.0613614 0.04959212
vt -0.0820531 0.0642622
vt -0.07449468 0.06725913
vt -0.0747007 0.06773401
vt -0.0953327 0.04357493
vt -0.0884129 0.04784429
vt -0.08869858 0.04827596
vt -0.06306915 -0.0596334
vt -0.06272771 -0.0515097
vt -0.06324533 -0.05150443
vt 0.04158223 -0.05092939
vt 0.03496987 -0.04619781
vt 0.03468219 -0.04662815
vt 0.06899227 0.001795628
vt 0.06164236 0.005272682
vt 0.061436 0.004797954
vt 0.0822927 0.04022783
vt 0.07494409 0.04370761
vt 0.07473756 0.04323296
vt 0.09251661 0.05270977
vt 0.08558462 0.05695929
vt 0.08532826 0.0565096
vt 0.09812421 0.02526431
vt 0.0927658 0.03137974
vt 0.09238753 0.03102638
vt -0.06197285 0.07088666
vt -0.06249048 0.07088833
vt -0.0629396 0.07063095
vt -0.06319986 0.0701835
vt -0.06320152 0.06966586
vt -0.06294415 0.06921675
vt -0.06249669 0.06895649
vt -0.06197906 0.06895482
vt -0.06152994 0.06921219
vt -0.06126968 0.06965964
vt -0.06126801 0.07017728
vt -0.06152539 0.0706264
vt -0.09570533 0.07516022
vt -0.09580714 0.05829155
vt -0.09528952 0.05829637
vt -0.1020145 0.06285152
vt -0.1005153 0.04604928
vt -0.1000005 0.04610319
vt -0.08032331 0.05787854
vt -0.07772988 0.04121011
vt -0.07721968 0.04129753
vt -0.03783396 0.06317256
vt -0.03491677 0.04655773
vt -0.03440836 0.04665506
vt 0.01433494 0.07234596
vt 0.01674944 0.05565068
vt 0.01726055 0.05573263
vt 0.06325377 0.07639219
vt 0.06445695 0.05956618
vt 0.06497265 0.05961102
vt 0.09566379 0.07228409
vt 0.09525139 0.05542016
vt 0.095769 0.05541544
vt 0.102195 0.06596228
vt 0.1002128 0.04921017
vt 0.1007278 0.04915724
vt 0.08156058 0.06587534
vt 0.07848458 0.04928918
vt 0.07899493 0.04920261
vt 0.03989422 0.07385167
vt 0.0364654 0.05733484
vt 0.03697379 0.05723741
vt -0.01245886 0.08310328
vt -0.0154155 0.06649543
vt -0.01490454 0.06641253
vt -0.06242178 0.08441675
vt -0.06416921 0.06763852
vt -0.0636536 0.06759281
vt -0.09346609 -0.02883594
vt -0.09398313 -0.0288608
vt -0.09441848 -0.02914084
vt -0.09465548 -0.02960103
vt -0.09463062 -0.03011808
vt -0.09435058 -0.03055342
vt -0.09389038 -0.03079042
vt -0.09337334 -0.03076557
vt -0.092938 -0.03048553
vt -0.092701 -0.03002533
vt -0.09272586 -0.02950829
vt -0.0930059 -0.02907294
vt 0.03796094 0.08939178
vt 0.02891259 0.09782727
vt 0.02856761 0.09744135
vt 0.0004156287 0.0563375
vt -0.00920969 0.06410818
vt -0.009526351 0.06369869
vt -0.03546361 0.01250726
vt -0.04451098 0.0209438
vt -0.044856 0.02055792
vt -0.0761181 -0.01192186
vt -0.08286963 -0.001556198
vt -0.08329737 -0.001847727
vt -0.1086794 0.01845109
vt -0.1096714 0.03078179
vt -0.1101864 0.03072949
vt -0.09137107 0.07319358
vt -0.08561949 0.08414572
vt -0.08608271 0.08437676
vt -0.05071692 0.07935897
vt -0.04180221 0.08793557
vt -0.04216882 0.08830101
vt -0.01393566 0.04606771
vt -0.004056337 0.05351278
vt -0.004376448 0.05391957
vt 0.02214407 -0.0003370033
vt 0.0318663 0.007312086
vt 0.03153778 0.007712124
vt 0.06594449 -0.02907409
vt 0.07389499 -0.01959676
vt 0.07349154 -0.01927244
vt 0.1082014 0.009074425
vt 0.109982 0.02131615
vt 0.1094683 0.02137992
vt 0.0843372 0.08190692
vt 0.07820635 0.09265135
vt 0.07776222 0.09238546
vt 0.1103924 0.03465914
vt 0.1106892 0.03508326
vt 0.1107341 0.03559894
vt 0.1105152 0.03606801
vt 0.1100911 0.03636478
vt 0.1095754 0.03640972
vt 0.1091064 0.0361908
vt 0.1088096 0.03576668
vt 0.1087646 0.035251
vt 0.1089836 0.03478193
vt 0.1094077 0.03448517
vt 0.1099234 0.03444022
vt 0.1079014 0.07514267
vt 0.1056145 0.07642931
vt 0.1054064 0.07595533
vt 0.1219997 0.03038359
vt 0.1206987 0.03266237
vt 0.1202766 0.03236262
vt 0.07035447 -0.06239843
vt 0.07173052 -0.06016416
vt 0.07126514 -0.05993751
vt 0.00737219 -0.04103927
vt 0.009808906 -0.04006567
vt 0.009570371 -0.03960627
vt -0.01455209 0.01914611
vt -0.01194023 0.01939853
vt -0.01204061 0.01990634
vt -0.0201253 0.07730098
vt -0.01751488 0.07703421
vt -0.0175133 0.07755185
vt -0.01253926 0.118145
vt -0.01005574 0.1172979
vt -0.009937769 0.1178019
vt 0.03300099 0.1282183
vt 0.0347586 0.1262699
vt 0.03510689 0.1266528
vt 0.121887 0.01195643
vt 0.1201188 0.01001764
vt 0.1205338 0.009708254
vt 0.1027203 -0.0113075
vt 0.1001421 -0.01179565
vt 0.1002881 -0.01229227
vt 0.09626276 0.02532919
vt 0.09364351 0.02548729
vt 0.09366344 0.02497004
vt 0.09836492 0.06263913
vt 0.09582621 0.06330278
vt 0.09574533 0.0627915
vt -0.1040552 0.05663939
vt -0.1044035 0.05702228
vt -0.1048966 0.05717971
vt -0.1054024 0.05706948
vt -0.1057853 0.05672114
vt -0.1059427 0.05622802
vt -0.1058325 0.05572226
vt -0.1054841 0.05533936
vt -0.104991 0.05518194
vt -0.1044853 0.05529216
vt -0.1041024 0.05564051
vt -0.1039449 0.05613363
vt -0.08213517 0.09285872
vt -0.08186604 0.09063892
vt -0.08136283 0.09076028
vt -0.118944 0.06729588
vt -0.1187287 0.0650702
vt -0.1182227 0.06517936
vt -0.1265725 0.04815345
vt -0.1265228 0.04591794
vt -0.1260101 0.04598926
vt -0.1048155 0.03576547
vt -0.1050003 0.03353705
vt -0.104483 0.03355426
vt -0.0588808 0.02481741
vt -0.05931414 0.02262373
vt -0.05879812 0.02258287
vt 0.0007555928 0.01291409
vt 0.0001163264 0.01077134
vt 0.00062616 0.01068177
vt 0.06097492 0.005723212
vt 0.06021764 0.003619281
vt 0.0607217 0.003501524
vt 0.1080583 0.01398229
vt 0.1073028 0.01187768
vt 0.107807 0.01176038
vt 0.1274868 0.04380947
vt 0.1268724 0.04165945
vt 0.1273832 0.04157579
vt 0.1071504 0.08543389
vt 0.1068011 0.08322529
vt 0.1073183 0.08320413
vt 0.04994357 0.1141907
vt 0.04989877 0.1119551
vt 0.05041403 0.1120047
vt -0.0213443 0.1141526
vt -0.02116187 0.111924
vt -0.02065431 0.1120256
vt 0.09256682 -0.07281066
vt 0.09248774 -0.07332223
vt 0.09267505 -0.0738048
vt 0.09307853 -0.07412905
vt 0.0935901 -0.07420813
vt 0.09407265 -0.07402083
vt 0.09439693 -0.07361734
vt 0.094476 -0.07310578
vt 0.09428869 -0.07262321
vt 0.09388521 -0.07229896
vt 0.09337364 -0.07221988
vt 0.09289108 -0.07240718
vt -0.04657446 -0.009537874
vt -0.0343409 -0.004020817
vt -0.03456244 -0.003544572
vt -0.05682012 0.01736351
vt -0.0441582 0.02178531
vt -0.04435051 0.02232403
vt -0.06289872 0.02749308
vt -0.05025921 0.03196624
vt -0.05047388 0.03254282
vt -0.06809326 0.0206167
vt -0.05601192 0.02644061
vt -0.05629539 0.02698666
vt -0.06050963 -0.02849454
vt -0.05404751 -0.01673279
vt -0.05455837 -0.01647542
vt 0.03369187 -0.0469152
vt 0.02284293 -0.03900893
vt 0.02254533 -0.03944174
vt 0.05503066 -0.008448108
vt 0.04248441 -0.00368475
vt 0.04230375 -0.004177951
vt 0.06212047 0.01516212
vt 0.04954617 0.01982728
vt 0.04935091 0.01928961
vt 0.06669568 0.02209182
vt 0.05458146 0.02783744
vt 0.05432687 0.02727734
vt 0.06962533 0.0109084
vt 0.05900051 0.01909315
vt 0.05863966 0.01859483
vt 0.05411178 -0.03310218
vt 0.05041925 -0.02020012
vt 0.04987528 -0.02037705
vt -0.01751758 -0.04729817
vt -0.00807144 -0.03775989
vt -0.008454636 -0.03740066
vt -0.03755625 0.0349271
vt -0.03781984 0.03447278
vt -0.03779731 0.0339012
vt -0.0374947 0.03336553
vt -0.03699308 0.03300927
vt -0.03642688 0.03292792
vt -0.03594779 0.03314324
vt -0.0356842 0.03359757
vt -0.03570673 0.03416914
vt -0.03600935 0.03470483
vt -0.03651096 0.03506107
vt -0.03707717 0.03514243
vt -0.01671227 0.05071696
vt -0.01847864 0.0407176
vt -0.01796677 0.04064057
vt -0.04183158 0.04052237
vt -0.04061972 0.03044077
vt -0.04010752 0.03051563
vt -0.05119101 0.02728727
vt -0.0476774 0.01776038
vt -0.04719646 0.01795182
vt -0.04593552 0.02378022
vt -0.04139287 0.01469884
vt -0.04093597 0.01494214
vt -0.03101566 0.0306419
vt -0.02656573 0.02151473
vt -0.02610638 0.02175336
vt -0.008654338 0.04085628
vt -0.005350757 0.03125454
vt -0.004865731 0.03143537
vt 0.01817655 0.04493929
vt 0.01928947 0.0348463
vt 0.01980238 0.03491613
vt 0.04093928 0.03856302
vt 0.03935223 0.02853364
vt 0.03986541 0.0284658
vt 0.05091097 0.02963877
vt 0.04714733 0.02020785
vt 0.04763284 0.02002831
vt 0.04777418 0.02836091
vt 0.04287395 0.01946739
vt 0.04333354 0.01922921
vt 0.03453011 0.03626873
vt 0.02952432 0.02743418
vt 0.02998105 0.02719056
vt 0.01230941 0.04725005
vt 0.008290621 0.037925
vt 0.008771058 0.03773232
vt -0.0304367 -0.02115179
vt -0.03093617 -0.02101586
vt -0.03143669 -0.02114787
vt -0.03180415 -0.02151246
vt -0.03194008 -0.02201193
vt -0.03180807 -0.02251245
vt -0.03144348 -0.02287991
vt -0.03094401 -0.02301584
vt -0.03044349 -0.02288383
vt -0.03007603 -0.02251924
vt -0.0299401 -0.02201977
vt -0.03007211 -0.02151925
vt -0.03290596 0.001237603
vt -0.03880361 -0.003981311
vt -0.03844802 -0.00435748
vt -0.03228688 0.01884588
vt -0.03984266 0.01662561
vt -0.03968048 0.01613403
vt -0.03069859 0.01963761
vt -0.03847988 0.01842482
vt -0.0383834 0.01791626
vt -0.02953107 0.01169552
vt -0.03737215 0.01096282
vt -0.03730708 0.01044929
vt -0.02839134 -0.001276981
vt -0.03624981 -0.001790669
vt -0.03619909 -0.002305816
vt -0.0255799 -0.01707547
vt -0.03338855 -0.01809748
vt -0.03330454 -0.01860826
vt 0.02974238 0.01967832
vt 0.03750682 0.01836195
vt 0.03757653 0.01887487
vt 0.02779011 0.02537364
vt 0.03559629 0.02433295
vt 0.03564779 0.02484802
vt 0.02646621 0.02172819
vt 0.03423505 0.02043805
vt 0.03430302 0.0209512
vt 0.0246446 0.01066479
vt 0.03231 0.008858954
vt 0.03241207 0.009366427
vt 0.02074267 -0.005870582
vt 0.02805953 -0.008783147
vt 0.02823506 -0.008296178
vt 0.004079074 -0.02495971
vt 0.008877044 -0.03120462
vt 0.009276934 -0.03087593
vt 0.01808119 0.02047725
vt 0.01857656 0.02062747
vt 0.01893045 0.02100524
vt 0.01904804 0.02150934
vt 0.01889783 0.0220047
vt 0.01852006 0.0223586
vt 0.01801596 0.02247619
vt 0.01752059 0.02232598
vt 0.0171667 0.02194821
vt 0.01704911 0.02144411
vt 0.01719932 0.02094874
vt 0.01757709 0.02059485
vt 0.009804962 0.02627468
vt 0.001626055 0.03412674
vt 0.001276184 0.03374524
vt -0.004123235 0.01439536
vt -0.01345521 0.02083458
vt -0.01373939 0.02040193
vt -0.01448779 -0.001255708
vt -0.02378066 0.005239822
vt -0.02406745 0.004808893
vt -0.02489523 -0.01189155
vt -0.03315549 -0.004125127
vt -0.03350137 -0.004510247
vt -0.03550651 -0.007298872
vt -0.04029822 0.002976774
vt -0.04076224 0.002747355
vt -0.0328552 0.01485576
vt -0.03021033 0.02588091
vt -0.03071631 0.02599014
vt -0.01533564 0.02187895
vt -0.007619858 0.03018655
vt -0.008007085 0.03053006
vt -0.001362424 0.01106512
vt 0.007978628 0.01749117
vt 0.007675587 0.01791083
vt 0.009397423 -0.004763978
vt 0.01909077 0.001117207
vt 0.01881223 0.001553515
vt 0.02031093 -0.01657015
vt 0.02949255 -0.009918294
vt 0.02917937 -0.009506145
vt 0.0336461 -0.0124131
vt 0.03993316 -0.002977941
vt 0.03949595 -0.002700814
vt 0.03146821 0.01832391
vt 0.02865307 0.02930682
vt 0.0281547 0.02916688
vt 0.03664536 -0.00433267
vt 0.0370474 -0.004006614
vt 0.03723255 -0.00352322
vt 0.0371512 -0.003012015
vt 0.03682514 -0.002609975
vt 0.03634174 -0.002424826
vt 0.03583053 -0.00250618
vt 0.0354285 -0.002832238
vt 0.03524335 -0.003315631
vt 0.0353247 -0.003826836
vt 0.03565076 -0.004228877
vt 0.03613415 -0.004414024
vt 0.05445904 -0.006664391
vt 0.04265234 -0.00255347
vt 0.04249229 -0.003045742
vt 0.04279875 -0.03263068
vt 0.03389696 -0.02385252
vt 0.03354122 -0.02422854
vt -0.03812778 -0.03740648
vt -0.02912282 -0.02873419
vt -0.02948954 -0.02836885
vt -0.05297205 -0.0104265
vt -0.04102606 -0.006739886
vt -0.04118891 -0.006248533
vt -0.05506554 2.995747E-05
vt -0.04276998 0.002292027
vt -0.04287415 0.002799074
vt -0.05572079 0.003545148
vt -0.04334321 0.005303954
vt -0.04342663 0.005814826
vt -0.05588359 0.0009913978
vt -0.0435231 0.002866583
vt -0.04361132 0.003376649
vt -0.05357493 -0.0145941
vt -0.04182354 -0.0103276
vt -0.04201024 -0.009844797
vt 0.0514595 -0.02036229
vt 0.03998642 -0.01539575
vt 0.03979067 -0.01587495
vt 0.05552761 -0.002816806
vt 0.04325882 -0.0004137225
vt 0.04316986 -0.0009236598
vt 0.05588844 0.002161546
vt 0.04359312 0.004424979
vt 0.04350996 0.003914063
vt 0.05572389 0.001398717
vt 0.04352708 0.004143833
vt 0.0434239 0.003636584
vt -0.001674833 0.01272446
vt -0.002038006 0.01309332
vt -0.002536951 0.01323117
vt -0.003037976 0.01310108
vt -0.003406832 0.01273791
vt -0.003544684 0.01223897
vt -0.003414595 0.01173794
vt -0.003051422 0.01136908
vt -0.002552478 0.01123123
vt -0.002051452 0.01136132
vt -0.001682596 0.0117245
vt -0.001544744 0.01222344
vt -0.04001847 -0.01340041
vt -0.03781322 -0.01377044
vt -0.03778723 -0.01325345
vt -0.03841985 -0.01352924
vt -0.03629036 -0.01421134
vt -0.03619057 -0.01370342
vt -0.03547859 -0.00875916
vt -0.03348212 -0.009766174
vt -0.03330406 -0.009280123
vt -0.03000596 0.001606698
vt -0.02826829 0.0001993917
vt -0.02799126 0.0006366575
vt -0.01886167 0.0155285
vt -0.0176769 0.01363211
vt -0.01727259 0.01395535
vt 0.002162346 0.02465567
vt 0.00225298 0.02242144
vt 0.002764286 0.02250215
vt 0.02506028 0.01765179
vt 0.02389717 0.01574204
vt 0.02436746 0.01552576
vt 0.03674603 0.004544506
vt 0.03490015 0.003282475
vt 0.0352398 0.002891853
vt 0.04085671 -0.002906699
vt 0.03874503 -0.003642096
vt 0.03897071 -0.004107949
vt 0.04208484 -0.003581947
vt 0.03987544 -0.003926269
vt 0.04001381 -0.00442507
vt 0.04219638 0.0002728161
vt 0.03996043 0.0002502924
vt 0.04002552 -0.0002632361
vt 0.04210138 0.003045941
vt 0.03990384 0.003459305
vt 0.03986768 0.002942933
vt -0.008800903 -0.01844614
vt -0.009279939 -0.01864228
vt -0.009596725 -0.01905167
vt -0.009666375 -0.0195646
vt -0.009470229 -0.02004364
vt -0.009060844 -0.02036042
vt -0.008547915 -0.02043007
vt -0.008068876 -0.02023393
vt -0.007752093 -0.01982454
vt -0.007682442 -0.01931161
vt -0.007878589 -0.01883257
vt -0.008287975 -0.01851579
vt 0.008931106 -0.0335683
vt 0.01053596 -0.03512537
vt 0.01085098 -0.03471463
vt -0.01468652 -0.03904408
vt -0.01427787 -0.04124249
vt -0.01378332 -0.04108962
vt -0.0392129 -0.02207434
vt -0.04054049 -0.02387364
vt -0.04009119 -0.0241307
vt -0.04430903 -0.009654054
vt -0.04634918 -0.01056939
vt -0.04608404 -0.01101397
vt -0.04397667 -0.009236461
vt -0.04619307 -0.00953237
vt -0.04606564 -0.01003408
vt -0.04350202 -0.01232279
vt -0.04572917 -0.01212328
vt -0.04571537 -0.01264074
vt -0.04395674 -0.0109918
vt -0.04605113 -0.01020852
vt -0.04617511 -0.01071108
vt -0.04091477 0.01327484
vt -0.04199601 0.01523212
vt -0.04241709 0.01493106
vt 0.009844684 0.03566932
vt 0.01179382 0.03676517
vt 0.01148961 0.03718399
vt 0.0221524 0.0178867
vt 0.02438726 0.01796012
vt 0.0243105 0.01847203
vt 0.02273979 -0.0001815667
vt 0.02492836 -0.0006399977
vt 0.02497513 -0.0001244766
vt 0.01901249 -0.01807947
vt 0.02103847 -0.01902575
vt 0.02120176 -0.01853454
vt 0.02464366 -0.0034389
vt 0.0250365 -0.00377598
vt 0.02554525 -0.003871478
vt 0.0260336 -0.003699804
vt 0.02637068 -0.00330696
vt 0.02646618 -0.002798209
vt 0.0262945 -0.002309866
vt 0.02590166 -0.001972787
vt 0.02539291 -0.001877288
vt 0.02490457 -0.002048961
vt 0.02456748 -0.002441804
vt 0.02447199 -0.002950557
vt 0.02371965 -0.01339487
vt 0.02212801 -0.02180464
vt 0.0226393 -0.02188548
vt 0.006677752 -0.01334922
vt 0.00226958 -0.0206858
vt 0.002721144 -0.02093886
vt -0.00839895 -0.003552102
vt -0.01411492 -0.009922753
vt -0.01371936 -0.01025664
vt -0.02032002 0.006752786
vt -0.02632111 0.0006499613
vt -0.02594121 0.0002983525
vt -0.02991928 0.009517972
vt -0.03525858 0.002828479
vt -0.03484444 0.002517948
vt -0.03407605 -0.001420008
vt -0.03704488 -0.009447684
vt -0.03655417 -0.009612471
vt -0.02239697 -0.01853924
vt -0.02102016 -0.02698683
vt -0.02051202 -0.02688816
vt -0.00205333 -0.01938067
vt 0.002424816 -0.02667476
vt 0.00285756 -0.02639071
vt 0.0133371 -0.008601537
vt 0.01888153 -0.01512203
vt 0.01926555 -0.01477494
vt 0.02427923 0.00204829
vt 0.02977292 -0.004515008
vt 0.03015963 -0.004170907
vt 0.0319949 0.005244291
vt 0.03646075 -0.002057337
vt 0.03689397 -0.001774019
vt 0.03369857 -0.002395909
vt 0.03572178 -0.01071241
vt 0.03622082 -0.01057489
vt -0.0288128 0.01333773
vt -0.02830445 0.01343538
vt -0.02791304 0.01377412
vt -0.02774344 0.01426319
vt -0.02784109 0.01477153
vt -0.02817983 0.01516294
vt -0.0286689 0.01533255
vt -0.02917724 0.01523489
vt -0.02956866 0.01489615
vt -0.02973826 0.01440709
vt -0.0296406 0.01389874
vt -0.02930186 0.01350733
vt -0.01581222 0.02610066
vt -0.02067396 0.01756935
vt -0.02021762 0.017325
vt -0.03103417 0.02542182
vt -0.03449237 0.01623157
vt -0.03400326 0.0160621
vt -0.03826999 0.01387017
vt -0.039044 0.004081361
vt -0.03852708 0.004054174
vt -0.03136849 0.002273116
vt -0.02916989 -0.007296941
vt -0.02866863 -0.007167782
vt -0.01530855 0.002431473
vt -0.01123008 -0.006500822
vt -0.01076503 -0.006273485
vt 0.002395483 0.0115228
vt 0.007080893 0.002893382
vt 0.007529133 0.003152284
vt 0.01899129 0.02055769
vt 0.02322251 0.01169673
vt 0.02368358 0.01193202
vt 0.03247965 0.02216949
vt 0.03518769 0.01273093
vt 0.03568132 0.01288675
vt 0.03827493 0.01519578
vt 0.03847688 0.005378493
vt 0.03899395 0.005402776
vt 0.03247579 0.008052206
vt 0.03000113 -0.001450209
vt 0.03050533 -0.001567415
vt 0.01832816 0.009551683
vt 0.01400495 0.0007352395
vt 0.01447556 0.0005196655
vt 0.001361491 0.01816591
vt -0.003736795 0.009773815
vt -0.003287467 0.009516807
vt -0.03714263 0.01133298
vt -0.03736193 0.01180186
vt -0.03778629 0.01209828
vt -0.03830201 0.0121428
vt -0.0387709 0.0119235
vt -0.03906732 0.01149913
vt -0.03911184 0.01098341
vt -0.03889253 0.01051453
vt -0.03846817 0.01021811
vt -0.03795245 0.01017359
vt -0.03748356 0.01039289
vt -0.03718715 0.01081726
vt -0.02191315 -0.01579567
vt -0.03333984 -0.01156766
vt -0.03354467 -0.01219153
vt -0.02483572 -0.02771102
vt -0.0362395 -0.02338376
vt -0.03642464 -0.02395045
vt -0.02801188 -0.03058248
vt -0.03896787 -0.02520651
vt -0.0391844 -0.02568899
vt -0.02985208 -0.0105205
vt -0.03745774 -0.0009850174
vt -0.03786818 -0.001318498
vt -0.004800058 0.01388738
vt 0.001057341 0.02457082
vt 0.0005340161 0.02485639
vt 0.01225609 -0.0005476211
vt 0.02271652 0.005686264
vt 0.02237096 0.006244619
vt 0.01812519 -0.01616432
vt 0.02955777 -0.01195229
vt 0.02930804 -0.011345
vt 0.02158868 -0.02873222
vt 0.03333702 -0.02545379
vt 0.03315003 -0.02488771
vt 0.02492401 -0.03330392
vt 0.03665442 -0.02993755
vt 0.03649119 -0.02943454
vt 0.02987157 -0.01567185
vt 0.03999946 -0.008874975
vt 0.03970081 -0.008438536
vt -0.003389457 0.0195468
vt -0.01168834 0.02846721
vt -0.01212402 0.02806027
vt -0.0177748 -1.144093E-05
vt -0.0289147 0.004906334
vt -0.02916978 0.00430127
vt 0.0199343 -0.03508192
vt 0.0202352 -0.03449828
vt 0.02024737 -0.03390224
vt 0.01996756 -0.03345349
vt 0.01947074 -0.03327229
vt 0.01889003 -0.03340717
vt 0.01838103 -0.03382202
vt 0.01808013 -0.03440566
vt 0.01806796 -0.0350017
vt 0.01834778 -0.03545044
vt 0.0188446 -0.03563165
vt 0.01942531 -0.03549676
vt -0.05980404 -0.008218991
vt -0.05222131 -0.005858591
vt -0.05239119 -0.005369621
vt -0.06049008 0.001650412
vt -0.05257827 0.002337806
vt -0.05263986 0.002851768
vt -0.06035075 0.001193085
vt -0.05240922 0.001230231
vt -0.05242851 0.001747509
vt -0.06033918 -0.001212525
vt -0.05241193 -0.001690041
vt -0.05239766 -0.0011726
vt -0.06049554 -0.0009764962
vt -0.05265047 -0.00221114
vt -0.0525867 -0.001697443
vt -0.0540195 0.02702871
vt -0.04790284 0.02196355
vt -0.04758587 0.02237278
vt 0.05419355 0.02499563
vt 0.04640938 0.02342212
vt 0.04652842 0.02291836
vt 0.05710667 0.01262545
vt 0.04916946 0.01236077
vt 0.04920357 0.01184426
vt 0.05743316 0.003106652
vt 0.0494974 0.003411713
vt 0.04949438 0.002894084
vt 0.05702761 -0.007097765
vt 0.04913087 -0.006254633
vt 0.04909272 -0.006770863
vt 0.05509191 -0.01929975
vt 0.04735009 -0.01752959
vt 0.04725121 -0.01803769
vt 0.03044589 -0.05121664
vt 0.02532021 -0.04515062
vt 0.02493593 -0.04549742
vt 0.0119227 0.002902464
vt 0.01144493 0.002703257
vt 0.01113077 0.002291852
vt 0.01106441 0.001778486
vt 0.01126361 0.001300714
vt 0.01167502 0.0009865548
vt 0.01218839 0.0009201891
vt 0.01266616 0.001119397
vt 0.01298031 0.001530803
vt 0.01304668 0.002044169
vt 0.01284747 0.002521941
vt 0.01243607 0.002836098
vt 0.05766843 0.004704404
vt 0.05144774 -0.006943288
vt 0.05190903 -0.007178149
vt 0.04268234 -0.00539132
vt 0.03171464 -0.01274492
vt 0.03201129 -0.01316913
vt 0.0296098 0.01334729
vt 0.01759252 0.007874549
vt 0.01781625 0.007407759
vt 0.01810888 0.03810567
vt 0.00592466 0.03301543
vt 0.006133525 0.03254179
vt 0.002981828 0.05718675
vt -0.008675124 0.05098344
vt -0.008423039 0.05053132
vt -0.03060659 0.05526975
vt -0.03826286 0.04451115
vt -0.03783531 0.04421934
vt -0.05544298 -0.006728663
vt -0.04807457 -0.01768641
vt -0.04765076 -0.0173892
vt -0.03568173 -0.01324523
vt -0.02425882 -0.01986964
vt -0.02400796 -0.01941685
vt -0.02246313 0.009066482
vt -0.01048624 0.003505931
vt -0.01027751 0.003979616
vt -0.01035305 0.03555625
vt 0.001433305 0.02960246
vt 0.001657598 0.03006898
vt 0.006506043 0.05474824
vt 0.01714725 0.04692965
vt 0.01744551 0.04735272
vt 0.03802386 0.05039225
vt 0.04365055 0.03844629
vt 0.04411442 0.03867599
vt -0.05475809 0.01266981
vt -0.05425858 0.01280563
vt -0.05389391 0.013173
vt -0.05376178 0.01367349
vt -0.0538976 0.01417299
vt -0.05426496 0.01453767
vt -0.05476546 0.0146698
vt -0.05526496 0.01453398
vt -0.05562963 0.01416661
vt -0.05576177 0.01366612
vt -0.05562595 0.01316662
vt -0.05525858 0.01280194
vt -0.004292516 0.02016696
vt 0.01787388 0.01874945
vt 0.01790223 0.01937332
vt -0.006568524 -0.0116823
vt 0.01551551 -0.01411094
vt 0.01556569 -0.01353574
vt -0.01920071 -0.04307073
vt 0.001810034 -0.05030078
vt 0.001972689 -0.04980052
vt -0.01154906 0.06690358
vt -0.03328601 0.06230921
vt -0.03317382 0.06179528
vt -0.003629391 0.06421359
vt -0.02578681 0.0626621
vt -0.02574448 0.06208628
vt -0.001767627 0.04581013
vt -0.02396702 0.04515921
vt -0.02394268 0.04453517
vt -0.001025013 0.01993454
vt -0.02323665 0.01989012
vt -0.02322387 0.01926573
vt -0.0009531259 -0.01220816
vt -0.02316423 -0.01168904
vt -0.02316473 -0.01226642
vt -0.003837883 -0.04674109
vt -0.02596512 -0.04471378
vt -0.02600417 -0.04523837
vt -0.004706264 0.06768288
vt 0.01749382 0.06855404
vt 0.01746972 0.06907953
vt -0.003194458 0.06432261
vt 0.01901648 0.06414081
vt 0.01901919 0.06471818
vt -0.003412577 0.04594465
vt 0.01878288 0.04517126
vt 0.0187986 0.04579558
vt 0.05720753 0.03720344
vt 0.05737809 0.03660267
vt 0.0577704 0.03617904
vt 0.05827936 0.03604608
vt 0.05876858 0.03623942
vt 0.05910698 0.03670723
vt 0.05920389 0.03732418
vt 0.05903333 0.03792496
vt 0.05864102 0.03834858
vt 0.05813206 0.03848154
vt 0.05764284 0.03828821
vt 0.05730444 0.0378204
vt -0.07784238 0.05445195
vt -0.06298926 0.05974764
vt -0.06316799 0.06027491
vt -0.07094479 0.05078126
vt -0.0555874 0.05419307
vt -0.05573447 0.05494128
vt -0.06741627 0.03338132
vt -0.0519212 0.03599035
vt -0.05208294 0.03689963
vt -0.06464293 0.01360301
vt -0.04904427 0.01564544
vt -0.04920935 0.01655413
vt -0.06074644 -0.01434925
vt -0.04511131 -0.01229923
vt -0.04526525 -0.0115524
vt 0.002780319 -0.07758518
vt 0.01224897 -0.06495232
vt 0.01178706 -0.06464153
vt 0.06782985 0.06680547
vt 0.05221698 0.06901854
vt 0.05213021 0.06846861
vt 0.06376012 0.05299977
vt 0.04821585 0.05542165
vt 0.04808001 0.05467131
vt 0.06076767 0.03285814
vt 0.04542209 0.03623715
vt 0.04523182 0.0353334
vt 0.0566314 0.01114483
vt 0.04161146 0.01582361
vt 0.04138075 0.01492933
vt 0.04646573 -0.02042618
vt 0.03227881 -0.01354207
vt 0.03199676 -0.01425053
vt -0.03533213 -0.05774014
vt -0.03752587 -0.04210582
vt -0.03807255 -0.04221115
vt 0.04828765 0.06053448
vt 0.04792214 0.06011453
vt 0.04784492 0.05935592
vt 0.04807667 0.05846191
vt 0.0485553 0.05767205
vt 0.04915256 0.05719799
vt 0.04970841 0.05716674
vt 0.05007392 0.05758669
vt 0.05015115 0.05834531
vt 0.0499194 0.05923931
vt 0.04944077 0.06002917
vt 0.04884351 0.06050323
vt 0.06360953 0.0830274
vt 0.05004861 0.08009614
vt 0.05016033 0.07956409
vt 0.05200949 0.09361369
vt 0.03871327 0.08974946
vt 0.03889517 0.08908541
vt 0.02525908 0.09592211
vt 0.01352562 0.0885966
vt 0.01396161 0.08791655
vt -0.07626771 0.04375386
vt -0.07107161 0.03091944
vt -0.0703377 0.03125698
vt -0.07389414 -0.0005055048
vt -0.06112663 -0.005935207
vt -0.06089897 -0.005285411
vt -0.06198913 0.03442651
vt -0.04852979 0.0310028
vt -0.04841963 0.03153518
vt -0.05082691 0.0848968
vt -0.03743791 0.08126009
vt -0.03729231 0.08178388
vt -0.03475258 0.1024496
vt -0.02223817 0.09652412
vt -0.02193393 0.09714177
vt 0.0004814691 0.1032417
vt 0.009297737 0.09258291
vt 0.009913987 0.0931052
vt 0.06853736 0.06544418
vt 0.0646247 0.05216212
vt 0.06540933 0.05197003
vt 0.08161106 0.02541978
vt 0.06965818 0.01837566
vt 0.07004561 0.01780649
vt 0.07288484 0.04561951
vt 0.05948403 0.04197346
vt 0.05965024 0.04145583
vt -0.05358544 0.0537244
vt -0.053752 0.05424191
vt -0.05429903 0.05466002
vt -0.05507995 0.0548667
vt -0.05588552 0.05480657
vt -0.05649988 0.05449573
vt -0.05675841 0.05401749
vt -0.05659186 0.05349997
vt -0.05604483 0.05308186
vt -0.05526391 0.05287518
vt -0.05445834 0.05293531
vt -0.05384398 0.05324615
vt -0.02163314 -0.04648786
vt -0.02104577 -0.05657289
vt -0.02052995 -0.05652956
vt -0.06139822 0.04882235
vt -0.071224 0.04647575
vt -0.07109091 0.04597551
vt -0.05947309 0.07751461
vt -0.06953857 0.07665512
vt -0.06948133 0.07614066
vt -0.05864092 0.07913698
vt -0.06874051 0.07891111
vt -0.06871568 0.07839407
vt -0.05836918 0.05816458
vt -0.06846799 0.0584229
vt -0.06846797 0.05790527
vt -0.0588901 0.02301881
vt -0.06894681 0.02397553
vt -0.06898262 0.02345913
vt -0.03905832 0.05237247
vt -0.04121421 0.06224186
vt -0.04171693 0.06211847
vt 0.0530617 0.06710208
vt 0.06315176 0.06759535
vt 0.06311326 0.06811155
vt 0.05396159 0.08373775
vt 0.06406094 0.08350172
vt 0.06405978 0.08401936
vt 0.05359687 0.07949315
vt 0.0636733 0.07877327
vt 0.06369696 0.07929037
vt 0.0522706 0.05288529
vt 0.06228394 0.05154894
vt 0.06233925 0.05206361
vt 0.0476248 0.007435407
vt 0.05735158 0.004707316
vt 0.05747855 0.00520914
vt 0.02615604 0.08058534
vt 0.02667364 0.08057914
vt 0.02712499 0.08083257
vt 0.02738916 0.08127773
vt 0.02739536 0.08179533
vt 0.02714192 0.08224668
vt 0.02669676 0.08251085
vt 0.02617916 0.08251705
vt 0.02572781 0.08226361
vt 0.02546364 0.08181845
vt 0.02545745 0.08130085
vt 0.02571088 0.08084951
vt 0.0009778923 0.1180608
vt -0.01134094 0.1160109
vt -0.01124541 0.1155022
vt 0.007555433 0.1100789
vt -0.004897251 0.1091375
vt -0.004847541 0.1086223
vt 0.01047841 0.07332629
vt -0.002003417 0.07292665
vt -0.00197613 0.07240973
vt 0.01210296 0.01728949
vt -0.000385254 0.01728163
vt -0.0003742002 0.01676411
vt 0.01217908 -0.04342243
vt -0.0002991745 -0.04292365
vt -0.0003091271 -0.04344119
vt -0.01949386 0.09110656
vt -0.007008027 0.09135063
vt -0.007028869 0.09186785
vt -0.01840675 0.116136
vt -0.005926374 0.1156933
vt -0.005918752 0.1162109
vt -0.01978809 0.1098602
vt -0.007327317 0.1090328
vt -0.007303732 0.10955
vt -0.02227 0.07483013
vt -0.00985139 0.07351346
vt -0.009807494 0.07402924
vt -0.02732931 0.02160744
vt -0.01504084 0.01938284
vt -0.0149592 0.01989399
vt -0.04497435 -0.02707456
vt -0.03370093 -0.03244723
vt -0.03348797 -0.03197543
vt -0.0305094 0.09072803
vt -0.0408849 0.08377788
vt -0.04058796 0.08335388
vt 0.07546628 0.08902059
vt 0.07585216 0.08936561
vt 0.07601384 0.08985735
vt 0.07590798 0.09036405
vt 0.07556295 0.09074994
vt 0.07507122 0.09091161
vt 0.07456452 0.09080575
vt 0.07417863 0.09046073
vt 0.07401696 0.08996899
vt 0.07412282 0.08946228
vt 0.07446784 0.0890764
vt 0.07495958 0.08891473
vt -0.07856654 -0.008542782
vt -0.06925597 -0.0110864
vt -0.06913298 -0.01058359
vt -0.07100204 0.03299121
vt -0.06144243 0.03166053
vt -0.06138484 0.03217496
vt -0.06752092 0.07902896
vt -0.05797875 0.07757853
vt -0.05791472 0.07809219
vt -0.06347038 0.1089961
vt -0.05400988 0.1070841
vt -0.05392098 0.107594
vt -0.0557664 0.1173749
vt -0.04657762 0.1144214
vt -0.0464325 0.1149183
vt -0.02643098 0.1126957
vt -0.01905176 0.1064744
vt -0.01872884 0.106879
vt 0.08121271 0.05379
vt 0.07476078 0.04661161
vt 0.07515492 0.04627603
vt 0.08099288 0.05321427
vt 0.07175739 0.05041027
vt 0.07192101 0.04991917
vt 0.07650377 0.08578117
vt 0.06697545 0.08424237
vt 0.06707165 0.08373375
vt 0.07335706 0.106929
vt 0.06375709 0.1059303
vt 0.06382444 0.1054171
vt 0.07026996 0.1054149
vt 0.06065186 0.1046093
vt 0.06070887 0.1040948
vt 0.06332737 0.08386348
vt 0.05378076 0.08244253
vt 0.05387068 0.08193276
vt -0.04661785 0.08963735
vt -0.04712389 0.0895284
vt -0.04750765 0.08918101
vt -0.04766631 0.08868828
vt -0.04755735 0.08818224
vt -0.04720996 0.08779848
vt -0.04671724 0.08763982
vt -0.0462112 0.08774878
vt -0.04582744 0.08809616
vt -0.04566878 0.08858889
vt -0.04577774 0.08909492
vt -0.04612512 0.08947869
vt -0.07351132 0.005918022
vt -0.07184346 0.007407387
vt -0.07223061 0.007750989
vt -0.08108222 0.07915187
vt -0.07885724 0.07937433
vt -0.07896801 0.07987998
vt -0.08091785 0.1086636
vt -0.07871009 0.108309
vt -0.0786877 0.1088261
vt -0.08109433 0.1126976
vt -0.07902031 0.1118619
vt -0.07888372 0.1123612
vt -0.07936992 0.1052865
vt -0.07763577 0.1038749
vt -0.07735764 0.1043115
vt -0.06359195 0.1113641
vt -0.06283492 0.1092601
vt -0.06237141 0.1094905
vt -0.0118512 0.1334302
vt -0.01288924 0.1314497
vt -0.01240603 0.1312641
vt 0.02873662 0.1364712
vt 0.02677548 0.135397
vt 0.02707503 0.1349748
vt 0.04480386 0.1236659
vt 0.04260471 0.1232613
vt 0.04275668 0.1227665
vt 0.05041678 0.09108968
vt 0.04818301 0.09119113
vt 0.04821954 0.09067478
vt 0.04860422 0.03824268
vt 0.04646268 0.03888594
vt 0.04637215 0.03837628
vt 0.02304795 -0.02942785
vt 0.02152913 -0.02778676
vt 0.02119247 -0.02817996
vt 0.03757622 0.09940136
vt 0.0370721 0.09928381
vt 0.03669431 0.09892995
vt 0.03654405 0.0984346
vt 0.0366616 0.09793048
vt 0.03701546 0.09755268
vt 0.03751082 0.09740243
vt 0.03801493 0.09751999
vt 0.03839273 0.09787384
vt 0.03854298 0.0983692
vt 0.03842543 0.0988733
vt 0.03807157 0.09925111
vt -0.05205746 0.10241
vt -0.05086498 0.1043016
vt -0.05133187 0.1045251
vt -0.07499374 0.1170342
vt -0.07339654 0.1185991
vt -0.07379916 0.1189244
vt -0.08577541 0.1078873
vt -0.08399096 0.1092348
vt -0.08434862 0.1096091
vt -0.08488952 0.06517748
vt -0.08311198 0.06653406
vt -0.08347154 0.06690644
vt -0.05655115 -0.006923588
vt -0.05524693 -0.005107271
vt -0.05569951 -0.004856048
vt 0.03527561 -0.02678711
vt 0.03488174 -0.02458601
vt 0.03438617 -0.02473555
vt 0.08157451 0.04637041
vt 0.08024006 0.04816461
vt 0.07986325 0.0478097
vt 0.08677772 0.0993885
vt 0.08532339 0.101087
vt 0.0849718 0.1007071
vt 0.07859737 0.1178982
vt 0.07730561 0.1197234
vt 0.07692055 0.1193774
vt 0.05909549 0.1083791
vt 0.05819355 0.1104252
vt 0.05774724 0.110163
vt 0.02613899 0.08964554
vt 0.02587928 0.09186648
vt 0.02537556 0.09174725
vt -0.0156268 0.08610637
vt -0.01509849 0.08827914
vt -0.01561225 0.0883424
vt 0.0007530693 0.140605
vt 0.0003580209 0.1402705
vt 0.0001831522 0.1397833
vt 0.0002753093 0.1392739
vt 0.0006098044 0.1388789
vt 0.00109701 0.138704
vt 0.001606378 0.1387962
vt 0.002001422 0.1391307
vt 0.002176296 0.1396179
vt 0.002084139 0.1401273
vt 0.001749644 0.1405223
vt 0.001262438 0.1406972
vt -0.08767606 0.04339715
vt -0.08867436 0.0413963
vt -0.08818753 0.04122037
vt -0.08456926 0.1104436
vt -0.08661168 0.1095334
vt -0.08634766 0.1090881
vt -0.07706057 0.1290168
vt -0.07928761 0.1288161
vt -0.07918178 0.1283094
vt -0.07507373 0.1100851
vt -0.07728649 0.1104072
vt -0.07730126 0.1098897
vt -0.07887015 0.07073066
vt -0.08092088 0.07162203
vt -0.08107089 0.0711266
vt -0.0892132 0.04997513
vt -0.09055574 0.05176331
vt -0.09093095 0.05140669
vt -0.05470636 0.115403
vt -0.05355981 0.1173227
vt -0.05403195 0.1175349
vt -0.005892283 0.1487147
vt -0.00375947 0.1493863
vt -0.003971058 0.1498588
vt 0.00712954 0.1436807
vt 0.009365556 0.1436657
vt 0.009309091 0.1441802
vt 0.006854643 0.1078678
vt 0.009027473 0.1073397
vt 0.009090663 0.1078535
vt -0.004740879 0.05071426
vt -0.002797131 0.04960889
vt -0.002595047 0.05008545
vt -0.03971632 0.002398074
vt -0.03858329 0.0004703233
vt -0.03817037 0.000782506
vt 0.077154 0.1219857
vt 0.07766396 0.1220746
vt 0.07806117 0.1224065
vt 0.0782392 0.1228925
vt 0.07815035 0.1234025
vt 0.07781842 0.1237997
vt 0.07733236 0.1239777
vt 0.07682241 0.1238889
vt 0.07642519 0.1235569
vt 0.07624717 0.1230709
vt 0.07633601 0.1225609
vt 0.07666795 0.1221637
vt -0.07554029 0.0803372
vt -0.06947796 0.08072396
vt -0.0695329 0.08123869
vt -0.07589962 0.1209542
vt -0.06982967 0.1207152
vt -0.06983136 0.1212328
vt -0.07569151 0.1285923
vt -0.06966339 0.1278419
vt -0.06962138 0.1283578
vt -0.07451467 0.1076389
vt -0.06862628 0.1061462
vt -0.06852057 0.1066529
vt -0.06370078 0.08456866
vt -0.05882712 0.08094252
vt -0.0585361 0.08137061
vt 0.0560489 0.08884758
vt 0.05126999 0.08509745
vt 0.05160661 0.08470421
vt 0.07308869 0.1070683
vt 0.06711667 0.1059563
vt 0.06723302 0.105452
vt 0.07489479 0.1286069
vt 0.06882748 0.1283084
vt 0.06887493 0.1277929
vt 0.07526262 0.1224787
vt 0.06919204 0.1227011
vt 0.06919514 0.1221835
vt 0.0748976 0.08366509
vt 0.06887744 0.08447696
vt 0.06883018 0.08396148
vt 0.06977618 0.009800806
vt 0.06420173 0.0122147
vt 0.06401646 0.01173135
vt -0.06889892 0.000969009
vt -0.0633295 0.003394478
vt -0.06355621 0.003859827
vt 0.001598039 0.1267769
vt 0.00122151 0.1264217
vt 0.001073037 0.1259258
vt 0.001192395 0.1254221
vt 0.001547613 0.1250456
vt 0.002043501 0.1248971
vt 0.002547192 0.1250165
vt 0.002923711 0.1253717
vt 0.003072185 0.1258676
vt 0.002952826 0.1263712
vt 0.002597608 0.1267478
vt 0.002101725 0.1268962
vt -0.05974611 0.1254463
vt -0.0619747 0.125629
vt -0.06195698 0.1251116
vt -0.06080755 0.1438211
vt -0.06294677 0.144472
vt -0.06303913 0.1439627
vt -0.06383374 0.1352961
vt -0.06577013 0.1364143
vt -0.06597536 0.135939
vt -0.06636821 0.1173019
vt -0.0678175 0.1190047
vt -0.0681702 0.1186259
vt -0.05685524 0.1202454
vt -0.05709979 0.1224681
vt -0.05760431 0.1223523
vt -0.02281624 0.1451354
vt -0.02151763 0.1469558
vt -0.02197099 0.1472056
vt 0.004662695 0.1563688
vt 0.006653114 0.1573877
vt 0.006365494 0.1578181
vt 0.01823947 0.1429103
vt 0.0204345 0.1433367
vt 0.02027764 0.14383
vt 0.02425622 0.1017072
vt 0.02649186 0.1016635
vt 0.02644202 0.1021787
vt 0.02335917 0.03765611
vt 0.02551956 0.03707931
vt 0.0255943 0.03759152
vt -0.01122874 -0.0308507
vt -0.009989541 -0.03271198
vt -0.009594761 -0.03237716
vt -0.06395207 0.07014413
vt -0.06608775 0.06948163
vt -0.06587818 0.06900831
vt 0.04904028 0.1238461
vt 0.04936554 0.1242488
vt 0.04944587 0.1247601
vt 0.04925976 0.1252432
vt 0.04885707 0.1255684
vt 0.04834571 0.1256488
vt 0.04786269 0.1254626
vt 0.04753743 0.1250599
vt 0.04745709 0.1245486
vt 0.0476432 0.1240656
vt 0.04804589 0.1237403
vt 0.04855726 0.12366
vt -0.04994087 0.07354726
vt -0.05133304 0.07179745
vt -0.05089338 0.07152422
vt -0.02641662 0.006980201
vt -0.02476878 0.00546871
vt -0.02446539 0.005888114
vt 0.0007759291 0.07166849
vt 0.00263763 0.07042994
vt 0.002872542 0.07089119
vt 0.01757089 0.1311447
vt 0.01933076 0.1297653
vt 0.01960079 0.1302069
vt 0.03359525 0.1648172
vt 0.0350823 0.1631472
vt 0.03542644 0.1635339
vt 0.05007047 0.168038
vt 0.05101702 0.1660121
vt 0.05145748 0.1662841
vt 0.06155457 0.1510099
vt 0.06159576 0.1487742
vt 0.06210873 0.1488436
vt 0.05829453 0.1407313
vt 0.05733371 0.1387122
vt 0.05782373 0.1385454
vt 0.04377502 0.1530611
vt 0.04215583 0.151519
vt 0.04255381 0.151188
vt 0.02748979 0.1711564
vt 0.02555207 0.1700405
vt 0.02586059 0.1696249
vt 0.01164601 0.1722644
vt 0.009574047 0.1714237
vt 0.00982289 0.1709698
vt -0.007347909 0.1441366
vt -0.009432679 0.1433281
vt -0.009190904 0.1428704
vt -0.06193703 0.1327026
vt -0.06244892 0.1327795
vt -0.06293071 0.1325902
vt -0.0632533 0.1321854
vt -0.06333026 0.1316735
vt -0.06314097 0.1311917
vt -0.06273615 0.1308692
vt -0.06222427 0.1307922
vt -0.06174248 0.1309815
vt -0.06141989 0.1313863
vt -0.06134292 0.1318982
vt -0.06153221 0.13238
vt -0.05967841 0.1604777
vt -0.05750703 0.1599438
vt -0.05744244 0.1604574
vt -0.05804645 0.1760511
vt -0.05604242 0.1750592
vt -0.05586805 0.1755466
vt -0.0522439 0.1672204
vt -0.05063288 0.1656697
vt -0.05031948 0.1660817
vt -0.032128 0.1575773
vt -0.03153204 0.1554221
vt -0.03105245 0.1556169
vt 0.008475224 0.1633731
vt 0.007441708 0.1613902
vt 0.007925341 0.1612057
vt 0.03563564 0.1757703
vt 0.03372515 0.1746084
vt 0.03404352 0.1742002
vt 0.0463134 0.1786042
vt 0.04413886 0.1780832
vt 0.0443169 0.1775972
vt 0.05043186 0.1541443
vt 0.04819605 0.1541098
vt 0.04826388 0.1535967
vt 0.0507721 0.09708241
vt 0.04858563 0.09755075
vt 0.04853652 0.09703545
vt 0.03818128 0.009681886
vt 0.03649312 0.01114821
vt 0.03620119 0.01072074
vt -0.05271421 0.0237647
vt -0.05076929 0.02486801
vt -0.0510751 0.02528566
vt -0.05974824 0.1111014
vt -0.05751234 0.1110734
vt -0.05756582 0.1115883
vt 0.011134 0.1546638
vt 0.01099602 0.1541649
vt 0.01112598 0.1536638
vt 0.01148906 0.1532949
vt 0.01198798 0.1531569
vt 0.01248903 0.1532869
vt 0.01285798 0.15365
vt 0.01299595 0.1541489
vt 0.01286599 0.1546499
vt 0.01250291 0.1550189
vt 0.012004 0.1551569
vt 0.01150294 0.1550269
vt 0.005390342 0.1795205
vt 0.004141045 0.181375
vt 0.003748096 0.181038
vt -0.0161701 0.1896534
vt -0.01734006 0.1915589
vt -0.01774688 0.1912389
vt -0.03467186 0.1848992
vt -0.03553202 0.1869632
vt -0.03598357 0.1867101
vt -0.04865925 0.1787056
vt -0.04898867 0.1809172
vt -0.04948839 0.1807822
vt -0.05352741 0.1804012
vt -0.05317882 0.18261
vt -0.05369604 0.1826309
vt -0.04682169 0.1844631
vt -0.04584625 0.1864752
vt -0.04633504 0.1866456
vt -0.03199415 0.1764896
vt -0.03059384 0.178233
vt -0.03103222 0.1785082
vt -0.01307566 0.1484416
vt -0.01146243 0.14999
vt -0.01186168 0.1503195
vt 0.009470319 0.1053297
vt 0.01109108 0.1068702
vt 0.01069343 0.1072016
vt 0.03718022 0.07084721
vt 0.03843304 0.07269935
vt 0.03797359 0.0729378
vt 0.05326005 0.09193359
vt 0.05333145 0.09416853
vt 0.05281564 0.09412505
vt 0.03147791 0.1461175
vt 0.03050527 0.1481309
vt 0.03006836 0.1478533
vt 0.0543149 0.1077867
vt 0.05454273 0.1082515
vt 0.05450762 0.1087679
vt 0.054219 0.1091976
vt 0.0537542 0.1094254
vt 0.05323775 0.1093903
vt 0.05280805 0.1091017
vt 0.05258022 0.1086369
vt 0.05261532 0.1081205
vt 0.05290394 0.1076908
vt 0.05336875 0.1074629
vt 0.0538852 0.107498
vt -0.04871223 0.1448202
vt -0.05200667 0.1411217
vt -0.05160267 0.1407981
vt -0.03571292 0.08608651
vt -0.03733402 0.08140637
vt -0.03683671 0.08126274
vt 0.002853123 0.07637105
vt 0.004232017 0.07161392
vt 0.004720983 0.07178381
vt 0.03139937 0.1281704
vt 0.03437237 0.124209
vt 0.03476958 0.1245409
vt 0.04403834 0.1759369
vt 0.04738354 0.1722843
vt 0.04774649 0.1726534
vt 0.04873125 0.1910598
vt 0.05186333 0.1872229
vt 0.05224667 0.1875707
vt 0.04604985 0.1726362
vt 0.04838163 0.1682664
vt 0.04882496 0.1685337
vt 0.03125736 0.1425704
vt 0.03195845 0.1376673
vt 0.03246634 0.1377672
vt 0.00435232 0.138192
vt 0.002955373 0.1334401
vt 0.003458948 0.1333202
vt -0.02055634 0.1654311
vt -0.023434 0.1613999
vt -0.02299756 0.1611215
vt -0.0365698 0.1904023
vt -0.04012403 0.1869528
vt -0.0397446 0.1866006
vt -0.04584387 0.1858394
vt -0.04954626 0.1825495
vt -0.04918266 0.182181
vt -0.01906534 0.1661321
vt -0.01944043 0.1664888
vt -0.01994364 0.1666102
vt -0.02044012 0.1664637
vt -0.02079684 0.1660886
vt -0.02091822 0.1655854
vt -0.02077173 0.165089
vt -0.02039664 0.1647322
vt -0.01989343 0.1646108
vt -0.01939695 0.1647573
vt -0.01904023 0.1651324
vt -0.01891885 0.1656356
vt 0.05794024 0.1880368
vt 0.05426111 0.1956528
vt 0.05380212 0.1954134
vt 0.04446036 0.1788224
vt 0.04141842 0.1867146
vt 0.04094134 0.1865137
vt 0.01909004 0.1603171
vt 0.01753959 0.1686319
vt 0.01703386 0.1685215
vt -0.01351943 0.1541553
vt -0.01296901 0.1625955
vt -0.01348633 0.1626133
vt -0.04180999 0.1678613
vt -0.03928436 0.1759335
vt -0.03978288 0.1760729
vt -0.05731899 0.1846459
vt -0.053553 0.1922193
vt -0.05402333 0.1924355
vt -0.05929629 0.184426
vt -0.05513285 0.1917884
vt -0.05559102 0.1920293
vt -0.04807413 0.1620524
vt -0.04436732 0.1696549
vt -0.04483934 0.1698675
vt -0.02227557 0.1320367
vt -0.02002622 0.1401902
vt -0.0205292 0.1403125
vt 0.01407215 0.1226315
vt 0.01400194 0.1310894
vt 0.01348469 0.1310692
vt 0.04471808 0.1448294
vt 0.04247066 0.1529835
vt 0.04197607 0.1528307
vt 0.05882479 0.1749034
vt 0.05537171 0.1826245
vt 0.05490586 0.1823988
vt 0.01012308 0.1390971
vt 0.01008699 0.1396135
vt 0.009797541 0.1400426
vt 0.009332297 0.1402696
vt 0.008815924 0.1402335
vt 0.008386773 0.139944
vt 0.008159839 0.1394788
vt 0.008195928 0.1389624
vt 0.008485382 0.1385333
vt 0.008950626 0.1383063
vt 0.009467005 0.1383424
vt 0.009896153 0.1386319
vt -0.04880068 0.005408403
vt -0.05050467 -0.007631143
vt -0.04997859 -0.007696071
vt -0.06688406 0.09412262
vt -0.07798948 0.0871055
vt -0.07766662 0.08659469
vt -0.06153449 0.1275919
vt -0.07384972 0.1230394
vt -0.07360774 0.1224143
vt -0.05704244 0.1294886
vt -0.06970835 0.1260037
vt -0.06950749 0.1253641
vt -0.05204759 0.1030346
vt -0.06481494 0.09988374
vt -0.06464342 0.0993043
vt -0.04127571 0.03368892
vt -0.05368193 0.02930711
vt -0.05348893 0.02881342
vt 0.05373684 -0.01425714
vt 0.05663139 -0.02708503
vt 0.05714761 -0.02696466
vt 0.06231201 0.09914626
vt 0.07448458 0.09420672
vt 0.07471172 0.09476669
vt 0.05621912 0.1304406
vt 0.06870911 0.1263922
vt 0.06890607 0.127033
vt 0.05117476 0.1314609
vt 0.06361046 0.1272273
vt 0.06380363 0.1278692
vt 0.04403909 0.1048589
vt 0.05620142 0.09985778
vt 0.05640538 0.1004266
vt 0.0257479 0.03861026
vt 0.03653171 0.03107207
vt 0.03682082 0.03151634
vt 0.04198866 0.1361854
vt 0.04251808 0.1362115
vt 0.04300598 0.1365681
vt 0.04332162 0.1371594
vt 0.04338044 0.1378272
vt 0.04316666 0.1383924
vt 0.04273757 0.1387036
vt 0.04220815 0.1386774
vt 0.04172025 0.1383209
vt 0.0414046 0.1377296
vt 0.04134579 0.1370618
vt 0.04155957 0.1364966
vt 0.03302162 -0.06254394
vt 0.04038213 -0.05677851
vt 0.04005177 -0.05638
vt -0.01384284 0.01116578
vt -0.00450558 0.01164834
vt -0.004546596 0.01216435
vt -0.01618268 0.09032865
vt -0.00683542 0.09011389
vt -0.006837859 0.09063151
vt -0.01524415 0.1452648
vt -0.005921492 0.1445539
vt -0.005896438 0.1450709
vt -0.01149534 0.1621429
vt -0.002246125 0.1607756
vt -0.00218463 0.1612896
vt 0.001921931 0.1376822
vt 0.01077635 0.1346794
vt 0.01092896 0.135174
vt 0.08190043 0.007051908
vt 0.07732477 -0.00110167
vt 0.07778303 -0.001342402
vt 0.04214314 0.02193617
vt 0.03296512 0.02015254
vt 0.0330779 0.01964734
vt 0.0343576 0.0940599
vt 0.02502866 0.0934369
vt 0.02507744 0.09292156
vt 0.03181089 0.1454786
vt 0.02246128 0.1454307
vt 0.02247827 0.1449133
vt 0.03157234 0.1589873
vt 0.02223392 0.1594469
vt 0.02222279 0.1589294
vt 0.03585261 0.1287456
vt 0.02660585 0.1301294
vt 0.02654344 0.1296155
vt -0.07973132 0.1397066
vt -0.08024749 0.1396675
vt -0.08067498 0.1393756
vt -0.08089925 0.1389091
vt -0.0808602 0.1383929
vt -0.0805683 0.1379654
vt -0.08010177 0.1377411
vt -0.0795856 0.1377802
vt -0.07915812 0.1380721
vt -0.07893385 0.1385386
vt -0.07897289 0.1390548
vt -0.07926479 0.1394823
vt -0.09675682 0.1592474
vt -0.08475186 0.1569639
vt -0.08466592 0.1574744
vt -0.09574769 0.1605127
vt -0.08386548 0.1576585
vt -0.08375527 0.1581643
vt -0.09182344 0.1351087
vt -0.08043794 0.1306698
vt -0.08026017 0.1311559
vt -0.05747253 0.1257729
vt -0.05040575 0.1158032
vt -0.04998988 0.1161114
vt 0.07798664 0.1191624
vt 0.06821443 0.111825
vt 0.06853394 0.1114178
vt 0.09413769 0.141698
vt 0.08238483 0.1383508
vt 0.08253713 0.1378561
vt 0.09642361 0.1629457
vt 0.08439089 0.1608133
vt 0.08449198 0.1603056
vt 0.0969136 0.1541073
vt 0.08481453 0.1523909
vt 0.08489808 0.15188
vt 0.09644962 0.1146939
vt 0.08438687 0.1127385
vt 0.08448049 0.1122294
vt 0.08591846 0.07877996
vt 0.07503437 0.07322387
vt 0.07527943 0.07276792
vt -0.09370525 0.07839043
vt -0.08216497 0.07437102
vt -0.08200511 0.07486337
vt -0.09684472 0.125771
vt -0.08484407 0.123465
vt -0.08475717 0.1239753
vt -0.002132343 0.1443028
vt -0.002231306 0.1437948
vt -0.002062969 0.1433053
vt -0.001672434 0.1429655
vt -0.001164344 0.1428665
vt -0.0006748436 0.1430349
vt -0.0003350933 0.1434254
vt -0.0002361275 0.1439335
vt -0.0004044646 0.144423
vt -0.0007949971 0.1447628
vt -0.001303087 0.1448617
vt -0.00179259 0.1446934
vt 0.07683979 0.07320534
vt 0.07464027 0.05576609
vt 0.07515474 0.05570889
vt 0.03321115 0.0755428
vt 0.02439471 0.06033636
vt 0.0248463 0.06008335
vt -0.008440804 0.1148542
vt -0.02021975 0.1018073
vt -0.01983046 0.1014661
vt -0.04210836 0.1491743
vt -0.05454329 0.136751
vt -0.05417208 0.1363903
vt -0.07118725 0.1514081
vt -0.08239768 0.1378696
vt -0.08199416 0.1375453
vt -0.0913155 0.1113686
vt -0.09809908 0.09515286
vt -0.09761865 0.09496015
vt -0.07592414 0.05761967
vt -0.07402413 0.04014526
vt -0.0735104 0.04020878
vt -0.02739462 0.06014849
vt -0.01845959 0.04501142
vt -0.01801774 0.04528109
vt 0.01540548 0.1047648
vt 0.02707158 0.09161685
vt 0.02745367 0.09196607
vt 0.04826284 0.1434849
vt 0.06024409 0.1306235
vt 0.06061761 0.1309819
vt 0.07533932 0.149817
vt 0.08570952 0.1356246
vt 0.08612293 0.1359361
vt 0.09183807 0.1167894
vt 0.09759961 0.1001831
vt 0.0980861 0.1003599
vt -0.0840738 0.1239792
vt -0.08355994 0.1240415
vt -0.08314606 0.1243524
vt -0.0829431 0.1248286
vt -0.08300541 0.1253424
vt -0.08331631 0.1257563
vt -0.08379249 0.1259593
vt -0.08430637 0.125897
vt -0.08472024 0.1255861
vt -0.08492321 0.1251099
vt -0.0848609 0.124596
vt -0.08454999 0.1241821
vt -0.06587169 0.05497318
vt -0.05850195 0.06702416
vt -0.05894843 0.06728609
vt -0.1044856 0.1097663
vt -0.09471422 0.1199672
vt -0.09509452 0.1203184
vt -0.1206602 0.1299705
vt -0.1103346 0.13961
vt -0.1106947 0.1399819
vt -0.1196715 0.09990163
vt -0.110261 0.1104364
vt -0.1106533 0.1107741
vt -0.08781423 0.03040888
vt -0.08197442 0.04327106
vt -0.0824496 0.0434764
vt -0.00344582 -0.009240475
vt -0.005063453 0.004792432
vt -0.005576513 0.004723743
vt 0.07471304 0.04041118
vt 0.06717633 0.05235845
vt 0.06674366 0.05207429
vt 0.1102697 0.1035358
vt 0.1005909 0.1138247
vt 0.1002204 0.1134632
vt 0.1222146 0.1284931
vt 0.1123346 0.1385889
vt 0.1119714 0.1382202
vt 0.1165441 0.1039151
vt 0.1079862 0.1151535
vt 0.1075802 0.1148324
vt 0.08176047 0.04574878
vt 0.07699199 0.05904543
vt 0.07650802 0.05886178
vt 0.006407785 0.01491019
vt 0.008297277 0.02890908
vt 0.007783108 0.02896891
vt -0.02638646 0.1763758
vt -0.02680022 0.1760648
vt -0.02700303 0.1755885
vt -0.02694053 0.1750747
vt -0.02662949 0.1746609
vt -0.02615324 0.1744581
vt -0.02563938 0.1745206
vt -0.02522562 0.1748317
vt -0.02502282 0.1753079
vt -0.02508531 0.1758218
vt -0.02539635 0.1762355
vt -0.02587261 0.1764383
vt 0.02282926 0.1342886
vt 0.01118737 0.1410338
vt 0.01093653 0.140581
vt -0.02821532 0.1780044
vt -0.04152227 0.1799934
vt -0.04158893 0.1794801
vt -0.0374203 0.1764145
vt -0.05075296 0.1782232
vt -0.05081267 0.177709
vt -0.04493939 0.1309157
vt -0.05821681 0.1330932
vt -0.05829074 0.1325808
vt -0.0556177 0.0557446
vt -0.06869533 0.05890797
vt -0.06880733 0.05840259
vt -0.08154388 -0.01446217
vt -0.09342895 -0.008155333
vt -0.09366275 -0.008617163
vt -0.08168215 0.1174346
vt -0.07490503 0.1290579
vt -0.07535714 0.12931
vt 0.001064951 0.1820367
vt 0.01394501 0.1859271
vt 0.01378583 0.1864196
vt 0.01960325 0.1771086
vt 0.03289225 0.1792143
vt 0.03280142 0.1797239
vt 0.02876247 0.1278267
vt 0.04213924 0.1292735
vt 0.04207369 0.129787
vt 0.03642171 0.04685524
vt 0.04981558 0.04813414
vt 0.04975647 0.04864839
vt 0.04959366 -0.04184119
vt 0.06289069 -0.0397869
vt 0.06280183 -0.03927695
vt 0.1133575 0.1361396
vt 0.1138717 0.1361992
vt 0.1142872 0.1365079
vt 0.1144927 0.136983
vt 0.1144332 0.1374972
vt 0.1141245 0.1379127
vt 0.1136494 0.1381182
vt 0.1131352 0.1380586
vt 0.1127196 0.13775
vt 0.1125141 0.1372749
vt 0.1125737 0.1367607
vt 0.1128824 0.1363451
vt -0.05762706 0.1946499
vt -0.05934745 0.1826805
vt -0.05883362 0.1826179
vt -0.1145579 0.1803907
vt -0.114632 0.1682986
vt -0.1141144 0.1683065
vt -0.1376273 0.1588535
vt -0.1361113 0.1468566
vt -0.1355992 0.1469325
vt -0.1216911 0.1488596
vt -0.1191278 0.1370421
vt -0.1186244 0.1371626
vt -0.07470749 0.1567207
vt -0.07186226 0.1449679
vt -0.07136188 0.1451004
vt -0.009134002 0.1725979
vt -0.006793426 0.1607343
vt -0.006287838 0.1608453
vt 0.06005622 0.1811091
vt 0.06120896 0.1690718
vt 0.06172307 0.1691322
vt 0.1143684 0.175336
vt 0.1139325 0.1632515
vt 0.1144501 0.163244
vt 0.1374572 0.1639936
vt 0.1354895 0.1520624
vt 0.1360019 0.1519891
vt 0.1240022 0.1619447
vt 0.1209857 0.1502346
vt 0.1214897 0.1501162
vt 0.07938422 0.1739414
vt 0.07603172 0.1623231
vt 0.07653203 0.1621903
vt 0.01393909 0.1901456
vt 0.01103508 0.1784072
vt 0.01154012 0.1782936
vt -0.109137 -0.03758933
vt -0.1095992 -0.03735617
vt -0.110116 -0.03738532
vt -0.110549 -0.03766898
vt -0.1107822 -0.03813113
vt -0.110753 -0.03864795
vt -0.1104693 -0.03908095
vt -0.1100072 -0.03931411
vt -0.1094904 -0.03928496
vt -0.1090574 -0.0390013
vt -0.1088242 -0.03853915
vt -0.1088534 -0.03802233
vt 0.02897694 0.01111861
vt 0.01712163 -0.002094263
vt 0.01751191 -0.002434306
vt -0.008281415 0.03225528
vt -0.01470431 0.01570613
vt -0.01421906 0.01552589
vt -0.05234981 0.01436751
vt -0.04838734 -0.00293645
vt -0.0478845 -0.002813562
vt -0.06500924 -0.01946681
vt -0.05426551 -0.03359836
vt -0.05385805 -0.0332791
vt -0.05886444 -0.03006316
vt -0.04598067 -0.04227532
vt -0.04563009 -0.04189449
vt -0.0456858 -0.01797143
vt -0.0328136 -0.03019578
vt -0.03246265 -0.02981527
vt -0.02420253 0.006909338
vt -0.01328965 -0.00709199
vt -0.01288606 -0.006767855
vt 0.01156311 0.02552881
vt 0.01689062 0.008595238
vt 0.01738208 0.008757771
vt 0.05093702 0.01103227
vt 0.04692265 -0.006259723
vt 0.04742854 -0.006369417
vt 0.064876 -0.01789826
vt 0.05433829 -0.03218409
vt 0.05475929 -0.03248526
vt 0.06091911 -0.02751044
vt 0.04791196 -0.03959111
vt 0.04826973 -0.03996521
vt 0.04929737 -0.01508564
vt 0.03592778 -0.02676393
vt 0.03627396 -0.02714877
vt -0.03649097 -0.05251595
vt -0.03683614 -0.0521302
vt -0.03732795 -0.05196872
vt -0.03783461 -0.05207477
vt -0.03822036 -0.05241994
vt -0.03838184 -0.05291175
vt -0.03827579 -0.05341841
vt -0.03793062 -0.05380416
vt -0.03743881 -0.05396564
vt -0.03693215 -0.05385958
vt -0.0365464 -0.05351441
vt -0.03638492 -0.05302261
vt 0.05296792 -0.07383656
vt 0.03900885 -0.07707528
vt 0.03913215 -0.07759029
vt 0.06763148 -0.05968987
vt 0.05449107 -0.06537551
vt 0.05473015 -0.06592692
vt 0.0547406 0.04832501
vt 0.05650442 0.03412247
vt 0.05716293 0.03421369
vt -0.02517506 0.04580816
vt -0.01229609 0.03955285
vt -0.01202514 0.04015993
vt -0.04300093 0.004102182
vt -0.02929007 -6.40035E-05
vt -0.02913916 0.0005177417
vt -0.0532024 -0.04177323
vt -0.03937008 -0.04553967
vt -0.03924631 -0.04502476
vt -0.06340091 -0.06703018
vt -0.04989997 -0.07183329
vt -0.04972598 -0.07133313
vt -0.0766068 -0.04418653
vt -0.06524859 -0.05290364
vt -0.06488305 -0.0524266
vt -0.05816105 0.03659426
vt -0.05948492 0.02234399
vt -0.05882217 0.02229182
vt 0.005713175 0.04360498
vt -0.006043581 0.03543335
vt -0.005646691 0.03490002
vt 0.03006503 0.004227819
vt 0.0164867 -0.0003519208
vt 0.01670207 -0.0009130087
vt 0.04254747 -0.04378265
vt 0.02856802 -0.04695973
vt 0.02870079 -0.04747239
vt 0.06364144 -0.05982172
vt 0.06335852 -0.05937407
vt 0.06281147 -0.05912519
vt 0.06214687 -0.05914177
vt 0.06154282 -0.05941939
vt 0.06116114 -0.05988364
vt 0.06110413 -0.06041012
vt 0.06138704 -0.06085778
vt 0.06193409 -0.06110666
vt 0.06259868 -0.06109007
vt 0.06320275 -0.06081247
vt 0.06358442 -0.06034822
vt 0.05862956 -0.03330155
vt 0.04229957 -0.05164087
vt 0.04268977 -0.05198101
vt 0.02644129 -0.001643796
vt 0.0116739 -0.02126325
vt 0.01209073 -0.02157017
vt -0.02036676 0.02337667
vt -0.02959612 0.0006210565
vt -0.02911441 0.0004315705
vt -0.07062148 0.008776158
vt -0.06931044 -0.01574485
vt -0.06879386 -0.01571177
vt -0.08880548 -0.0317122
vt -0.07800923 -0.05376758
vt -0.07754672 -0.05353511
vt -0.07809739 -0.04990461
vt -0.06300817 -0.06927764
vt -0.06260317 -0.06895528
vt -0.05510511 -0.03731532
vt -0.03921037 -0.05603312
vt -0.03881935 -0.05569392
vt -0.02221001 -0.007169128
vt -0.00822524 -0.02735391
vt -0.007802879 -0.02705464
vt 0.02335836 0.01615105
vt 0.03163278 -0.006968924
vt 0.03211828 -0.006789373
vt 0.07027346 0.003884707
vt 0.06854922 -0.02061072
vt 0.06906593 -0.02064162
vt 0.08874245 -0.03129634
vt 0.07797565 -0.05336611
vt 0.07844324 -0.05358815
vt 0.08013901 -0.04704901
vt 0.06492389 -0.06632332
vt 0.06533355 -0.06663975
vt -0.06407011 -0.07106113
vt -0.06410684 -0.07054479
vt -0.06439681 -0.070116
vt -0.06486233 -0.06988964
vt -0.06537866 -0.06992637
vt -0.06580745 -0.07021634
vt -0.06603382 -0.07068186
vt -0.06599709 -0.07119819
vt -0.06570712 -0.07162698
vt -0.0652416 -0.07185335
vt -0.06472526 -0.07181662
vt -0.06429647 -0.07152665
vt -0.05398321 -0.09297088
vt -0.066971 -0.08436117
vt -0.06742845 -0.08512835
vt -0.04120533 -0.07599474
vt -0.05393115 -0.0669436
vt -0.05431866 -0.06757746
vt -0.01083282 -0.02695844
vt -0.02187997 -0.0158968
vt -0.02225203 -0.01630615
vt 0.06769885 -0.01455723
vt 0.06897043 0.00100724
vt 0.06841973 0.001059423
vt 0.07759479 -0.07652199
vt 0.08814052 -0.06505039
vt 0.08760475 -0.06453573
vt 0.06850824 -0.09162334
vt 0.08119379 -0.08260355
vt 0.08066919 -0.08188061
vt 0.06020398 -0.08914004
vt 0.07379431 -0.08151689
vt 0.07332067 -0.08075958
vt 0.04990197 -0.07079461
vt 0.0638707 -0.0638129
vt 0.06349321 -0.06317305
vt 0.0261417 -0.01476571
vt 0.03927005 -0.006277726
vt 0.03894762 -0.005828249
vt -0.06957225 0.001390261
vt -0.07184824 0.01683984
vt -0.0723965 0.01676632
vt -0.07368674 -0.08037679
vt -0.08576603 -0.07053297
vt -0.08624788 -0.07109844
vt -0.0632071 -0.09534772
vt -0.07616469 -0.08672328
vt -0.07665242 -0.0874716
vt -0.06165377 -0.09630172
vt -0.06145404 -0.09543112
vt -0.06155703 -0.09469537
vt -0.06193518 -0.09429164
vt -0.06248715 -0.09432811
vt -0.06306503 -0.09479497
vt -0.06351399 -0.09556717
vt -0.06371373 -0.09643778
vt -0.06361073 -0.09717352
vt -0.06323258 -0.09757725
vt -0.06268062 -0.0975408
vt -0.06210273 -0.09707392
vt 0.05301956 -0.1191635
vt 0.04552874 -0.1238351
vt 0.04581542 -0.1242661
vt 0.1041719 -0.04974836
vt 0.1011696 -0.05805037
vt 0.1016614 -0.05821206
vt 0.05593549 0.04267287
vt 0.0619866 0.03624474
vt 0.06235294 0.03661044
vt 0.009207151 0.002227
vt 0.01687918 -0.002140681
vt 0.01712199 -0.001683517
vt -0.01765548 -0.05679649
vt -0.00980988 -0.06084412
vt -0.009586138 -0.06037733
vt -0.04234924 -0.1004973
vt -0.0348346 -0.1051306
vt -0.03457597 -0.1046822
vt -0.0739245 -0.1071818
vt -0.06771717 -0.1134592
vt -0.06735992 -0.1130846
vt -0.106413 -0.05047983
vt -0.1048581 -0.05917
vt -0.1043515 -0.05906393
vt -0.07640633 0.0106996
vt -0.08146753 0.003466282
vt -0.0810349 0.003182082
vt -0.03249953 -0.01499676
vt -0.03988623 -0.01983135
vt -0.03959018 -0.02025597
vt -0.003444763 -0.06772432
vt -0.01143257 -0.07148353
vt -0.01119852 -0.07194523
vt 0.02128999 -0.1099365
vt 0.01323642 -0.1135527
vt 0.01346221 -0.1140185
vt 0.1070228 -0.07210355
vt 0.1066105 -0.07179066
vt 0.1060969 -0.07172587
vt 0.1056197 -0.07192655
vt 0.1053068 -0.07233891
vt 0.1052421 -0.07285248
vt 0.1054427 -0.07332963
vt 0.1058551 -0.07364253
vt 0.1063687 -0.07370732
vt 0.1068458 -0.07350665
vt 0.1071587 -0.07309427
vt 0.1072235 -0.07258071
vt 0.1323718 -0.06243346
vt 0.1275844 -0.08200114
vt 0.1280888 -0.08211769
vt 0.1129289 -0.05912157
vt 0.1074204 -0.07849863
vt 0.1079201 -0.07863377
vt 0.06477021 -0.04113085
vt 0.05986606 -0.06066961
vt 0.06036971 -0.06078916
vt -0.002186412 -0.02404117
vt -0.005228154 -0.04395502
vt -0.004715488 -0.04402661
vt -0.07059347 -0.02477059
vt -0.07091883 -0.04491278
vt -0.0704012 -0.04491449
vt -0.1185473 -0.04361653
vt -0.1161299 -0.06361578
vt -0.1156168 -0.06354706
vt -0.1322142 -0.06271177
vt -0.1278736 -0.0823834
vt -0.1273696 -0.08226538
vt -0.1111583 -0.06565829
vt -0.106148 -0.0851701
vt -0.1056483 -0.08503492
vt -0.06218841 -0.05245898
vt -0.0578437 -0.0721297
vt -0.05733972 -0.07201158
vt 0.003969514 -0.03763901
vt 0.006438166 -0.05763199
vt 0.006951045 -0.05756196
vt 0.07062978 -0.03671174
vt 0.07043581 -0.05685562
vt 0.07095344 -0.05685396
vt 0.1177722 -0.05016344
vt 0.1149005 -0.07010251
vt 0.1154137 -0.07016972
vt -0.07130754 -0.1243038
vt -0.07104333 -0.1238587
vt -0.0710371 -0.1233411
vt -0.07129049 -0.1228897
vt -0.07173564 -0.1226255
vt -0.07225323 -0.1226193
vt -0.07270461 -0.1228727
vt -0.07296881 -0.1233178
vt -0.07297505 -0.1238354
vt -0.07272165 -0.1242868
vt -0.07227652 -0.124551
vt -0.07175891 -0.1245572
vt -0.007384843 -0.1695559
vt -0.02307644 -0.1681216
vt -0.02311509 -0.1686378
vt -0.0006222402 -0.1414528
vt -0.0163091 -0.1399675
vt -0.01634942 -0.1404835
vt 0.0059933 -0.07576218
vt -0.0096466 -0.07384458
vt -0.009701148 -0.07435934
vt 0.0167436 0.008958931
vt 0.001261457 0.01188928
vt 0.001173559 0.01137915
vt 0.04951822 0.08205937
vt 0.03513654 0.0884976
vt 0.03493283 0.08802174
vt 0.09997386 -0.1158433
vt 0.1114442 -0.1050399
vt 0.1110832 -0.104669
vt 0.03351514 -0.1663352
vt 0.04894166 -0.1631249
vt 0.04882789 -0.1626199
vt 0.01869539 -0.1398326
vt 0.03436113 -0.1381391
vt 0.03429705 -0.1376254
vt 0.01117995 -0.0740224
vt 0.02689893 -0.07292809
vt 0.0268545 -0.07241236
vt 0.004963662 0.0120617
vt 0.02069615 0.01294062
vt 0.02065879 0.01345691
vt -0.005918403 0.094828
vt 0.009776594 0.09622468
vt 0.009722248 0.09673946
vt -0.03209531 -0.1493334
vt -0.04744411 -0.14577
vt -0.04755288 -0.146276
vt -0.1384521 -0.09904154
vt -0.1380509 -0.09871449
vt -0.137867 -0.09823065
vt -0.1379496 -0.09771964
vt -0.1382766 -0.0973184
vt -0.1387605 -0.09713445
vt -0.1392715 -0.09721707
vt -0.1396727 -0.09754412
vt -0.1398567 -0.09802796
vt -0.1397741 -0.09853896
vt -0.139447 -0.0989402
vt -0.1389631 -0.09912415
vt -0.1423453 -0.09682124
vt -0.1514787 -0.07428326
vt -0.1519563 -0.07448276
vt -0.1060377 -0.03465857
vt -0.1051494 -0.01035648
vt -0.1056669 -0.01034308
vt -0.02838913 -0.02944842
vt -0.01793367 -0.00749247
vt -0.01840337 -0.007274904
vt 0.04094339 -0.08045936
vt 0.05618139 -0.06150721
vt 0.05577455 -0.06118717
vt 0.09106759 -0.1306613
vt 0.1076192 -0.1128449
vt 0.1072362 -0.1124967
vt 0.1272278 -0.1407198
vt 0.1424843 -0.1217826
vt 0.1420778 -0.1214622
vt 0.1427158 -0.09413975
vt 0.1528406 -0.07202943
vt 0.1523677 -0.07181893
vt 0.1057614 -0.02212147
vt 0.1053435 0.002193255
vt 0.1048261 0.002178853
vt 0.02251916 -0.01543224
vt 0.01200636 0.006496313
vt 0.011542 0.006267583
vt -0.04805315 -0.07074035
vt -0.06320414 -0.05171857
vt -0.06360558 -0.05204537
vt -0.09681738 -0.1243811
vt -0.1129668 -0.1061992
vt -0.1133501 -0.1065471
vt -0.1304321 -0.1375138
vt -0.1449262 -0.1179868
vt -0.1453385 -0.1182997
vt 0.1103295 -0.151384
vt 0.1098738 -0.1511385
vt 0.1093563 -0.1511538
vt 0.1089159 -0.1514257
vt 0.1086704 -0.1518814
vt 0.1086857 -0.1523989
vt 0.1089576 -0.1528393
vt 0.1094134 -0.1530848
vt 0.1099308 -0.1530695
vt 0.1103712 -0.1527975
vt 0.1106167 -0.1523418
vt 0.1106014 -0.1518244
vt 0.09405445 -0.1601856
vt 0.07180338 -0.172539
vt 0.0723242 -0.1734337
vt 0.0481431 0.1229108
vt 0.07108252 0.1118881
vt 0.07151183 0.1128302
vt -0.001725912 0.04383657
vt 0.02306829 0.03809513
vt 0.02328128 0.03910827
vt -0.02123208 -0.05509257
vt 0.003652267 -0.06042977
vt 0.003848742 -0.05941331
vt -0.03926964 -0.1378665
vt -0.01463532 -0.1442592
vt -0.01439571 -0.143252
vt -0.06735604 -0.1775856
vt -0.04377263 -0.1871532
vt -0.04340302 -0.1861861
vt -0.1393463 -0.1231007
vt -0.1237519 -0.1432137
vt -0.1229468 -0.1425628
vt -0.1015405 0.08529828
vt -0.1203079 0.0681081
vt -0.1195932 0.06735905
vt -0.03123246 0.03410695
vt -0.0554051 0.02614455
vt -0.05506127 0.02516804
vt -0.004420685 -0.06062897
vt -0.02934165 -0.0657925
vt -0.02911103 -0.06680177
vt 0.01348014 -0.1432346
vt -0.01160754 -0.1475154
vt -0.01141269 -0.1485322
vt 0.03397013 -0.1869959
vt 0.009006626 -0.1919497
vt 0.009228752 -0.1929609
vt 0.1687668 -0.09681279
vt 0.1677583 -0.09657894
vt 0.166768 -0.09688067
vt 0.1660612 -0.09763715
vt 0.1658273 -0.09864567
vt 0.1661291 -0.099636
vt 0.1668855 -0.1003428
vt 0.167894 -0.1005766
vt 0.1688844 -0.1002749
vt 0.1695912 -0.09951842
vt 0.169825 -0.09850989
vt 0.1695233 -0.09751957
vt -0.08662111 -0.06305581
vt -0.0887217 -0.04558222
vt -0.0897455 -0.04573597
vt -0.03698501 -0.04696608
vt -0.03315977 -0.02978743
vt -0.03417647 -0.02959223
vt 0.0193596 -0.06807407
vt 0.02759866 -0.05252233
vt 0.02666998 -0.05206479
vt 0.06371578 -0.10128
vt 0.07404067 -0.08702745
vt 0.07318476 -0.08644502
vt 0.09379594 -0.1146276
vt 0.1042736 -0.100487
vt 0.103424 -0.09989535
vt 0.1070996 -0.09149533
vt 0.1156216 -0.07609686
vt 0.1147014 -0.0756224
vt 0.0892265 -0.04139999
vt 0.09276708 -0.02416042
vt 0.09174729 -0.02398206
vt 0.03155383 -0.01530373
vt 0.02823002 0.001978952
vt 0.02721956 0.001753609
vt -0.0308432 -0.04244773
vt -0.0388465 -0.02677335
vt -0.03975429 -0.02727106
vt -0.07405088 -0.08526765
vt -0.08376501 -0.07059201
vt -0.08461111 -0.07118858
vt -0.09953383 -0.1076027
vt -0.1088492 -0.09267075
vt -0.1097111 -0.09324431
vt -0.1067441 -0.09606265
vt -0.1136256 -0.07986442
vt -0.1145662 -0.08029708
vt 0.06856637 -0.1266148
vt 0.06755817 -0.1263796
vt 0.06656743 -0.12668
vt 0.06585961 -0.1274355
vt 0.06562437 -0.1284437
vt 0.06592475 -0.1294344
vt 0.06668026 -0.1301422
vt 0.06768845 -0.1303775
vt 0.0686792 -0.1300771
vt 0.06938701 -0.1293216
vt 0.06962225 -0.1283134
vt 0.06932187 -0.1273226
vt 0.1676092 -0.1398007
vt 0.1416092 -0.1712914
vt 0.143447 -0.1727226
vt 0.109279 -0.1261698
vt 0.07710011 -0.1513131
vt 0.07858606 -0.1531069
vt 0.0503634 -0.05098534
vt 0.01675969 -0.07418999
vt 0.01813743 -0.07606824
vt -0.02060577 0.04054349
vt -0.05207645 0.01451924
vt -0.05054142 0.0127672
vt -0.1269557 0.07479498
vt -0.1473112 0.03939273
vt -0.1452595 0.0382897
vt -0.2025615 -0.05906006
vt -0.193091 -0.09878378
vt -0.1908414 -0.09817917
vt -0.1447833 -0.1640132
vt -0.1171675 -0.194097
vt -0.1154972 -0.1924734
vt -0.07799305 -0.1501029
vt -0.04603849 -0.1755306
vt -0.04464064 -0.1736673
vt -0.01596556 -0.07720138
vt 0.01565947 -0.1030378
vt 0.01708115 -0.1011926
vt 0.05622531 0.004777119
vt 0.0834785 -0.02563552
vt 0.08516821 -0.02403214
vt 0.1475327 0.02827831
vt 0.1619341 -0.009935116
vt 0.1640895 -0.00905182
vt 0.2028942 -0.06095781
vt 0.1936664 -0.1007386
vt 0.1959496 -0.1012
vt -0.1938336 -0.1099993
vt -0.1920451 -0.1085069
vt -0.1912424 -0.1063202
vt -0.1916406 -0.1040251
vt -0.193133 -0.1022366
vt -0.1953197 -0.1014339
vt -0.1976148 -0.1018321
vt -0.1994033 -0.1033245
vt -0.200206 -0.1055111
vt -0.1998078 -0.1078062
vt -0.1983154 -0.1095947
vt -0.1961287 -0.1103974
vt 0.03351898 0.1951519
vt 0.07286225 0.1788989
vt 0.0736924 0.1810753
vt -0.0320951 0.07401192
vt 0.009488161 0.06490781
vt 0.009923901 0.06719606
vt -0.05900107 -0.06891949
vt -0.01742053 -0.07803607
vt -0.0169841 -0.07574795
vt -0.0853833 -0.1880302
vt -0.04437842 -0.1994605
vt -0.04381457 -0.1972004
vt -0.127157 -0.2428389
vt -0.08830548 -0.2602347
vt -0.08741209 -0.2580835
vt -0.2232398 -0.1518204
vt -0.1990344 -0.1868369
vt -0.1971553 -0.1854604
vt -0.1430621 0.1314919
vt -0.1732239 0.1014532
vt -0.1715356 0.09984834
vt -0.03348903 0.05861652
vt -0.07366391 0.04454415
vt -0.072834 0.04236763
vt 0.008438451 -0.07894581
vt -0.03322632 -0.08766933
vt -0.03268676 -0.08993535
vt 0.0350571 -0.200072
vt -0.006982686 -0.2067585
vt -0.00655399 -0.2090481
vt 0.06314787 -0.2658487
vt 0.02117038 -0.2729158
vt 0.0216198 -0.2752014
vt 0.1405547 -0.2317162
vt 0.1017479 -0.2492116
vt 0.102763 -0.2513081
vt 0.2448918 -0.1331675
vt 0.2426635 -0.1338464
vt 0.2410733 -0.1355484
vt 0.2405471 -0.1378176
vt 0.241226 -0.1400458
vt 0.2429281 -0.1416361
vt 0.2451972 -0.1421623
vt 0.2474255 -0.1414834
vt 0.2490157 -0.1397813
vt 0.2495419 -0.1375122
vt 0.248863 -0.1352839
vt 0.247161 -0.1336937
vt -0.1081535 0.09277749
vt -0.1109905 0.09078972
vt -0.1099511 0.08839209
vt -0.1070784 0.0903279
vt 0.1392905 0.02605614
vt 0.1383899 0.02940111
vt 0.1363368 0.02785226
vt 0.1371942 0.02449594
vt -0.07634468 0.1039132
vt -0.07858779 0.1012735
vt -0.07685887 0.09923219
vt -0.07469685 0.1019387
vt -0.03896931 -0.00235901
vt -0.03943641 -0.005791472
vt -0.03623026 -0.004479763
vt 0.04027978 -0.002799169
vt 0.04349528 -0.004087783
vt 0.0430035 -0.0006587667
vt 0.1340721 0.02612116
vt 0.1349236 0.02276334
vt 0.1365618 0.02543127
vt 0.1356733 0.02877948
vt -0.08537952 0.08990043
vt -0.08225586 0.0913978
vt -0.08231267 0.09458606
vt -0.08540801 0.09303098
vt -0.03855234 0.0835695
vt -0.03590901 0.08580807
vt -0.03718374 0.0886372
vt -0.03988347 0.08646698
vt -0.03381334 -0.00278206
vt -0.03425027 -0.006218494
vt -0.03105576 -0.004878671
vt 0.1429084 0.03478954
vt 0.1438876 0.03146671
vt 0.1449633 0.0339667
vt 0.1439783 0.03728781
vt -0.07318114 0.0828938
vt -0.07001413 0.08429717
vt -0.07017531 0.08705503
vt -0.07332425 0.08561154
vt -0.03777999 0.08114602
vt -0.0350684 0.08330163
vt -0.0357285 0.08593787
vt -0.03847038 0.08382091
vt -0.03041147 -0.001554573
vt -0.03082674 -0.004993689
vt -0.02764074 -0.00363377
vt 0.142705 0.03970771
vt 0.1437521 0.03640569
vt 0.1448554 0.03886151
vt 0.1437531 0.04214551
vt -0.0667422 0.07832871
vt -0.06356592 0.07971112
vt -0.06425824 0.0823326
vt -0.06742677 0.0809325
vt -0.04912678 0.08992885
vt -0.04644703 0.09212387
vt -0.0465562 0.09477502
vt -0.04928062 0.09263571
vt -0.02810393 -0.002692597
vt -0.02850017 -0.006133956
vt -0.02532174 -0.004756439
vt 0.1390362 0.03944465
vt 0.1401268 0.03615685
vt 0.1407385 0.03850365
vt 0.1395382 0.041753
vt -0.05629842 0.06129351
vt -0.05310082 0.06262591
vt -0.05358435 0.06500896
vt -0.05677952 0.06367073
vt -0.0330921 0.07173528
vt -0.03028973 0.07377084
vt -0.03006553 0.07612202
vt -0.03291998 0.07416014
vt -0.02517584 -0.0069728
vt -0.02554688 -0.01041697
vt -0.02237862 -0.009016223
vt -0.02878875 -0.08504237
vt -0.02619875 -0.08734265
vt -0.02359674 -0.08772234
vt -0.02616178 -0.08539427
vt 0.0152592 -0.01740388
vt 0.01503287 -0.01394726
vt 0.01239793 -0.01419561
vt 0.01264127 -0.01765107
vt -0.009796878 0.05860615
vt -0.01275475 0.05680311
vt -0.01011618 0.05655151
vt -0.007161618 0.05835998
vt -0.03400082 -0.01229927
vt -0.03416445 -0.01575951
vt -0.03108599 -0.01417111
vt 0.03546288 -0.01595708
vt 0.03854848 -0.01753158
vt 0.03836924 -0.01407212
vt 0.04976811 -0.006558817
vt 0.05026254 -0.009987445
vt 0.05284355 -0.0101809
vt 0.05235857 -0.006750921
vt -0.04251288 -0.09000312
vt -0.04487947 -0.08747362
vt -0.04749179 -0.08778081
vt -0.04508678 -0.09027381
vt -0.06337634 0.1020928
vt -0.06074428 0.104345
vt -0.06333081 0.1041059
vt -0.06599954 0.1018974
vt -0.02841873 -0.01261218
vt -0.02855471 -0.01607361
vt -0.02548903 -0.01446066
vt 0.02888158 -0.01023297
vt 0.02918907 -0.01368331
vt 0.03156529 -0.01433281
vt 0.03127626 -0.01088087
vt -0.01074428 -0.0687957
vt -0.01355514 -0.06677137
vt -0.0159078 -0.06758646
vt -0.01307794 -0.06958415
vt -0.07223485 0.1026758
vt -0.06963687 0.1049672
vt -0.07198498 0.1041664
vt -0.07459869 0.101893
vt -0.02372804 -0.01169976
vt -0.02384438 -0.01516191
vt -0.0207879 -0.01353159
vt -0.122182 0.002643277
vt -0.1231654 -0.0006783194
vt -0.1207938 -0.0009650642
vt -0.1197626 0.002341987
vt 0.1166341 0.06765751
vt 0.1156789 0.0709873
vt 0.1133218 0.07078384
vt 0.1142545 0.06744767
vt -0.09054454 0.109102
vt -0.09176429 0.1058598
vt -0.089463 0.1050546
vt -0.08831109 0.1083216
vt -0.06755276 0.01905289
vt -0.06663033 0.01571386
vt -0.06419986 0.01818222
vt 0.06668276 0.01923324
vt 0.06912925 0.01678075
vt 0.07002992 0.02012572
vt 0.1181422 0.0702393
vt 0.1190614 0.0668994
vt 0.1200455 0.06899485
vt 0.1191038 0.07232849
vt -0.1158113 0.06656517
vt -0.1133512 0.06900407
vt -0.1144039 0.07108904
vt -0.1168486 0.06863476
vt 0.03814448 0.107123
vt 0.0414739 0.1080793
vt 0.04190566 0.1103382
vt 0.03856544 0.1094203
vt -0.06627627 0.02004029
vt -0.065338 0.01670568
vt -0.06291927 0.01918557
vt 0.1225234 0.05622688
vt 0.1223306 0.0530289
vt 0.1254839 0.0571198
vt 0.1224834 0.05824287
vt -0.09629293 0.04115296
vt -0.09376954 0.04350819
vt -0.09896644 0.04860274
vt -0.09971161 0.04523238
vt 0.08174665 0.06808502
vt 0.0850146 0.06879891
vt 0.08440037 0.0709468
vt 0.08701644 0.07303134
vt 0.08019982 0.03070577
vt 0.08346264 0.02954215
vt 0.08283894 0.03294965
vt 0.07354312 0.01008515
vt 0.07678345 0.008860276
vt 0.07699038 0.008901895
vt 0.07950526 0.01128421
vt -0.07345634 0.02600034
vt -0.07290743 0.02942068
vt -0.07291042 0.02942126
vt -0.07366365 0.02604003
vt 0.06943319 0.0484916
vt 0.06674898 0.04630185
vt 0.07272805 0.04741344
vt 0.06943618 0.04849216
vt -0.06569199 0.02438435
vt -0.06308649 0.02210151
vt -0.06241225 0.02549937
vt -0.05377837 0.01293481
vt -0.05245034 0.009735531
vt -0.05050637 0.0111845
vt -0.05174967 0.01441765
vt 0.1153097 0.1633046
vt 0.1146131 0.1666979
vt 0.1123247 0.1677205
vt 0.1131216 0.1643493
vt -0.1319292 0.02173408
vt -0.1295086 0.0192561
vt -0.1284303 0.02152608
vt -0.1308559 0.02399919
vt -0.06967915 0.1292429
vt -0.06900722 0.1258446
vt -0.06640016 0.1281257
vt 0.06854393 0.1247872
vt 0.07115735 0.1225135
vt 0.07181977 0.1259136
vt 0.1019999 0.1673331
vt 0.1027717 0.163956
vt 0.1055648 0.1626826
vt 0.1048289 0.1660676
vt -0.04461423 0.01614354
vt -0.04607379 0.01928486
vt -0.04872955 0.01753709
vt -0.04717028 0.01444406
vt -0.131076 0.01910128
vt -0.1334294 0.02164313
vt -0.1345076 0.0187377
vt -0.1322214 0.01613529
vt -0.06393139 0.1299245
vt -0.06323697 0.1265307
vt -0.06064507 0.128829
vt 0.1021599 0.166357
vt 0.102909 0.1629749
vt 0.1062299 0.1616077
vt 0.105543 0.165003
vt -0.05155768 0.01867529
vt -0.05304789 0.0218022
vt -0.05625169 0.01995127
vt -0.05466373 0.01687283
vt -0.1347817 0.01728475
vt -0.1369436 0.01999146
vt -0.1383363 0.0166241
vt -0.1362252 0.01387766
vt -0.05865393 0.1317951
vt -0.05794387 0.1284046
vt -0.05536259 0.1307148
vt 0.1173895 0.1646773
vt 0.1180077 0.1612688
vt 0.1206911 0.1597909
vt 0.1201066 0.1632053
vt -0.05408642 0.02278402
vt -0.05568312 0.02585785
vt -0.05819734 0.02391392
vt -0.05649813 0.02089555
vt -0.1196987 -0.0005807328
vt -0.1223704 0.001624092
vt -0.123078 -0.001383906
vt -0.1204702 -0.003663963
vt -0.05213616 0.1326711
vt -0.051408 0.1292844
vt -0.04883911 0.1316084
vt -0.03678832 0.2005671
vt -0.04007769 0.2016522
vt -0.03990139 0.1992842
vt -0.03663773 0.1981241
vt 0.1146496 0.1736914
vt 0.1122803 0.1762185
vt 0.1114662 0.1740169
vt 0.1138128 0.1714688
vt -0.1194723 0.1693479
vt -0.119967 0.1659193
vt -0.1187883 0.1637736
vt -0.1184741 0.1672234
vt -0.0621587 0.1397574
vt -0.06466322 0.1373642
vt -0.06133838 0.1363918
vt 0.06408317 0.1412946
vt 0.06740551 0.1422754
vt 0.06489489 0.1446622
vt 0.1305045 0.160666
vt 0.1325607 0.1578782
vt 0.1339827 0.1604093
vt 0.1318741 0.1631576
vt -0.0200192 0.2085237
vt -0.01683655 0.2071575
vt -0.01629032 0.2101855
vt -0.01953904 0.2113862
vt -0.1151769 0.1668711
vt -0.1146345 0.1702925
vt -0.1164505 0.1724802
vt -0.1172809 0.1691172
vt -0.05662464 0.129368
vt -0.05911179 0.1269567
vt -0.05578003 0.1260084
vt 0.1036288 0.1756166
vt 0.1061046 0.173194
vt 0.1070037 0.1754005
vt 0.1044935 0.1777874
vt -0.03227201 0.2000841
vt -0.02896768 0.1990452
vt -0.02940368 0.2014527
vt -0.032729 0.2024224
vt -0.133729 0.1628545
vt -0.1330991 0.1662609
vt -0.1338589 0.1684709
vt -0.1346856 0.1651069
vt -0.05469869 0.1219155
vt -0.05717511 0.1194933
vt -0.05383917 0.1185597
vt 0.0634288 0.1338414
vt 0.06594115 0.1314564
vt 0.0649782 0.1310229
vt 0.06485812 0.1344849
vt -0.03593845 0.193072
vt -0.03260583 0.1921267
vt -0.03784922 0.1945689
vt -0.03498115 0.1926261
vt -0.06823765 0.1160778
vt -0.06899683 0.1194577
vt -0.07041942 0.120116
vt -0.07348713 0.1185069
vt 0.07681282 0.1363866
vt 0.07699509 0.1329273
vt 0.07989981 0.1348148
vt -0.1409926 0.1621058
vt -0.1416552 0.1587057
vt -0.1389537 0.1578136
vt -0.1383025 0.161216
vt 0.1089758 0.1654912
vt 0.1081982 0.1688669
vt 0.1054631 0.1671035
vt 0.1066521 0.1638499
vt 0.1419049 0.1219749
vt 0.1394869 0.1244548
vt 0.137023 0.1230568
vt 0.1391168 0.1202976
vt 0.05748425 0.1338123
vt 0.05757099 0.1303493
vt 0.06052669 0.1321559
vt -0.08091454 0.05306724
vt -0.08437341 0.05325765
vt -0.08243815 0.05183555
vt -0.07898124 0.05161257
vt 0.07860875 0.1660838
vt 0.07666639 0.1689521
vt 0.07430119 0.1686475
vt 0.07622797 0.1657687
vt -0.0732059 0.170038
vt -0.07234998 0.1666814
vt -0.06995701 0.1663253
vt -0.07084947 0.1696724
vt -0.08339574 0.1624482
vt -0.08516482 0.1594699
vt -0.08170098 0.159427
vt 0.0797831 0.1605718
vt 0.08324682 0.1606237
vt 0.08147003 0.1635974
vt 0.08405068 0.16778
vt 0.08589857 0.16485
vt 0.08662051 0.1678601
vt 0.08364461 0.1660869
vt -0.08515173 0.1640592
vt -0.08168788 0.1640173
vt -0.08294649 0.1687955
vt -0.0859402 0.1670526
vt 0.07488899 0.1645968
vt 0.07675503 0.1675153
vt 0.07623772 0.1658529
vt 0.0763571 0.1693149
vt 0.08335721 0.1686619
vt 0.08635138 0.170404
vt 0.08334558 0.172126
vt 0.06926471 0.1416787
vt 0.07146536 0.1443515
vt 0.07034935 0.1467857
vt 0.06838792 0.1439328
vt -0.06521691 0.06714688
vt -0.06291784 0.06973743
vt -0.06467248 0.07193249
vt -0.06687047 0.06925566
vt 0.01067294 0.1700666
vt 0.01029142 0.1666241
vt 0.01221236 0.1680969
vt 0.01312573 0.1714378
vt 0.08352159 0.1633994
vt 0.08652724 0.1651216
vt 0.08353294 0.1668635
vt 0.07667109 0.1395343
vt 0.07905433 0.1420483
vt 0.07926702 0.1447819
vt 0.07687138 0.1422797
vt -0.08178946 0.1224908
vt -0.07901067 0.1245591
vt -0.08059646 0.1268174
vt -0.08336467 0.124735
vt 0.05387087 0.1595521
vt 0.05319861 0.1561539
vt 0.05524137 0.1579991
vt 0.0559248 0.1613951
vt 0.08478628 0.1656275
vt 0.0877863 0.1673595
vt 0.08478633 0.1690916
vt -0.04923883 0.1637943
vt -0.05150162 0.1664172
vt -0.05384515 0.1674311
vt -0.0516019 0.1647915
vt -0.08092792 0.1072798
vt -0.07826579 0.1094961
vt -0.08070056 0.1103606
vt -0.08333998 0.1081172
vt 0.0715213 0.1603935
vt 0.07105063 0.1569615
vt 0.0735318 0.1576111
vt 0.07402281 0.1610402
vt 0.08693049 0.1663718
vt 0.08992246 0.1681177
vt 0.0869145 0.1698359
vt 0.037244 0.1989792
vt 0.03442176 0.2009877
vt 0.03181419 0.2010189
vt 0.03460297 0.1989642
vt 0.03459372 0.02012691
vt 0.03722855 0.02237548
vt 0.03457538 0.02240277
vt 0.03198626 0.02010172
vt -0.03805359 0.1338153
vt -0.03827441 0.1303583
vt -0.03563336 0.1303327
vt -0.03540012 0.1337889
vt 0.0081664 0.1335684
vt 0.004840892 0.1325984
vt 0.00734376 0.1302034
vt -0.002686228 0.1307926
vt -0.0002339639 0.1332393
vt -0.003579012 0.1341396
vt 0.03481912 0.1279901
vt 0.0376474 0.1259899
vt 0.03806225 0.1285544
vt 0.03525599 0.1305854
vt 0.04838059 0.1965118
vt 0.05104527 0.1942984
vt 0.05343083 0.1955049
vt 0.0507139 0.1976539
vt -0.06209808 0.1706595
vt -0.06062109 0.173793
vt -0.0629677 0.1749845
vt -0.06448217 0.171869
vt 0.01072834 0.1304732
vt 0.00741415 0.1294651
vt 0.009944247 0.127099
vt 0.02163623 0.1671939
vt 0.02480069 0.1657846
vt 0.02602184 0.1682568
vt 0.02287436 0.1697037
vt 0.05943725 0.169939
vt 0.06181212 0.1674171
vt 0.06387046 0.1693507
vt 0.06144746 0.1718264
vt -0.06278525 0.197868
vt -0.060798 0.2007054
vt -0.06315355 0.2022164
vt -0.06516172 0.1993938
vt 0.01190377 0.1286205
vt 0.008600795 0.1275764
vt 0.01115656 0.125238
vt 0.03577298 0.1373084
vt 0.03859456 0.1352988
vt 0.0403528 0.1367129
vt 0.03756849 0.1387738
vt 0.06633358 0.1295637
vt 0.06806593 0.126564
vt 0.07018229 0.1275757
vt 0.06837272 0.1305295
vt -0.06313817 0.200616
vt -0.06109383 0.2034126
vt -0.06332049 0.2040556
vt -0.06538898 0.2012769
vt 0.0135107 0.1256942
vt 0.01022629 0.124593
vt 0.01282215 0.1222993
vt 0.04107686 0.09550373
vt 0.03794944 0.09699342
vt 0.03983857 0.09541685
vt 0.04295232 0.0938988
vt 0.07383183 0.126915
vt 0.07336445 0.1234827
vt 0.07516125 0.1217855
vt 0.07561501 0.1252197
vt -0.06889109 0.1364058
vt -0.07193016 0.1380683
vt -0.07385312 0.1365206
vt -0.07081575 0.134855
vt -0.06378745 0.1345777
vt -0.06364655 0.1380389
vt -0.06671453 0.1364304
vt 0.06889125 0.1354103
vt 0.06582744 0.1370268
vt 0.06595941 0.1335652
vt 0.07335784 0.1227226
vt 0.07382452 0.1261551
vt 0.07182997 0.1277406
vt 0.07134943 0.12431
vt 0.02272801 0.05028874
vt 0.02564905 0.0484266
vt 0.02389611 0.05029546
vt 0.02094415 0.05210818
vt -0.0722684 0.1380725
vt -0.06922334 0.136421
vt -0.0671028 0.1378553
vt -0.07014666 0.1395091
vt -0.06104638 0.1357218
vt -0.06087904 0.1391819
vt -0.06395921 0.1375967
vt 0.06784432 0.1295479
vt 0.0680455 0.1330059
vt 0.06543479 0.1346569
vt 0.06524875 0.1311981
vt 0.01011562 0.02872786
vt 0.01285216 0.02660386
vt 0.01072246 0.02883109
vt 0.008018303 0.03099617
vt -0.06761997 0.1392791
vt -0.06462409 0.1375401
vt -0.06194896 0.1390585
vt -0.06494164 0.1408031
vt -0.05847501 0.1380011
vt -0.05831452 0.1414614
vt -0.06139154 0.1398702
vt 0.06287511 0.1342336
vt 0.06292604 0.1376974
vt 0.06405322 0.1370748
vt 0.06114838 0.1351874
vt -0.02184574 0.002214054
vt -0.02005619 -0.0007520127
vt -0.02249702 0.004299957
vt -0.02128556 0.001054593
vt -0.06389023 0.1407726
vt -0.0609187 0.1389921
vt -0.05916728 0.1398998
vt -0.05890873 0.1433542
vt 0.06313656 0.1365809
vt 0.06609597 0.1383814
vt 0.06305695 0.1400441
vt 0.04486827 0.1316451
vt 0.04723369 0.1341741
vt 0.04475484 0.1352532
vt 0.04232784 0.1327832
vt -0.009656576 0.0004161499
vt -0.01131874 0.00345449
vt -0.0139733 0.004715652
vt -0.01187787 0.001958218
vt -0.02601597 0.1550721
vt -0.02710727 0.1517872
vt -0.02441053 0.1524703
vt -0.02314552 0.1556922
vt 0.05563299 0.1391884
vt 0.05845244 0.1412011
vt 0.0552997 0.1426365
vt 0.0287908 0.1323824
vt 0.03075147 0.1352381
vt 0.02853782 0.1360564
vt 0.02660959 0.1331788
vt -0.02384606 -0.006232685
vt -0.02549009 -0.00318358
vt -0.02750078 -0.002003962
vt -0.02590495 -0.005078573
vt -0.01473203 0.1565627
vt -0.01615565 0.1534046
vt -0.01389532 0.1539374
vt -0.01246145 0.1570908
vt 0.05513997 0.1394077
vt 0.05798738 0.1413806
vt 0.05485509 0.14286
vt -0.02218739 0.1231654
vt -0.02228899 0.1266278
vt -0.0250324 0.1261633
vt -0.02482914 0.1227054
vt -0.002405372 0.01000617
vt -0.004834351 0.01247594
vt -0.007455295 0.0121334
vt -0.005149989 0.00954782
vt 0.01396988 0.1521163
vt 0.01219264 0.1491429
vt 0.01486789 0.1489567
vt 0.01660805 0.151952
vt 0.05644553 0.1391684
vt 0.05935419 0.1410498
vt 0.05627049 0.1426281
vt -0.08859642 0.139844
vt -0.08704109 0.1367488
vt -0.08431368 0.1374208
vt -0.08585398 0.1405236
vt 0.09900168 0.07789928
vt 0.1024581 0.07766859
vt 0.09996973 0.07895587
vt 0.09651463 0.07920527
vt 0.08566922 0.1291524
vt 0.08388989 0.1321243
vt 0.08113246 0.1327398
vt 0.08294021 0.129785
vt -0.101453 0.1288281
vt -0.09799108 0.1289516
vt -0.09982898 0.1318879
vt 0.09711456 0.1327258
vt 0.09528174 0.1297863
vt 0.09874384 0.1296687
vt 0.1025268 0.09807344
vt 0.09907116 0.09831016
vt 0.1012231 0.09655677
vt 0.1046829 0.09639179
vt -0.08609609 0.137383
vt -0.08762904 0.1404894
vt -0.09012029 0.1392566
vt -0.08858441 0.1361516
vt 0.07474987 0.1241919
vt 0.0765226 0.1212163
vt 0.07899464 0.1200477
vt 0.07728901 0.1230623
vt -0.1043995 0.12681
vt -0.1009387 0.1269619
vt -0.1028006 0.1298831
vt 0.1048384 0.1180905
vt 0.1013796 0.1182789
vt 0.1033893 0.1167625
vt 0.1068492 0.1165956
vt -0.09740699 0.1298441
vt -0.09916382 0.1328297
vt -0.1012686 0.131451
vt -0.09951326 0.1284645
vt 0.09345563 0.1310651
vt 0.09517461 0.1280577
vt 0.0972966 0.1267252
vt 0.09559634 0.1297432
vt -0.1067926 0.1249838
vt -0.1033326 0.1251516
vt -0.1052079 0.1280642
vt 0.1069219 0.1211651
vt 0.1034623 0.1213415
vt 0.106783 0.119069
vt 0.1053659 0.12223
vt -0.1018712 0.1264726
vt -0.1036962 0.129417
vt -0.1071869 0.1271592
vt -0.10525 0.1242873
vt 0.1013074 0.1304917
vt 0.1029721 0.1274538
vt 0.101373 0.1284528
vt 0.1048333 0.1282892
vt 0.101654 0.1291447
vt 0.1032368 0.1260633
vt 0.105114 0.1289747
vt 0.07876872 0.07443549
vt 0.07878901 0.07097484
vt 0.08078565 0.06886435
vt 0.08036917 0.07229991
vt -0.1039156 0.1244143
vt -0.1059656 0.1272066
vt -0.1081733 0.1252697
vt -0.1061009 0.1224939
vt 0.105906 0.09690424
vt 0.1024486 0.0969804
vt 0.104297 0.09505985
vt 0.1077255 0.09460767
vt 0.1072797 0.1241234
vt 0.108736 0.1209803
vt 0.1107298 0.1238131
vt 0.086423 0.08271195
vt 0.08697324 0.07929184
vt 0.08864038 0.07739011
vt 0.08806574 0.0808062
vt -0.1076993 0.1209726
vt -0.1097807 0.1237416
vt -0.111651 0.1220153
vt -0.1095566 0.1192562
vt 0.1099432 0.1069606
vt 0.1064935 0.1072743
vt 0.1082215 0.1054458
vt 0.111667 0.1050882
vt 0.1093761 0.1220481
vt 0.110817 0.1188979
vt 0.1128247 0.1217208
vt -0.04630129 0.1620161
vt -0.04610212 0.1585578
vt -0.04329211 0.1584987
vt -0.04351461 0.1619556
vt 0.04488209 0.1402247
vt 0.04735983 0.1426456
vt 0.04456749 0.1425464
vt 0.04207261 0.1401432
vt 0.04975422 0.08674725
vt 0.04738769 0.08927698
vt 0.04460143 0.08919831
vt 0.0469614 0.08666246
vt -0.06752543 0.1599122
vt -0.06444769 0.1583224
vt -0.06460973 0.1617827
vt 0.06230292 0.1614507
vt 0.06214044 0.1579904
vt 0.06521837 0.1595799
vt 0.01886057 0.1365715
vt 0.01752362 0.1333758
vt 0.01919221 0.1358022
vt 0.02048993 0.139014
vt -0.06040231 0.1581605
vt -0.0605864 0.1616197
vt -0.06327319 0.1628271
vt -0.06308812 0.159368
vt 0.06284475 0.1535804
vt 0.06573044 0.1516641
vt 0.06839312 0.1529011
vt 0.0655136 0.1548267
vt -0.07027376 0.1611479
vt -0.06719685 0.1595565
vt -0.06735709 0.1630169
vt 0.04765578 0.1415815
vt 0.04528391 0.1390569
vt 0.04747631 0.1408357
vt 0.04977736 0.143425
vt -0.06545416 0.159475
vt -0.06562914 0.1629346
vt -0.06821395 0.1640616
vt -0.0680429 0.1606017
vt 0.06674086 0.1598443
vt 0.06964876 0.1579622
vt 0.07221945 0.159098
vt 0.06931745 0.1609893
vt -0.07306263 0.1624394
vt -0.06998734 0.1608448
vt -0.07014407 0.1643054
vt 0.05553807 0.1424028
vt 0.05302128 0.1400231
vt 0.05602041 0.1420849
vt 0.05840128 0.1446005
vt -0.06838031 0.1608084
vt -0.06854985 0.1642683
vt -0.07190756 0.1656557
vt -0.07174548 0.1621954
vt 0.06973323 0.1610068
vt 0.07264504 0.1591324
vt 0.07597317 0.1605277
vt 0.07307667 0.1624257
vt -0.07659949 0.1640328
vt -0.07352682 0.1624332
vt -0.07367785 0.165894
vt 0.07423718 0.1578915
vt 0.07124509 0.1561458
vt 0.07612193 0.1578838
vt 0.07270018 0.1573438
vt -0.07314079 0.1623407
vt -0.07329756 0.1658012
vt -0.07591436 0.1666471
vt -0.07806708 0.1639331
vt 0.07350136 0.164257
vt 0.07641534 0.1623838
vt 0.07486382 0.1618787
vt 0.07611638 0.1651084
vt 0.07387899 0.1621606
vt 0.07730739 0.1626567
vt 0.07516355 0.1653777
vt 0.06218554 0.08704716
vt 0.06533515 0.08848677
vt 0.06700905 0.0917246
vt 0.06427291 0.08960186
vt -0.07270278 0.1482655
vt -0.07077431 0.1511406
vt -0.0741801 0.1519742
vt -0.07622914 0.1491837
vt 0.07029711 0.1693449
vt 0.06934352 0.1660231
vt 0.0725159 0.1669013
vt 0.07370454 0.1701464
vt 0.07808904 0.1643809
vt 0.08151331 0.1649047
vt 0.07934757 0.1676083
vt -0.04494184 0.0937613
vt -0.04702141 0.09653173
vt -0.04958389 0.0973879
vt -0.04753358 0.09459572
vt -0.06614722 0.1299395
vt -0.06434876 0.1329001
vt -0.06709258 0.133089
vt -0.06884396 0.1301004
vt 0.06218092 0.1743403
vt 0.06116014 0.17103
vt 0.06387772 0.1711971
vt 0.06492681 0.1744984
vt 0.08032648 0.1644965
vt 0.08375066 0.1650208
vt 0.08158442 0.1677241
vt 0.07393094 0.07415874
vt 0.07144886 0.0717425
vt 0.07394782 0.07161799
vt 0.07645491 0.07400827
vt 0.07263403 0.02105289
vt 0.07536601 0.01892315
vt 0.07785488 0.01847647
vt 0.07508705 0.0205594
vt -0.07492208 0.06611717
vt -0.07442309 0.06954514
vt -0.07694585 0.06937262
vt -0.07744492 0.06594466
vt -0.0644999 0.0802302
vt -0.06109775 0.08088239
vt -0.06336363 0.08350264
vt 0.06671189 0.08315502
vt 0.06442015 0.08055735
vt 0.06781568 0.07987148
vt 0.06989618 0.0804496
vt 0.06752405 0.07792512
vt 0.07326727 0.0773159
vt 0.07147753 0.08028185
vt 0.07092409 0.05970301
vt 0.07419335 0.05855765
vt 0.07314106 0.0587516
vt 0.07660384 0.05865617
vt -0.07126301 0.07715374
vt -0.07029255 0.08047913
vt -0.07187313 0.08030434
vt -0.07019947 0.07727136
vt -0.07451013 0.07779698
vt -0.07619284 0.07476903
vt -0.07272921 0.07482573
vt 0.06514135 0.08291812
vt 0.06706338 0.08003988
vt 0.07023637 0.07976183
vt 0.06826649 0.08260754
vt 0.07317434 0.0682352
vt 0.06972724 0.06799334
vt 0.07281774 0.06757767
vt 0.07627289 0.06752346
vt -0.06816738 0.07898655
vt -0.06976078 0.08205949
vt -0.07287203 0.08162782
vt -0.07126339 0.07856284
vt -0.0718198 0.08223842
vt -0.07370274 0.07933076
vt -0.07024316 0.0791539
vt 0.06732397 0.08384171
vt 0.06931292 0.0810055
vt 0.0676116 0.08124645
vt 0.07030991 0.08341881
vt 0.07274501 0.07831003
vt 0.06928816 0.07808603
vt 0.07420281 0.07717584
vt 0.07105544 0.07862293
vt -0.06661579 0.08195902
vt -0.06808192 0.08509757
vt -0.0710652 0.08465642
vt -0.07156024 0.08122787
vt 0.0663126 0.0872172
vt 0.06367959 0.08496614
vt 0.06694557 0.08381142
vt 0.08281869 0.07064439
vt 0.08006985 0.06854794
vt 0.08283949 0.06773223
vt 0.08576804 0.06956933
vt 0.0438455 -0.03918193
vt 0.04304612 -0.04254947
vt 0.04469056 -0.04538133
vt 0.04477329 -0.04192119
vt -0.08280129 0.05933054
vt -0.08332898 0.06275287
vt -0.08624704 0.0615787
vt -0.08585314 0.0581384
vt 0.07968803 0.07935265
vt 0.07685232 0.077363
vt 0.07999326 0.07590201
vt 0.08589403 0.07174212
vt 0.0829654 0.06989221
vt 0.08602031 0.06881957
vt 0.08896422 0.07064503
vt 0.0607506 -0.02441849
vt 0.06144562 -0.02781194
vt 0.06337337 -0.03047707
vt 0.06254447 -0.0271138
vt -0.08675328 0.06326814
vt -0.0869821 0.06672445
vt -0.0900165 0.06553216
vt -0.08981807 0.06207397
vt 0.08409855 0.0772128
vt 0.08123285 0.07526658
vt 0.08435117 0.0737579
vt 0.08998524 0.06899951
vt 0.08707814 0.06711583
vt 0.08943478 0.0666514
vt 0.09236076 0.06850563
vt 0.07892562 0.0007146344
vt 0.08070663 -0.002256516
vt 0.0829366 -0.00321301
vt 0.08111922 -0.0002639655
vt -0.08853643 0.05806893
vt -0.08891561 0.06151222
vt -0.09128894 0.06100747
vt -0.09090985 0.05756416
vt 0.08686285 0.07655457
vt 0.08398418 0.07462759
vt 0.08709233 0.07309807
vt 0.09206992 0.06910682
vt 0.08917353 0.06720683
vt 0.09118496 0.06592584
vt 0.09411398 0.06777512
vt -0.01764048 -0.03975191
vt -0.01971996 -0.04252243
vt -0.01959159 -0.0449198
vt -0.01753216 -0.04213434
vt -0.08177067 0.05090668
vt -0.08249047 0.05429511
vt -0.08454411 0.05297808
vt -0.08378367 0.04959853
vt 0.08913353 0.07531185
vt 0.08624218 0.07340395
vt 0.08934016 0.07185391
vt 0.03756817 0.02506444
vt 0.0341274 0.0246654
vt 0.03528232 0.0224572
vt 0.03873838 0.02268919
vt 0.03683171 0.0110767
vt 0.03411882 0.008922625
vt 0.03449648 0.006288873
vt 0.03707979 0.00859676
vt -0.05826104 0.03919538
vt -0.06090487 0.04143372
vt -0.06224404 0.03914907
vt -0.05960844 0.03690105
vt -0.02814252 0.06395204
vt -0.02596445 0.06664576
vt -0.0293863 0.06718516
vt 0.03490451 0.06405484
vt 0.03145635 0.06372292
vt 0.03346789 0.06090268
vt 0.04042273 0.003911775
vt 0.0429543 0.006276318
vt 0.0426842 0.008872883
vt 0.04020175 0.006456831
vt 0.03331671 0.02696913
vt 0.03675961 0.02735173
vt 0.03522101 0.02944532
vt 0.03177655 0.029077
vt -0.05951544 0.0433428
vt -0.05693701 0.04102952
vt -0.05544775 0.0431051
vt -0.05799674 0.0454508
vt -0.02727921 0.06446216
vt -0.02512373 0.06717397
vt -0.02854996 0.06768475
vt 0.04408405 0.004993816
vt 0.04640462 0.007565724
vt 0.0466475 0.00992056
vt 0.04427085 0.007400387
vt 0.03010674 0.04448446
vt 0.03355221 0.04484292
vt 0.03192201 0.04659126
vt 0.02847966 0.04620401
vt -0.05427282 0.04975342
vt -0.05188351 0.04724524
vt -0.05049429 0.04921919
vt -0.05290078 0.05171089
vt -0.02455486 0.06608542
vt -0.02235725 0.06876321
vt -0.02577508 0.0693275
vt 0.0409362 0.008212408
vt 0.04345854 0.01058681
vt 0.04378731 0.01298071
vt 0.04124581 0.01062682
vt 0.02821507 0.0446195
vt 0.03165738 0.04500715
vt 0.03009755 0.04688962
vt 0.02665921 0.04646825
vt -0.05386195 0.05073147
vt -0.0514147 0.04827975
vt -0.05011722 0.0503393
vt -0.05255676 0.0527987
vt -0.02199707 0.06757007
vt -0.01976109 0.0702159
vt -0.02317044 0.07082939
vt 0.04305542 0.009732695
vt 0.04551916 0.01216786
vt 0.04585174 0.01473043
vt 0.04340127 0.01228192
vt 0.02601366 0.04714648
vt 0.02945189 0.04756849
vt 0.0277146 0.04953191
vt 0.02428225 0.04906458
vt -0.05133349 0.05392566
vt -0.0489438 0.05141802
vt -0.04750682 0.05355158
vt -0.04985975 0.05609376
vt -0.01916456 0.06904031
vt -0.01688768 0.07165103
vt -0.02028706 0.07231751
vt 0.04762992 0.01164542
vt 0.04983136 0.01432004
vt 0.05020041 0.01667585
vt 0.04796171 0.01403234
vt 0.02244408 0.05484229
vt 0.02587466 0.05532105
vt 0.02411577 0.05700781
vt 0.02069512 0.0564626
vt -0.0458376 0.05934396
vt -0.04364154 0.05666501
vt -0.0421719 0.05857476
vt -0.04434606 0.06127153
vt -0.01511531 0.07071359
vt -0.01275794 0.07325186
vt -0.01613482 0.07402427
vt 0.02419668 -0.02649187
vt 0.02073852 -0.02628918
vt 0.02290003 -0.0273796
vt 0.02635767 -0.02759113
vt 0.04702508 0.04988898
vt 0.04723164 0.04643106
vt 0.04955523 0.04572136
vt 0.04933951 0.04917872
vt -0.04353059 0.05216948
vt -0.0460503 0.05454667
vt -0.04842069 0.05403728
vt -0.04590521 0.05165563
vt -0.02608712 0.0632404
vt -0.02445436 0.06629558
vt -0.0279166 0.066182
vt 0.03031268 0.0663128
vt 0.02685072 0.06643436
vt 0.02847643 0.06337543
vt 0.03158218 0.06080635
vt 0.03021943 0.06399114
vt 0.03148606 0.06389274
vt 0.02964785 0.0609566
vt 0.01984394 -0.03300337
vt 0.02329824 -0.03326365
vt 0.01775444 -0.03230584
vt 0.02109583 -0.03321966
vt -0.03319594 0.06361564
vt -0.03115054 0.06081986
vt -0.02921521 0.06095686
vt -0.02758404 0.06401288
vt 0.03425724 0.05850051
vt 0.03631933 0.06128399
vt 0.03287772 0.06167807
vt -0.01489353 0.06599952
vt -0.01538667 0.06942815
vt -0.01747904 0.06834774
vt -0.0170372 0.06491213
vt 0.02845826 -0.01188978
vt 0.0250245 -0.0114337
vt 0.02293639 -0.01303461
vt 0.0264003 -0.01303439
vt 0.005862634 0.05860237
vt 0.00337623 0.05619413
vt 0.005653598 0.05543619
vt 0.008312798 0.05765215
vt 0.02457605 0.06257569
vt 0.0262718 0.06559636
vt 0.02280795 0.06555457
vt -0.01283584 0.06590082
vt -0.01304726 0.06935828
vt -0.01543363 0.06824379
vt -0.0151824 0.06478898
vt 0.02686781 -0.01406303
vt 0.02340386 -0.01409081
vt 0.0210783 -0.01515571
vt 0.02453957 -0.01529474
vt 0.002000847 0.06350024
vt -0.000550554 0.06115741
vt 0.001950315 0.06045891
vt 0.004470449 0.06283534
vt 0.02542542 0.06159328
vt 0.02726892 0.0645261
vt 0.02380726 0.06465621
vt -0.0193399 0.06356968
vt -0.01982719 0.06699931
vt -0.02208907 0.06592711
vt -0.02158339 0.06250014
vt 0.02342223 -0.01957255
vt 0.0199643 -0.01936638
vt 0.01780907 -0.0205043
vt 0.0212578 -0.02082988
vt 0.007673026 0.05984738
vt 0.005096528 0.05753214
vt 0.007492674 0.05687295
vt 0.01003061 0.0592304
vt 0.02560754 0.06112748
vt 0.02755254 0.06399401
vt 0.02409755 0.06424516
vt 0.03617836 0.008214919
vt 0.03388754 0.005617343
vt 0.03617235 0.00456565
vt 0.03848235 0.007146178
vt -0.02717991 -0.01044783
vt -0.03059083 -0.0110441
vt -0.03280064 -0.01235384
vt -0.02942626 -0.01157698
vt -0.03979642 0.006752461
vt -0.03892434 0.0101044
vt -0.04118982 0.008955935
vt -0.04210063 0.00561431
vt -0.03322432 0.008749461
vt -0.02981034 0.009336602
vt -0.03202581 0.01199963
vt 0.03628954 0.01011179
vt 0.03402633 0.007489213
vt 0.03742915 0.006840503
vt 0.03783298 0.008377491
vt 0.03553518 0.00578517
vt 0.03995553 0.003599642
vt 0.04062034 0.006999351
vt -0.03255315 -0.0001225641
vt -0.03595832 -0.0007588058
vt -0.03439118 8.553332E-06
vt -0.03698185 -0.002291102
vt -0.03988466 0.006485739
vt -0.03883922 0.009788321
vt -0.04161184 0.00838076
vt -0.03832876 0.00727562
vt -0.0423147 0.006104957
vt -0.04160329 0.002714693
vt -0.03902294 0.005025927
vt 0.02938915 0.01175936
vt 0.0289899 0.008318598
vt 0.03166004 0.007228035
vt 0.0320231 0.0106728
vt -0.01817834 -0.02101788
vt -0.01610127 -0.01824942
vt -0.01841282 -0.01967573
vt -0.02082353 -0.02215908
vt -0.03424866 0.01539708
vt -0.03742174 0.01677236
vt -0.03991043 0.01539892
vt -0.03667362 0.01418119
vt -0.04160366 0.007033228
vt -0.04098309 0.003625165
vt -0.03834191 0.005866625
vt 0.03926428 0.008221464
vt 0.03871235 0.004801617
vt 0.03776044 0.005430619
vt 0.04068995 0.007279402
vt -0.02644618 -0.01393172
vt -0.02389485 -0.0115885
vt -0.02858371 -0.01487821
vt -0.02551219 -0.01327643
vt -0.03748273 0.008405657
vt -0.04073334 0.009602952
vt -0.0421446 0.008639437
vt -0.04221318 0.005176016
vt 0.03924514 0.009897133
vt 0.03634114 0.008008534
vt 0.03942871 0.0064379
vt 0.04506472 0.0009243428
vt 0.04211453 -0.000887719
vt 0.04409923 -0.002404699
vt 0.04709151 -0.0006630178
vt -0.01192803 -0.0326331
vt -0.01465424 -0.03476856
vt -0.01552843 -0.03734022
vt -0.01317768 -0.03479732
vt -0.04783793 -0.001626635
vt -0.04826871 0.001807403
vt -0.0502341 0.0001473417
vt -0.04997128 -0.003303618
vt 0.04488837 0.004710757
vt 0.04191794 0.002928486
vt 0.04494665 0.001247145
vt 0.0484199 -0.001200843
vt 0.04543573 -0.002959349
vt 0.04754929 -0.004919131
vt 0.05055144 -0.003191498
vt -0.02410671 -0.026907
vt -0.02686649 -0.02900054
vt -0.02826342 -0.03156142
vt -0.02555868 -0.02939724
vt -0.0499424 -0.003542081
vt -0.05022135 -8.922832E-05
vt -0.05233334 -0.002101196
vt -0.05205477 -0.005554079
vt 0.04772339 0.002573107
vt 0.04474018 0.0008122884
vt 0.0477567 -0.0008908341
vt 0.01714556 0.01477319
vt 0.01777205 0.01136623
vt 0.02043966 0.01084876
vt 0.01984357 0.01426118
vt -0.04921482 0.08094534
vt -0.04824128 0.08426984
vt -0.05066742 0.08321462
vt -0.05173033 0.07991762
vt 0.00846811 -0.06293485
vt 0.006541719 -0.06005604
vt 0.003945149 -0.06094927
vt 0.005957547 -0.06376861
vt -0.07231577 0.009071877
vt -0.06930766 0.007353959
vt -0.06932395 0.01081802
vt 0.06535256 0.01009915
vt 0.06530908 0.006635317
vt 0.06833058 0.008329581
vt -0.09687094 0.01517704
vt -0.0949223 0.01231343
vt -0.09401985 0.01517562
vt -0.09585472 0.01811342
vt 0.0300078 0.01264262
vt 0.02933676 0.01604085
vt 0.02668648 0.0176865
vt 0.02752247 0.01432504
vt 0.02923301 -0.04783297
vt 0.03166496 -0.05029986
vt 0.03367799 -0.04793232
vt 0.03125481 -0.0454568
vt -0.07159001 0.007118215
vt -0.06857127 0.005419036
vt -0.0686091 0.008882927
vt -0.09526691 0.005642562
vt -0.09304389 0.002986378
vt -0.09254641 0.005289221
vt -0.09468241 0.008015878
vt 0.03208728 0.01386151
vt 0.03123352 0.01721866
vt 0.02925958 0.01862291
vt 0.03021586 0.01529351
vt 0.03268436 -0.04392219
vt 0.03513648 -0.04636901
vt 0.03655472 -0.04437765
vt 0.03408674 -0.04194684
vt -0.07005847 0.006016269
vt -0.06702369 0.004345911
vt -0.0670945 0.007809286
vt -0.09511838 0.0118448
vt -0.09313504 0.009004714
vt -0.09207498 0.01142873
vt -0.09402898 0.01428909
vt 0.04608297 0.01970275
vt 0.04507433 0.02301673
vt 0.04272263 0.02435506
vt 0.04381698 0.02106838
vt 0.02134071 -0.05199624
vt 0.02353494 -0.05467673
vt 0.02518474 -0.05256972
vt 0.0230142 -0.04986999
vt -0.07050258 0.006135936
vt -0.06746734 0.0044664
vt -0.0675391 0.007929761
vt -0.09329222 0.02420221
vt -0.09168953 0.02113123
vt -0.08992884 0.02310409
vt -0.09148052 0.02620116
vt 0.06015917 0.02656432
vt 0.0590453 0.02984446
vt 0.05644838 0.03080902
vt 0.05772053 0.02758696
vt -0.003901665 -0.06170323
vt -0.002440429 -0.06484393
vt -0.0004537988 -0.06301884
vt -0.001845665 -0.05984679
vt -0.07079561 0.004752746
vt -0.06776219 0.003079896
vt -0.06783016 0.006543331
vt -0.07059186 0.1080441
vt -0.06757403 0.1063433
vt -0.06553175 0.107564
vt -0.06850374 0.1093437
vt 0.02662027 -0.05863388
vt 0.02749899 -0.06198468
vt 0.02960419 -0.06088628
vt 0.02873025 -0.05753423
vt 0.01639442 0.04464108
vt 0.01823311 0.04757686
vt 0.01587707 0.04828252
vt 0.01411353 0.045301
vt -0.1111051 0.02305911
vt -0.108535 0.02538173
vt -0.1118315 0.0264462
vt 0.111607 0.02870878
vt 0.1083225 0.0276079
vt 0.1109181 0.02531387
vt 0.0594827 -0.04441523
vt 0.05786688 -0.04135106
vt 0.05636508 -0.04345816
vt 0.05799296 -0.04651593
vt -0.08517361 0.08925112
vt -0.08841954 0.09046101
vt -0.09031975 0.08858817
vt -0.08704359 0.08746275
vt 0.02652047 0.04045694
vt 0.0246967 0.03751192
vt 0.02686707 0.03612589
vt 0.02876901 0.03902104
vt -0.1114952 0.01982882
vt -0.1089524 0.02218136
vt -0.1122612 0.02320717
vt 0.06560279 -0.04021799
vt 0.06380598 -0.03725632
vt 0.06272079 -0.03961046
vt 0.06452572 -0.04256718
vt -0.09092607 0.079882
vt -0.0942349 0.08090739
vt -0.09607051 0.07900499
vt -0.09274498 0.07803511
vt 0.03595819 0.0323844
vt 0.03408038 0.02947349
vt 0.03610059 0.02786194
vt 0.03802815 0.03074015
vt -0.1122852 0.01718376
vt -0.1097626 0.01955787
vt -0.11308 0.02055547
vt 0.07172769 -0.03596208
vt 0.06976779 -0.03310574
vt 0.06925885 -0.0354642
vt 0.07127716 -0.03827957
vt -0.09624424 0.06799828
vt -0.09959026 0.06889494
vt -0.1012627 0.06710839
vt -0.09790669 0.06624971
vt 0.04873941 0.02161946
vt 0.04686686 0.01870538
vt 0.04853536 0.01703559
vt 0.05048137 0.01990114
vt -0.1135584 0.01397874
vt -0.111042 0.01635948
vt -0.114362 0.01734835
vt 0.04210884 0.038733
vt 0.03868337 0.03924608
vt 0.0372588 0.03722128
vt 0.04064864 0.03650981
vt 0.01941173 0.05102005
vt 0.01598062 0.05149644
vt 0.01523694 0.04906821
vt 0.01867631 0.04865559
vt -0.04925158 0.0253825
vt -0.05263893 0.02465746
vt -0.05069876 0.02283725
vt -0.04734506 0.02370473
vt 0.01323969 -0.04322862
vt 0.01019001 -0.04487161
vt 0.01313772 -0.04669122
vt -0.002539309 -0.04507082
vt 3.093613E-06 -0.0427179
vt -0.003305789 -0.04169258
vt 0.01511205 0.04884719
vt 0.01854868 0.04841175
vt 0.01954581 0.05134067
vt 0.01610951 0.05177866
vt 0.03719792 0.03950331
vt 0.04063543 0.0390769
vt 0.04197283 0.04204234
vt 0.03851864 0.04230096
vt -0.05223228 0.02372372
vt -0.04884185 0.02443427
vt -0.05094107 0.0267106
vt -0.05436443 0.02618096
vt 0.02313817 -0.04302492
vt 0.02046175 -0.0452242
vt 0.02370458 -0.0464424
vt 0.0160559 0.05169999
vt 0.0194925 0.0512643
vt 0.02102495 0.05377866
vt 0.01758764 0.05420873
vt 0.03797369 0.04490722
vt 0.04143015 0.04468091
vt 0.04226523 0.0476111
vt 0.03880349 0.04773213
vt -0.05379787 0.02216797
vt -0.05037504 0.02270101
vt -0.05255282 0.02467514
vt -0.0559943 0.02427999
vt 0.03378791 -0.03956406
vt 0.03167313 -0.04230773
vt 0.03510661 -0.04276734
vt 0.01595028 0.04856135
vt 0.01939444 0.04819018
vt 0.02123211 0.0501033
vt 0.01778544 0.05045032
vt 0.03753345 0.04910098
vt 0.0409971 0.04905929
vt 0.04092308 0.05179121
vt 0.0374594 0.05175243
vt -0.05544754 0.01492588
vt -0.05201029 0.01535526
vt -0.0537823 0.01730335
vt -0.05723256 0.01699544
vt 0.04532208 -0.03040789
vt 0.04410759 -0.03365212
vt 0.04752442 -0.03308178
vt 0.03512251 -0.04253678
vt 0.03358085 -0.04563891
vt 0.03536751 -0.04834644
vt 0.03695935 -0.04526975
vt 0.04302274 -0.04502346
vt 0.04054295 -0.04744219
vt 0.04349296 -0.04856659
vt 0.04603883 -0.04621751
vt -0.04457883 -0.03965124
vt -0.04539258 -0.03628435
vt -0.04850762 -0.03735106
vt -0.04756213 -0.04068336
vt 0.01593873 -0.02613614
vt 0.01863057 -0.02395578
vt 0.0153964 -0.02271475
vt -0.01713929 -0.02001256
vt -0.02037336 -0.02125387
vt -0.01768132 -0.023434
vt 0.04129678 -0.04617374
vt 0.0437217 -0.04369992
vt 0.04099638 -0.04358625
vt 0.03857055 -0.04605917
vt 0.04548556 -0.006392562
vt 0.04391681 -0.003304144
vt 0.04113315 -0.003035036
vt 0.04277539 -0.006085008
vt -0.04268266 -0.03239409
vt -0.04212783 -0.03581329
vt -0.03940174 -0.03570043
vt -0.03988882 -0.03227092
vt 0.01496718 -0.02818
vt 0.01767534 -0.02601994
vt 0.01445059 -0.02475464
vt 0.04072947 -0.040993
vt 0.04292585 -0.03831421
vt 0.04011709 -0.03879755
vt 0.03791479 -0.04147147
vt 0.03752775 -0.0003137596
vt 0.0351139 0.002170673
vt 0.03230146 0.001428656
vt 0.03476368 -0.001007844
vt -0.0390554 -0.03204469
vt -0.03862246 -0.03548149
vt -0.0357924 -0.03585722
vt -0.03617027 -0.03241394
vt 0.01381461 -0.03035701
vt 0.01653719 -0.02821515
vt 0.01332099 -0.02692826
vt 0.03908835 -0.03692016
vt 0.04107005 -0.03407888
vt 0.03858102 -0.03496562
vt 0.03658636 -0.0377978
vt 0.03129159 -0.00244075
vt 0.02856059 -0.0003097643
vt 0.02611401 -0.001398918
vt 0.02886997 -0.003497517
vt -0.03512205 -0.03207867
vt -0.03480428 -0.03552812
vt -0.03223619 -0.03618752
vt -0.03252577 -0.03273559
vt 0.01254011 -0.0321132
vt 0.01527273 -0.02998417
vt 0.01206264 -0.02868216
vt 0.03732397 -0.0254663
vt 0.03860617 -0.02224824
vt 0.03598949 -0.02420643
vt 0.03470283 -0.02742272
vt 0.02623776 -0.006815699
vt 0.02333361 -0.004927452
vt 0.02061453 -0.006785418
vt 0.02353341 -0.008650824
vt -0.03206342 -0.03278393
vt -0.03179847 -0.03623784
vt -0.02879497 -0.03753269
vt -0.02903461 -0.03407693
vt 0.0107896 -0.03447545
vt 0.01352899 -0.03235513
vt 0.01032305 -0.03104291
vt 0.03214063 -0.016593
vt 0.03254481 -0.01315258
vt 0.03054508 -0.01592089
vt 0.03023046 -0.01937065
vt 0.02188883 -0.01189422
vt 0.01889473 -0.01015203
vt 0.01631553 -0.01240475
vt 0.01931463 -0.01413834
vt -0.02824723 -0.0342862
vt -0.02804767 -0.03774424
vt -0.02514969 -0.03946583
vt -0.02528552 -0.0360047
vt 0.008459735 -0.03809492
vt 0.01119445 -0.03596858
vt 0.007985624 -0.03466342
vt 0.002667996 -0.05881973
vt -0.0004138275 -0.06040134
vt 0.0003496453 -0.06337178
vt 0.003500817 -0.0619333
vt 0.04411918 -0.0402168
vt 0.04172298 -0.04271838
vt 0.04356212 -0.04529246
vt 0.04588618 -0.04272373
vt -0.03910019 -0.04441889
vt -0.04028952 -0.04116536
vt -0.04263844 -0.04337248
vt -0.04138867 -0.04660328
vt 0.01884726 -0.02531341
vt 0.02148606 -0.02306915
vt 0.01822308 -0.02190601
vt -0.01623142 -0.02229856
vt -0.01951469 -0.02340317
vt -0.01691644 -0.02569426
vt 0.04412076 -0.0269795
vt 0.04580981 -0.02395508
vt 0.04353327 -0.02218119
vt 0.04184688 -0.02520709
vt 0.007337595 -0.05962523
vt 0.01018331 -0.05764992
vt 0.008311514 -0.05534639
vt 0.005513508 -0.05738872
vt -0.03703249 -0.04112649
vt -0.03577401 -0.0443539
vt -0.0331738 -0.04310858
vt -0.03435232 -0.03985111
vt 0.01987552 -0.02622258
vt 0.02252806 -0.02399458
vt 0.01927228 -0.02281141
vt 0.03976202 -0.01548373
vt 0.04089484 -0.01221009
vt 0.0383859 -0.01088636
vt 0.03723219 -0.01415269
vt 0.009771646 -0.05606749
vt 0.01238839 -0.05379754
vt 0.01007256 -0.0520029
vt 0.007518864 -0.05434353
vt -0.03220976 -0.03957918
vt -0.03100213 -0.04282596
vt -0.02827671 -0.04196355
vt -0.02941731 -0.03869262
vt 0.02129039 -0.02719212
vt 0.02395957 -0.02498407
vt 0.02071275 -0.02377652
vt 0.0337098 -0.007271292
vt 0.03436016 -0.003868798
vt 0.0309673 -0.003670786
vt 0.03024089 -0.007057858
vt 0.03023492 -0.04036277
vt 0.03112017 -0.03701374
vt 0.02759442 -0.03659942
vt 0.02685748 -0.03998418
vt -0.03358655 -0.03920311
vt -0.03251534 -0.04249743
vt -0.02904269 -0.04235709
vt -0.03004026 -0.03903973
vt 0.02281038 -0.02903588
vt 0.02550844 -0.02686321
vt 0.02227783 -0.02561296
vt 0.02051753 0.001395608
vt 0.02024364 0.004848835
vt 0.0170757 0.00436731
vt 0.01728261 0.0009094229
vt 0.03079122 -0.03607454
vt 0.03105679 -0.03262068
vt 0.02784684 -0.03342601
vt 0.0276915 -0.03688658
vt -0.02550418 -0.03855569
vt -0.02443063 -0.04184924
vt -0.02117144 -0.04213028
vt -0.02220561 -0.03882415
vt 0.02435997 -0.03072009
vt 0.02707917 -0.02857395
vt 0.02386096 -0.02729212
vt 0.00416565 0.001287817
vt 0.00290671 0.004514948
vt 0.0006202195 0.002916879
vt 0.001943828 -0.000284272
vt 0.03752754 -0.01733209
vt 0.03554812 -0.01448923
vt 0.03407527 -0.01683575
vt 0.03603746 -0.01969052
vt -0.02244401 -0.0389171
vt -0.02141278 -0.04222415
vt -0.01889721 -0.04326364
vt -0.01986873 -0.03993856
vt 0.02447347 -0.03298583
vt 0.02718302 -0.03082751
vt 0.02395909 -0.02956013
vt 0.003278425 -0.0005727101
vt 0.002052038 0.002666987
vt 5.998692E-05 0.001148766
vt 0.001335758 -0.002071803
vt 0.0362018 -0.01785584
vt 0.03403371 -0.0151541
vt 0.0327252 -0.01729224
vt 0.03489498 -0.01999262
vt -0.02229966 -0.04031656
vt -0.02136444 -0.04365202
vt -0.01912084 -0.04464593
vt -0.01999084 -0.04129285
vt 0.02462062 -0.03511866
vt 0.02732603 -0.03295514
vt 0.02409966 -0.03169395
vt -0.09843933 -0.06721117
vt -0.1018827 -0.0668322
vt -0.1006916 -0.06995933
vt -0.09725705 -0.07041063
vt 0.08493178 -0.04781926
vt 0.08147787 -0.04808471
vt 0.08067716 -0.05132964
vt 0.08413139 -0.0510684
vt 0.01530052 -0.02954676
vt 0.01183918 -0.02968391
vt 0.01149502 -0.03307738
vt 0.01495291 -0.03287086
vt -0.01722496 0.09763632
vt -0.01982181 0.099929
vt -0.0205089 0.09653372
vt 0.03437996 0.08961283
vt 0.03415603 0.09306969
vt 0.03127427 0.09114733
vt 0.08032422 -0.02467955
vt 0.08377647 -0.02439367
vt 0.08522695 -0.02200485
vt 0.08177101 -0.0222421
vt -0.1007907 -0.05074257
vt -0.09734937 -0.05113906
vt -0.09907709 -0.04886859
vt -0.1025267 -0.04855245
vt 0.01087495 0.01758842
vt 0.01433557 0.01774339
vt 0.0145422 0.02057039
vt 0.01108079 0.02043409
vt -0.0179083 0.1016991
vt -0.0205122 0.1039837
vt -0.02118884 0.1005864
vt 0.08226748 -0.02265446
vt 0.08572425 -0.02242925
vt 0.08702851 -0.02012692
vt 0.08357115 -0.02034301
vt -0.1030819 -0.05207663
vt -0.09963099 -0.05237869
vt -0.1012593 -0.05024049
vt -0.1047146 -0.04999431
vt 0.01229498 0.01812115
vt 0.01575727 0.018232
vt 0.01602996 0.02087164
vt 0.01256675 0.02079493
vt -0.003377884 0.1061596
vt -0.005654852 0.1087702
vt -0.006777247 0.105493
vt 0.08247646 0.002560455
vt 0.08593179 0.002806943
vt 0.08694123 0.005726564
vt 0.08348487 0.005495223
vt -0.1058047 -0.0671619
vt -0.1023483 -0.06739362
vt -0.1045938 -0.06521688
vt -0.1080536 -0.06504397
vt 0.01378309 0.02373732
vt 0.01724678 0.02378877
vt 0.01837507 0.02667955
vt 0.01491109 0.02665413
vt 0.01347263 0.1087074
vt 0.01158831 0.1116142
vt 0.01001313 0.1085289
vt 0.08299462 0.02409382
vt 0.08644988 0.02434049
vt 0.08777287 0.02731877
vt 0.08431561 0.02710217
vt -0.1079694 -0.06232705
vt -0.1045096 -0.06250001
vt -0.1072606 -0.06066721
vt -0.1107237 -0.06058508
vt 0.01620468 0.05056679
vt 0.01966874 0.05056219
vt 0.02097947 0.05357506
vt 0.0175155 0.05360138
vt 0.04834565 0.1032318
vt 0.04741516 0.1065686
vt 0.04499066 0.1040944
vt 0.08510568 0.03524423
vt 0.08856465 0.03543227
vt 0.0901478 0.03747557
vt 0.08668785 0.03730674
vt -0.1104773 -0.03314544
vt -0.1070143 -0.0332302
vt -0.1093019 -0.03197315
vt -0.1127658 -0.03194366
vt 0.02002516 0.07522578
vt 0.02348803 0.07513418
vt 0.02418017 0.07763983
vt 0.02071761 0.07774248
vt 0.09941198 0.06273702
vt 0.1004154 0.06605263
vt 0.09704228 0.06526378
vt 0.07696965 0.0831557
vt 0.08038972 0.08370601
vt 0.08203429 0.08621994
vt 0.07861363 0.08567326
vt -0.1126889 0.02059356
vt -0.109225 0.02055462
vt -0.1121437 0.02126892
vt -0.1156076 0.02130483
vt 0.03268554 0.1067431
vt 0.03612012 0.1062921
vt 0.03738929 0.1090179
vt 0.03395442 0.1094668
vt 0.1039904 0.06167044
vt 0.1050907 0.06495517
vt 0.1016959 0.06426568
vt -0.05829648 -0.07910355
vt -0.06041499 -0.08184434
vt -0.06035494 -0.08268066
vt -0.0578665 -0.08509056
vt 0.07945734 -0.08447479
vt 0.07601598 -0.08487107
vt 0.07606305 -0.08432787
vt 0.07938497 -0.08531013
vt -0.111458 -0.09111875
vt -0.1129515 -0.08799312
vt -0.1122761 -0.09395742
vt -0.1115194 -0.09057698
vt 0.07435365 -0.06927773
vt 0.07779433 -0.06887551
vt 0.07572566 -0.06609691
vt 0.07283288 -0.1019102
vt 0.07533972 -0.09951948
vt 0.07201584 -0.09854389
vt -0.04923759 -0.06151631
vt -0.05170661 -0.05909283
vt -0.05122577 -0.06885641
vt -0.04880804 -0.07133107
vt 0.08099295 -0.06858616
vt 0.07767241 -0.06760119
vt 0.07679733 -0.0773247
vt 0.08011378 -0.07832333
vt -0.1280601 -0.07945332
vt -0.1287683 -0.08283692
vt -0.1270518 -0.09250896
vt -0.1265254 -0.08909236
vt 0.07281052 -0.08688888
vt 0.07531862 -0.08449946
vt 0.07199527 -0.08352208
vt 0.09116665 -0.1090649
vt 0.09370826 -0.1067111
vt 0.08776905 -0.1080274
vt 0.09106712 -0.1090869
vt 0.08340414 -0.05560392
vt 0.0800943 -0.05458168
vt 0.07998687 -0.05460704
vt 0.07748352 -0.05700145
vt -0.08542825 -0.08136307
vt -0.08618805 -0.0847428
vt -0.08608862 -0.08476528
vt -0.08532058 -0.08138742
vt -0.09896739 -0.08331644
vt -0.0956773 -0.08223237
vt -0.09826118 -0.0799251
vt 0.05640079 -0.1683988
vt 0.05316992 -0.1671732
vt 0.05019381 -0.1682441
vt 0.0535275 -0.1691534
vt -0.002691682 0.00578269
vt -0.0008501284 0.008708559
vt -0.003607894 0.007564417
vt -0.005705175 0.004816067
vt -0.04481893 -0.08823159
vt -0.04573076 -0.09157342
vt -0.04286074 -0.0923778
vt -0.04193639 -0.08903942
vt -0.06711765 -0.08538967
vt -0.06378757 -0.08443548
vt -0.06627898 -0.08202864
vt 0.05199108 -0.1429515
vt 0.04865842 -0.1420067
vt 0.04611572 -0.1425521
vt 0.04944342 -0.1435142
vt 0.02697796 -0.03970209
vt 0.0293065 -0.03713748
vt 0.02676444 -0.03772895
vt 0.02444822 -0.04030468
vt -0.03809716 -0.08850078
vt -0.03903294 -0.09183607
vt -0.03648422 -0.09239446
vt -0.03554755 -0.08905941
vt -0.067288 -0.08507241
vt -0.06396107 -0.08410729
vt -0.06646037 -0.08170865
vt 0.04037898 -0.1699782
vt 0.03706577 -0.168967
vt 0.03478833 -0.1699547
vt 0.03810257 -0.1709625
vt -0.04714075 0.01343935
vt -0.04545727 0.01646682
vt -0.04765218 0.01527331
vt -0.04930935 0.01223135
vt -0.004958775 -0.0967446
vt -0.005968763 -0.1000581
vt -0.003669903 -0.1009885
vt -0.002642319 -0.09768046
vt -0.06552231 -0.08306825
vt -0.06219591 -0.08210133
vt -0.06469651 -0.07970403
vt 0.03587886 -0.1755631
vt 0.03256954 -0.1745393
vt 0.03035179 -0.1755138
vt 0.03366027 -0.1765404
vt -0.05704675 0.01634344
vt -0.05548359 0.01943477
vt -0.05761042 0.01824411
vt -0.05914945 0.0151407
vt 0.002680068 -0.09730504
vt 0.001641617 -0.1006098
vt 0.003889714 -0.101517
vt 0.004940763 -0.09821625
vt -0.06416711 -0.08185397
vt -0.06084171 -0.08088361
vt -0.06334478 -0.0784889
vt 0.02777801 -0.1866642
vt 0.02448536 -0.1855879
vt 0.02226175 -0.187172
vt 0.02555721 -0.1882396
vt -0.1339829 -0.001733961
vt -0.1337279 0.00172073
vt -0.1355405 -0.0003521842
vt -0.1357565 -0.003809531
vt 0.03614528 -0.1071582
vt 0.03504524 -0.110443
vt 0.03738406 -0.111837
vt 0.03851387 -0.1085624
vt -0.06230504 -0.07987618
vt -0.05897985 -0.07890514
vt -0.06148341 -0.07651095
vt 0.0190064 -0.1944411
vt 0.01573249 -0.1933095
vt 0.01406561 -0.1954663
vt 0.01736155 -0.196532
vt -0.1716304 -0.08274458
vt -0.1729368 -0.07953627
vt -0.1740211 -0.08203645
vt -0.1727158 -0.08524522
vt 0.07995394 -0.1209208
vt 0.07880656 -0.1241892
vt 0.08077599 -0.1259777
vt 0.08198895 -0.122733
vt -0.0573565 -0.07679056
vt -0.05402595 -0.07583801
vt -0.05651615 -0.07342993
o group2010779885
g mesh2010779885
usemtl mat10
f 4/4/1 3/3/1 2/2/1 1/1/1
f 3/8/2 6/7/2 5/6/2 2/5/2
f 6/12/3 8/11/3 7/10/3 5/9/3
f 8/16/4 10/15/4 9/14/4 7/13/4
f 10/20/5 12/19/5 11/18/5 9/17/5
f 12/24/6 14/23/6 13/22/6 11/21/6
f 14/28/7 16/27/7 15/26/7 13/25/7
f 16/32/8 18/31/8 17/30/8 15/29/8
f 18/36/9 20/35/9 19/34/9 17/33/9
f 20/40/10 22/39/10 21/38/10 19/37/10
f 22/44/11 24/43/11 23/42/11 21/41/11
f 24/48/12 4/47/12 1/46/12 23/45/12
f 26/52/13 25/51/13 21/50/13 23/49/13
f 24/64/14 22/63/14 20/62/14 18/61/14 16/60/14 14/59/14 12/58/14 10/57/14 8/56/14 6/55/14 3/54/14 4/53/14
f 27/67/15 19/66/15 21/65/15
f 28/70/16 17/69/16 19/68/16
f 29/73/17 15/72/17 17/71/17
f 30/76/18 13/75/18 15/74/18
f 31/79/19 11/78/19 13/77/19
f 32/82/20 9/81/20 11/80/20
f 33/85/21 7/84/21 9/83/21
f 34/88/22 5/87/22 7/86/22
f 35/91/23 2/90/23 5/89/23
f 36/94/24 1/93/24 2/92/24
f 36/98/25 26/97/25 23/96/25 1/95/25
f 38/102/26 37/101/26 25/100/26 26/99/26
f 21/105/27 25/104/27 27/103/27
f 19/108/28 27/107/28 28/106/28
f 17/111/29 28/110/29 29/109/29
f 15/114/30 29/113/30 30/112/30
f 13/117/31 30/116/31 31/115/31
f 11/120/32 31/119/32 32/118/32
f 9/123/33 32/122/33 33/121/33
f 7/126/34 33/125/34 34/124/34
f 5/129/35 34/128/35 35/127/35
f 2/132/36 35/131/36 36/130/36
f 37/136/37 39/135/37 27/134/37 25/133/37
f 39/140/38 40/139/38 28/138/38 27/137/38
f 40/144/39 41/143/39 29/142/39 28/141/39
f 41/148/40 42/147/40 30/146/40 29/145/40
f 42/152/41 43/151/41 31/150/41 30/149/41
f 43/156/42 44/155/42 32/154/42 31/153/42
f 44/160/43 45/159/43 33/158/43 32/157/43
f 45/164/44 46/163/44 34/162/44 33/161/44
f 46/168/45 47/167/45 35/166/45 34/165/45
f 47/172/46 48/171/46 36/170/46 35/169/46
f 48/176/47 38/175/47 26/174/47 36/173/47
f 49/179/48 37/178/48 38/177/48
f 50/182/49 39/181/49 37/180/49
f 51/185/50 40/184/50 39/183/50
f 52/188/51 41/187/51 40/186/51
f 53/191/52 42/190/52 41/189/52
f 54/194/53 43/193/53 42/192/53
f 55/197/54 44/196/54 43/195/54
f 56/200/55 45/199/55 44/198/55
f 57/203/56 46/202/56 45/201/56
f 58/206/57 47/205/57 46/204/57
f 59/209/58 48/208/58 47/207/58
f 59/212/59 38/211/59 48/210/59
f 61/215/60 49/214/60 60/213/60
f 38/218/61 60/217/61 49/216/61
f 59/221/62 60/220/62 38/219/62
f 37/224/63 49/223/63 50/222/63
f 39/227/64 50/226/64 51/225/64
f 40/230/65 51/229/65 52/228/65
f 41/233/66 52/232/66 53/231/66
f 42/236/67 53/235/67 54/234/67
f 43/239/68 54/238/68 55/237/68
f 44/242/69 55/241/69 56/240/69
f 45/245/70 56/244/70 57/243/70
f 46/248/71 57/247/71 58/246/71
f 47/251/72 58/250/72 59/249/72
f 62/254/73 50/253/73 49/252/73
f 63/257/74 51/256/74 50/255/74
f 64/260/75 52/259/75 51/258/75
f 65/263/76 53/262/76 52/261/76
f 66/266/77 54/265/77 53/264/77
f 67/269/78 55/268/78 54/267/78
f 68/272/79 56/271/79 55/270/79
f 69/275/80 57/274/80 56/273/80
f 70/278/81 58/277/81 57/276/81
f 71/281/82 59/280/82 58/279/82
f 71/284/83 60/283/83 59/282/83
f 74/288/84 73/287/84 61/286/84 72/285/84
f 60/291/85 72/290/85 61/289/85
f 71/294/86 72/293/86 60/292/86
f 49/297/87 61/296/87 62/295/87
f 50/300/88 62/299/88 63/298/88
f 51/303/89 63/302/89 64/301/89
f 52/306/90 64/305/90 65/304/90
f 53/309/91 65/308/91 66/307/91
f 54/312/92 66/311/92 67/310/92
f 55/315/93 67/314/93 68/313/93
f 56/318/94 68/317/94 69/316/94
f 57/321/95 69/320/95 70/319/95
f 58/324/96 70/323/96 71/322/96
f 75/327/97 63/326/97 62/325/97
f 75/331/98 76/330/98 64/329/98 63/328/98
f 77/334/99 65/333/99 64/332/99
f 78/337/100 66/336/100 65/335/100
f 79/340/101 67/339/101 66/338/101
f 80/343/102 68/342/102 67/341/102
f 80/346/103 62/345/103 68/344/103
f 81/349/104 76/348/104 75/347/104
f 80/352/105 82/351/105 62/350/105
f 64/355/106 76/354/106 77/353/106
f 65/358/107 77/357/107 78/356/107
f 66/361/108 78/360/108 79/359/108
f 67/364/109 79/363/109 80/362/109
f 73/367/110 62/366/110 61/365/110
f 83/370/111 68/369/111 62/368/111
f 84/373/112 69/372/112 68/371/112
f 84/377/113 85/376/113 70/375/113 69/374/113
f 85/381/114 86/380/114 71/379/114 70/378/114
f 86/385/115 74/384/115 72/383/115 71/382/115
f 88/389/116 87/388/116 73/387/116 74/386/116
f 83/392/117 89/391/117 68/390/117
f 68/395/118 89/394/118 84/393/118
f 90/398/119 89/397/119 83/396/119
f 62/401/120 82/400/120 75/399/120
f 91/404/121 82/403/121 80/402/121
f 92/407/122 80/406/122 79/405/122
f 73/410/123 83/409/123 62/408/123
f 94/414/124 93/413/124 83/412/124 73/411/124
f 95/417/125 75/416/125 82/415/125
f 95/420/126 80/419/126 75/418/126
f 97/423/127 91/422/127 96/421/127
f 98/426/128 75/425/128 80/424/128
f 98/429/129 79/428/129 75/427/129
f 100/432/130 92/431/130 99/430/130
f 101/435/131 77/434/131 76/433/131
f 102/438/132 78/437/132 77/436/132
f 103/441/133 79/440/133 78/439/133
f 103/444/134 75/443/134 79/442/134
f 105/447/135 81/446/135 104/445/135
f 80/450/136 96/449/136 91/448/136
f 95/453/137 96/452/137 80/451/137
f 82/456/138 91/455/138 95/454/138
f 79/459/139 99/458/139 92/457/139
f 98/462/140 99/461/140 79/460/140
f 80/465/141 92/464/141 98/463/141
f 75/468/142 104/467/142 81/466/142
f 103/471/143 104/470/143 75/469/143
f 76/474/144 81/473/144 101/472/144
f 77/477/145 101/476/145 102/475/145
f 78/480/146 102/479/146 103/478/146
f 106/483/147 84/482/147 73/481/147
f 107/486/148 85/485/148 84/484/148
f 108/489/149 86/488/149 85/487/149
f 108/492/150 74/491/150 86/490/150
f 110/496/151 109/495/151 87/494/151 88/493/151
f 111/499/152 84/498/152 83/497/152
f 111/502/153 73/501/153 84/500/153
f 112/505/154 93/504/154 94/503/154
f 113/508/155 84/507/155 89/506/155
f 113/511/156 83/510/156 84/509/156
f 115/514/157 90/513/157 114/512/157
f 108/517/158 88/516/158 74/515/158
f 73/520/159 87/519/159 106/518/159
f 84/523/160 106/522/160 107/521/160
f 85/526/161 107/525/161 108/524/161
f 111/529/162 94/528/162 73/527/162
f 83/532/163 93/531/163 111/530/163
f 83/535/164 114/534/164 90/533/164
f 113/538/165 114/537/165 83/536/165
f 89/541/166 90/540/166 113/539/166
f 115/544/167 113/543/167 90/542/167
f 115/547/168 114/546/168 113/545/168
f 116/550/169 111/549/169 93/548/169
f 116/554/170 112/553/170 94/552/170 111/551/170
f 119/558/171 118/557/171 117/556/171 112/555/171
f 109/562/172 120/561/172 106/560/172 87/559/172
f 120/566/173 121/565/173 107/564/173 106/563/173
f 121/570/174 122/569/174 108/568/174 107/567/174
f 122/574/175 110/573/175 88/572/175 108/571/175
f 123/577/176 109/576/176 110/575/176
f 124/580/177 101/579/177 81/578/177
f 125/583/178 102/582/178 101/581/178
f 126/586/179 103/585/179 102/584/179
f 126/589/180 104/588/180 103/587/180
f 128/592/181 105/591/181 127/590/181
f 129/595/182 98/594/182 92/593/182
f 129/598/183 99/597/183 98/596/183
f 131/601/184 100/600/184 130/599/184
f 132/604/185 95/603/185 91/602/185
f 132/607/186 96/606/186 95/605/186
f 134/610/187 97/609/187 133/608/187
f 104/613/188 127/612/188 105/611/188
f 126/616/189 127/615/189 104/614/189
f 81/619/190 105/618/190 124/617/190
f 101/622/191 124/621/191 125/620/191
f 102/625/192 125/624/192 126/623/192
f 99/628/193 130/627/193 100/626/193
f 129/631/194 130/630/194 99/629/194
f 92/634/195 100/633/195 129/632/195
f 96/637/196 133/636/196 97/635/196
f 132/640/197 133/639/197 96/638/197
f 91/643/198 97/642/198 132/641/198
f 135/646/199 124/645/199 105/644/199
f 136/649/200 125/648/200 124/647/200
f 137/652/201 126/651/201 125/650/201
f 137/655/202 127/654/202 126/653/202
f 139/658/203 128/657/203 138/656/203
f 140/661/204 129/660/204 100/659/204
f 140/664/205 130/663/205 129/662/205
f 142/667/206 131/666/206 141/665/206
f 143/670/207 132/669/207 97/668/207
f 143/673/208 133/672/208 132/671/208
f 145/676/209 134/675/209 144/674/209
f 127/679/210 138/678/210 128/677/210
f 137/682/211 138/681/211 127/680/211
f 105/685/212 128/684/212 135/683/212
f 124/688/213 135/687/213 136/686/213
f 125/691/214 136/690/214 137/689/214
f 130/694/215 141/693/215 131/692/215
f 140/697/216 141/696/216 130/695/216
f 100/700/217 131/699/217 140/698/217
f 133/703/218 144/702/218 134/701/218
f 143/706/219 144/705/219 133/704/219
f 97/709/220 134/708/220 143/707/220
f 146/712/221 135/711/221 128/710/221
f 146/716/222 147/715/222 136/714/222 135/713/222
f 147/719/223 137/718/223 136/717/223
f 148/722/224 138/721/224 137/720/224
f 147/725/225 146/724/225 139/723/225
f 138/728/226 149/727/226 139/726/226
f 148/731/227 149/730/227 138/729/227
f 128/734/228 139/733/228 146/732/228
f 150/737/229 140/736/229 131/735/229
f 150/740/230 141/739/230 140/738/230
f 152/743/231 142/742/231 151/741/231
f 141/746/232 151/745/232 142/744/232
f 150/749/233 151/748/233 141/747/233
f 131/752/234 142/751/234 150/750/234
f 153/755/235 143/754/235 134/753/235
f 153/758/236 144/757/236 143/756/236
f 156/762/237 155/761/237 145/760/237 154/759/237
f 144/765/238 154/764/238 145/763/238
f 134/768/239 145/767/239 153/766/239
f 147/771/240 148/770/240 137/769/240
f 149/774/241 148/773/241 147/772/241
f 153/777/242 154/776/242 144/775/242
f 157/780/243 149/779/243 147/778/243
f 158/783/244 139/782/244 149/781/244
f 158/786/245 147/785/245 139/784/245
f 160/789/246 157/788/246 159/787/246
f 147/792/247 159/791/247 157/790/247
f 158/795/248 159/794/248 147/793/248
f 149/798/249 157/797/249 158/796/249
f 161/801/250 158/800/250 157/799/250
f 161/804/251 159/803/251 158/802/251
f 161/807/252 160/806/252 162/805/252
f 159/810/253 162/809/253 160/808/253
f 161/813/254 162/812/254 159/811/254
f 157/816/255 160/815/255 161/814/255
f 163/819/256 150/818/256 142/817/256
f 163/823/257 164/822/257 151/821/257 150/820/257
f 165/826/258 152/825/258 164/824/258
f 151/829/259 164/828/259 152/827/259
f 142/832/260 152/831/260 163/830/260
f 165/836/261 166/835/261 163/834/261 152/833/261
f 166/840/262 167/839/262 164/838/262 163/837/262
f 168/843/263 165/842/263 167/841/263
f 164/846/264 167/845/264 165/844/264
f 169/849/265 166/848/265 165/847/265
f 169/852/266 167/851/266 166/850/266
f 169/855/267 168/854/267 170/853/267
f 167/858/268 170/857/268 168/856/268
f 169/861/269 170/860/269 167/859/269
f 165/864/270 168/863/270 169/862/270
f 155/868/271 171/867/271 153/866/271 145/865/271
f 171/871/272 154/870/272 153/869/272
f 173/875/273 172/874/273 155/873/273 156/872/273
f 171/878/274 156/877/274 154/876/274
f 172/882/275 174/881/275 171/880/275 155/879/275
f 174/886/276 173/885/276 156/884/276 171/883/276
f 175/889/277 172/888/277 173/887/277
f 175/893/278 176/892/278 174/891/278 172/890/278
f 176/897/279 177/896/279 173/895/279 174/894/279
f 178/900/280 175/899/280 177/898/280
f 173/903/281 177/902/281 175/901/281
f 179/906/282 176/905/282 175/904/282
f 179/910/283 180/909/283 177/908/283 176/907/283
f 181/913/284 178/912/284 180/911/284
f 177/916/285 180/915/285 178/914/285
f 175/919/286 178/918/286 179/917/286
f 182/922/287 179/921/287 178/920/287
f 182/925/288 180/924/288 179/923/288
f 182/928/289 181/927/289 183/926/289
f 180/931/290 183/930/290 181/929/290
f 182/934/291 183/933/291 180/932/291
f 178/937/292 181/936/292 182/935/292
f 184/940/293 120/939/293 109/938/293
f 185/943/294 121/942/294 120/941/294
f 185/946/295 122/945/295 121/944/295
f 185/949/296 110/948/296 122/947/296
f 185/952/297 123/951/297 110/950/297
f 109/955/298 123/954/298 184/953/298
f 120/958/299 184/957/299 185/956/299
f 186/961/300 184/960/300 123/959/300
f 112/964/301 117/963/301 93/962/301
f 93/967/302 117/966/302 116/965/302
f 118/970/303 116/969/303 117/968/303
f 119/973/304 112/972/304 116/971/304
f 188/977/305 187/976/305 118/975/305 119/974/305
f 118/980/306 189/979/306 116/978/306
f 116/983/307 189/982/307 119/981/307
f 187/987/308 190/986/308 189/985/308 118/984/308
f 190/991/309 188/990/309 119/989/309 189/988/309
f 191/994/310 187/993/310 188/992/310
f 191/998/311 192/997/311 190/996/311 187/995/311
f 192/1002/312 193/1001/312 188/1000/312 190/999/312
f 194/1005/313 191/1004/313 193/1003/313
f 188/1008/314 193/1007/314 191/1006/314
f 194/1012/315 195/1011/315 192/1010/315 191/1009/315
f 195/1016/316 196/1015/316 193/1014/316 192/1013/316
f 195/1019/317 194/1018/317 196/1017/317
f 193/1022/318 196/1021/318 194/1020/318
f 197/1025/319 185/1024/319 184/1023/319
f 197/1028/320 123/1027/320 185/1026/320
f 199/1031/321 186/1030/321 198/1029/321
f 123/1034/322 198/1033/322 186/1032/322
f 197/1037/323 198/1036/323 123/1035/323
f 184/1040/324 186/1039/324 197/1038/324
f 200/1043/325 197/1042/325 186/1041/325
f 200/1046/326 198/1045/326 197/1044/326
f 203/1050/327 202/1049/327 199/1048/327 201/1047/327
f 198/1053/328 201/1052/328 199/1051/328
f 200/1056/329 201/1055/329 198/1054/329
f 186/1059/330 199/1058/330 200/1057/330
f 204/1062/331 200/1061/331 199/1060/331
f 204/1065/332 201/1064/332 200/1063/332
f 204/1068/333 202/1067/333 203/1066/333
f 204/1071/334 203/1070/334 201/1069/334
f 199/1074/335 202/1073/335 204/1072/335
o group569785275
g mesh569785275
usemtl mat9
f 207/1077/336 206/1076/336 205/1075/336
f 206/1080/337 208/1079/337 205/1078/337
f 208/1083/338 209/1082/338 205/1081/338
f 209/1086/339 210/1085/339 205/1084/339
f 210/1089/340 211/1088/340 205/1087/340
f 211/1092/341 212/1091/341 205/1090/341
f 212/1095/342 213/1094/342 205/1093/342
f 213/1098/343 214/1097/343 205/1096/343
f 214/1101/344 215/1100/344 205/1099/344
f 215/1104/345 216/1103/345 205/1102/345
f 216/1107/346 217/1106/346 205/1105/346
f 217/1110/347 207/1109/347 205/1108/347
f 217/1122/348 216/1121/348 215/1120/348 214/1119/348 213/1118/348 212/1117/348 211/1116/348 210/1115/348 209/1114/348 208/1113/348 206/1112/348 207/1111/348
o group684295378
g mesh684295378
usemtl mat9
f 220/1125/349 219/1124/349 218/1123/349
f 219/1128/350 221/1127/350 218/1126/350
f 221/1131/351 222/1130/351 218/1129/351
f 222/1134/352 223/1133/352 218/1132/352
f 223/1137/353 224/1136/353 218/1135/353
f 224/1140/354 225/1139/354 218/1138/354
f 225/1143/355 226/1142/355 218/1141/355
f 226/1146/356 227/1145/356 218/1144/356
f 227/1149/357 228/1148/357 218/1147/357
f 228/1152/358 229/1151/358 218/1150/358
f 229/1155/359 230/1154/359 218/1153/359
f 230/1158/360 220/1157/360 218/1156/360
f 230/1170/361 229/1169/361 228/1168/361 227/1167/361 226/1166/361 225/1165/361 224/1164/361 223/1163/361 222/1162/361 221/1161/361 219/1160/361 220/1159/361
o group2032238051
g mesh2032238051
usemtl mat9
f 233/1173/362 232/1172/362 231/1171/362
f 232/1176/363 234/1175/363 231/1174/363
f 234/1179/364 235/1178/364 231/1177/364
f 235/1182/365 236/1181/365 231/1180/365
f 236/1185/366 237/1184/366 231/1183/366
f 237/1188/367 238/1187/367 231/1186/367
f 238/1191/368 239/1190/368 231/1189/368
f 239/1194/369 240/1193/369 231/1192/369
f 240/1197/370 241/1196/370 231/1195/370
f 241/1200/371 242/1199/371 231/1198/371
f 242/1203/372 243/1202/372 231/1201/372
f 243/1206/373 233/1205/373 231/1204/373
f 243/1218/374 242/1217/374 241/1216/374 240/1215/374 239/1214/374 238/1213/374 237/1212/374 236/1211/374 235/1210/374 234/1209/374 232/1208/374 233/1207/374
o group801575318
g mesh801575318
usemtl mat9
f 246/1221/375 245/1220/375 244/1219/375
f 245/1224/376 247/1223/376 244/1222/376
f 247/1227/377 248/1226/377 244/1225/377
f 248/1230/378 249/1229/378 244/1228/378
f 249/1233/379 250/1232/379 244/1231/379
f 250/1236/380 251/1235/380 244/1234/380
f 251/1239/381 252/1238/381 244/1237/381
f 252/1242/382 253/1241/382 244/1240/382
f 253/1245/383 254/1244/383 244/1243/383
f 254/1248/384 255/1247/384 244/1246/384
f 255/1251/385 256/1250/385 244/1249/385
f 256/1254/386 246/1253/386 244/1252/386
f 256/1266/387 255/1265/387 254/1264/387 253/1263/387 252/1262/387 251/1261/387 250/1260/387 249/1259/387 248/1258/387 247/1257/387 245/1256/387 246/1255/387
o group468036392
g mesh468036392
usemtl mat9
f 259/1269/388 258/1268/388 257/1267/388
f 258/1272/389 260/1271/389 257/1270/389
f 260/1275/390 261/1274/390 257/1273/390
f 261/1278/391 262/1277/391 257/1276/391
f 262/1281/392 263/1280/392 257/1279/392
f 263/1284/393 264/1283/393 257/1282/393
f 264/1287/394 265/1286/394 257/1285/394
f 265/1290/395 266/1289/395 257/1288/395
f 266/1293/396 267/1292/396 257/1291/396
f 267/1296/397 268/1295/397 257/1294/397
f 268/1299/398 269/1298/398 257/1297/398
f 269/1302/399 259/1301/399 257/1300/399
f 269/1314/400 268/1313/400 267/1312/400 266/1311/400 265/1310/400 264/1309/400 263/1308/400 262/1307/400 261/1306/400 260/1305/400 258/1304/400 259/1303/400
o group1292995102
g mesh1292995102
usemtl mat9
f 272/1317/401 271/1316/401 270/1315/401
f 271/1320/402 273/1319/402 270/1318/402
f 273/1323/403 274/1322/403 270/1321/403
f 274/1326/404 275/1325/404 270/1324/404
f 275/1329/405 276/1328/405 270/1327/405
f 276/1332/406 277/1331/406 270/1330/406
f 277/1335/407 278/1334/407 270/1333/407
f 278/1338/408 279/1337/408 270/1336/408
f 279/1341/409 280/1340/409 270/1339/409
f 280/1344/410 281/1343/410 270/1342/410
f 281/1347/411 282/1346/411 270/1345/411
f 282/1350/412 272/1349/412 270/1348/412
f 282/1362/413 281/1361/413 280/1360/413 279/1359/413 278/1358/413 277/1357/413 276/1356/413 275/1355/413 274/1354/413 273/1353/413 271/1352/413 272/1351/413
o group950780201
g mesh950780201
usemtl mat9
f 285/1365/414 284/1364/414 283/1363/414
f 284/1368/415 286/1367/415 283/1366/415
f 286/1371/416 287/1370/416 283/1369/416
f 287/1374/417 288/1373/417 283/1372/417
f 288/1377/418 289/1376/418 283/1375/418
f 289/1380/419 290/1379/419 283/1378/419
f 290/1383/420 291/1382/420 283/1381/420
f 291/1386/421 292/1385/421 283/1384/421
f 292/1389/422 293/1388/422 283/1387/422
f 293/1392/423 294/1391/423 283/1390/423
f 294/1395/424 295/1394/424 283/1393/424
f 295/1398/425 285/1397/425 283/1396/425
f 295/1410/426 294/1409/426 293/1408/426 292/1407/426 291/1406/426 290/1405/426 289/1404/426 288/1403/426 287/1402/426 286/1401/426 284/1400/426 285/1399/426
o group878918880
g mesh878918880
usemtl mat9
f 298/1413/427 297/1412/427 296/1411/427
f 297/1416/428 299/1415/428 296/1414/428
f 299/1419/429 300/1418/429 296/1417/429
f 300/1422/430 301/1421/430 296/1420/430
f 301/1425/431 302/1424/431 296/1423/431
f 302/1428/432 303/1427/432 296/1426/432
f 303/1431/433 304/1430/433 296/1429/433
f 304/1434/434 305/1433/434 296/1432/434
f 305/1437/435 306/1436/435 296/1435/435
f 306/1440/436 307/1439/436 296/1438/436
f 307/1443/437 308/1442/437 296/1441/437
f 308/1446/438 298/1445/438 296/1444/438
f 308/1458/439 307/1457/439 306/1456/439 305/1455/439 304/1454/439 303/1453/439 302/1452/439 301/1451/439 300/1450/439 299/1449/439 297/1448/439 298/1447/439
o group1133602401
g mesh1133602401
usemtl mat9
f 311/1461/440 310/1460/440 309/1459/440
f 310/1464/441 312/1463/441 309/1462/441
f 312/1467/442 313/1466/442 309/1465/442
f 313/1470/443 314/1469/443 309/1468/443
f 314/1473/444 315/1472/444 309/1471/444
f 315/1476/445 316/1475/445 309/1474/445
f 316/1479/446 317/1478/446 309/1477/446
f 317/1482/447 318/1481/447 309/1480/447
f 318/1485/448 319/1484/448 309/1483/448
f 319/1488/449 320/1487/449 309/1486/449
f 320/1491/450 321/1490/450 309/1489/450
f 321/1494/451 311/1493/451 309/1492/451
f 321/1506/452 320/1505/452 319/1504/452 318/1503/452 317/1502/452 316/1501/452 315/1500/452 314/1499/452 313/1498/452 312/1497/452 310/1496/452 311/1495/452
o group2037212860
g mesh2037212860
usemtl mat9
f 324/1509/453 323/1508/453 322/1507/453
f 323/1512/454 325/1511/454 322/1510/454
f 325/1515/455 326/1514/455 322/1513/455
f 326/1518/456 327/1517/456 322/1516/456
f 327/1521/457 328/1520/457 322/1519/457
f 328/1524/458 329/1523/458 322/1522/458
f 329/1527/459 330/1526/459 322/1525/459
f 330/1530/460 331/1529/460 322/1528/460
f 331/1533/461 332/1532/461 322/1531/461
f 332/1536/462 333/1535/462 322/1534/462
f 333/1539/463 334/1538/463 322/1537/463
f 334/1542/464 324/1541/464 322/1540/464
f 334/1554/465 333/1553/465 332/1552/465 331/1551/465 330/1550/465 329/1549/465 328/1548/465 327/1547/465 326/1546/465 325/1545/465 323/1544/465 324/1543/465
o group184766431
g mesh184766431
usemtl mat9
f 337/1557/466 336/1556/466 335/1555/466
f 336/1560/467 338/1559/467 335/1558/467
f 338/1563/468 339/1562/468 335/1561/468
f 339/1566/469 340/1565/469 335/1564/469
f 340/1569/470 341/1568/470 335/1567/470
f 341/1572/471 342/1571/471 335/1570/471
f 342/1575/472 343/1574/472 335/1573/472
f 343/1578/473 344/1577/473 335/1576/473
f 344/1581/474 345/1580/474 335/1579/474
f 345/1584/475 346/1583/475 335/1582/475
f 346/1587/476 347/1586/476 335/1585/476
f 347/1590/477 337/1589/477 335/1588/477
f 347/1602/478 346/1601/478 345/1600/478 344/1599/478 343/1598/478 342/1597/478 341/1596/478 340/1595/478 339/1594/478 338/1593/478 336/1592/478 337/1591/478
o group514617370
g mesh514617370
usemtl mat9
f 350/1605/479 349/1604/479 348/1603/479
f 349/1608/480 351/1607/480 348/1606/480
f 351/1611/481 352/1610/481 348/1609/481
f 352/1614/482 353/1613/482 348/1612/482
f 353/1617/483 354/1616/483 348/1615/483
f 354/1620/484 355/1619/484 348/1618/484
f 355/1623/485 356/1622/485 348/1621/485
f 356/1626/486 357/1625/486 348/1624/486
f 357/1629/487 358/1628/487 348/1627/487
f 358/1632/488 359/1631/488 348/1630/488
f 359/1635/489 360/1634/489 348/1633/489
f 360/1638/490 350/1637/490 348/1636/490
f 360/1650/491 359/1649/491 358/1648/491 357/1647/491 356/1646/491 355/1645/491 354/1644/491 353/1643/491 352/1642/491 351/1641/491 349/1640/491 350/1639/491
o group1043746800
g mesh1043746800
usemtl mat9
f 363/1653/492 362/1652/492 361/1651/492
f 362/1656/493 364/1655/493 361/1654/493
f 364/1659/494 365/1658/494 361/1657/494
f 365/1662/495 366/1661/495 361/1660/495
f 366/1665/496 367/1664/496 361/1663/496
f 367/1668/497 368/1667/497 361/1666/497
f 368/1671/498 369/1670/498 361/1669/498
f 369/1674/499 370/1673/499 361/1672/499
f 370/1677/500 371/1676/500 361/1675/500
f 371/1680/501 372/1679/501 361/1678/501
f 372/1683/502 373/1682/502 361/1681/502
f 373/1686/503 363/1685/503 361/1684/503
f 373/1698/504 372/1697/504 371/1696/504 370/1695/504 369/1694/504 368/1693/504 367/1692/504 366/1691/504 365/1690/504 364/1689/504 362/1688/504 363/1687/504
o group854038055
g mesh854038055
usemtl mat9
f 376/1701/505 375/1700/505 374/1699/505
f 375/1704/506 377/1703/506 374/1702/506
f 377/1707/507 378/1706/507 374/1705/507
f 378/1710/508 379/1709/508 374/1708/508
f 379/1713/509 380/1712/509 374/1711/509
f 380/1716/510 381/1715/510 374/1714/510
f 381/1719/511 382/1718/511 374/1717/511
f 382/1722/512 383/1721/512 374/1720/512
f 383/1725/513 384/1724/513 374/1723/513
f 384/1728/514 385/1727/514 374/1726/514
f 385/1731/515 386/1730/515 374/1729/515
f 386/1734/516 376/1733/516 374/1732/516
f 386/1746/517 385/1745/517 384/1744/517 383/1743/517 382/1742/517 381/1741/517 380/1740/517 379/1739/517 378/1738/517 377/1737/517 375/1736/517 376/1735/517
o group719373330
g mesh719373330
usemtl mat9
f 389/1749/518 388/1748/518 387/1747/518
f 388/1752/519 390/1751/519 387/1750/519
f 390/1755/520 391/1754/520 387/1753/520
f 391/1758/521 392/1757/521 387/1756/521
f 392/1761/522 393/1760/522 387/1759/522
f 393/1764/523 394/1763/523 387/1762/523
f 394/1767/524 395/1766/524 387/1765/524
f 395/1770/525 396/1769/525 387/1768/525
f 396/1773/526 397/1772/526 387/1771/526
f 397/1776/527 398/1775/527 387/1774/527
f 398/1779/528 399/1778/528 387/1777/528
f 399/1782/529 389/1781/529 387/1780/529
f 399/1794/530 398/1793/530 397/1792/530 396/1791/530 395/1790/530 394/1789/530 393/1788/530 392/1787/530 391/1786/530 390/1785/530 388/1784/530 389/1783/530
o group903889223
g mesh903889223
usemtl mat9
f 402/1797/531 401/1796/531 400/1795/531
f 401/1800/532 403/1799/532 400/1798/532
f 403/1803/533 404/1802/533 400/1801/533
f 404/1806/534 405/1805/534 400/1804/534
f 405/1809/535 406/1808/535 400/1807/535
f 406/1812/536 407/1811/536 400/1810/536
f 407/1815/537 408/1814/537 400/1813/537
f 408/1818/538 409/1817/538 400/1816/538
f 409/1821/539 410/1820/539 400/1819/539
f 410/1824/540 411/1823/540 400/1822/540
f 411/1827/541 412/1826/541 400/1825/541
f 412/1830/542 402/1829/542 400/1828/542
f 412/1842/543 411/1841/543 410/1840/543 409/1839/543 408/1838/543 407/1837/543 406/1836/543 405/1835/543 404/1834/543 403/1833/543 401/1832/543 402/1831/543
o group1955236608
g mesh1955236608
usemtl mat9
f 415/1845/544 414/1844/544 413/1843/544
f 414/1848/545 416/1847/545 413/1846/545
f 416/1851/546 417/1850/546 413/1849/546
f 417/1854/547 418/1853/547 413/1852/547
f 418/1857/548 419/1856/548 413/1855/548
f 419/1860/549 420/1859/549 413/1858/549
f 420/1863/550 421/1862/550 413/1861/550
f 421/1866/551 422/1865/551 413/1864/551
f 422/1869/552 423/1868/552 413/1867/552
f 423/1872/553 424/1871/553 413/1870/553
f 424/1875/554 425/1874/554 413/1873/554
f 425/1878/555 415/1877/555 413/1876/555
f 425/1890/556 424/1889/556 423/1888/556 422/1887/556 421/1886/556 420/1885/556 419/1884/556 418/1883/556 417/1882/556 416/1881/556 414/1880/556 415/1879/556
o group1775030911
g mesh1775030911
usemtl mat9
f 428/1893/557 427/1892/557 426/1891/557
f 427/1896/558 429/1895/558 426/1894/558
f 429/1899/559 430/1898/559 426/1897/559
f 430/1902/560 431/1901/560 426/1900/560
f 431/1905/561 432/1904/561 426/1903/561
f 432/1908/562 433/1907/562 426/1906/562
f 433/1911/563 434/1910/563 426/1909/563
f 434/1914/564 435/1913/564 426/1912/564
f 435/1917/565 436/1916/565 426/1915/565
f 436/1920/566 437/1919/566 426/1918/566
f 437/1923/567 438/1922/567 426/1921/567
f 438/1926/568 428/1925/568 426/1924/568
f 438/1938/569 437/1937/569 436/1936/569 435/1935/569 434/1934/569 433/1933/569 432/1932/569 431/1931/569 430/1930/569 429/1929/569 427/1928/569 428/1927/569
o group312476288
g mesh312476288
usemtl mat9
f 441/1941/570 440/1940/570 439/1939/570
f 440/1944/571 442/1943/571 439/1942/571
f 442/1947/572 443/1946/572 439/1945/572
f 443/1950/573 444/1949/573 439/1948/573
f 444/1953/574 445/1952/574 439/1951/574
f 445/1956/575 446/1955/575 439/1954/575
f 446/1959/576 447/1958/576 439/1957/576
f 447/1962/577 448/1961/577 439/1960/577
f 448/1965/578 449/1964/578 439/1963/578
f 449/1968/579 450/1967/579 439/1966/579
f 450/1971/580 451/1970/580 439/1969/580
f 451/1974/581 441/1973/581 439/1972/581
f 451/1986/582 450/1985/582 449/1984/582 448/1983/582 447/1982/582 446/1981/582 445/1980/582 444/1979/582 443/1978/582 442/1977/582 440/1976/582 441/1975/582
o group1178676470
g mesh1178676470
usemtl mat9
f 454/1989/583 453/1988/583 452/1987/583
f 453/1992/584 455/1991/584 452/1990/584
f 455/1995/585 456/1994/585 452/1993/585
f 456/1998/586 457/1997/586 452/1996/586
f 457/2001/587 458/2000/587 452/1999/587
f 458/2004/588 459/2003/588 452/2002/588
f 459/2007/589 460/2006/589 452/2005/589
f 460/2010/590 461/2009/590 452/2008/590
f 461/2013/591 462/2012/591 452/2011/591
f 462/2016/592 463/2015/592 452/2014/592
f 463/2019/593 464/2018/593 452/2017/593
f 464/2022/594 454/2021/594 452/2020/594
f 464/2034/595 463/2033/595 462/2032/595 461/2031/595 460/2030/595 459/2029/595 458/2028/595 457/2027/595 456/2026/595 455/2025/595 453/2024/595 454/2023/595
o group1031986832
g mesh1031986832
usemtl mat9
f 467/2037/596 466/2036/596 465/2035/596
f 466/2040/597 468/2039/597 465/2038/597
f 468/2043/598 469/2042/598 465/2041/598
f 469/2046/599 470/2045/599 465/2044/599
f 470/2049/600 471/2048/600 465/2047/600
f 471/2052/601 472/2051/601 465/2050/601
f 472/2055/602 473/2054/602 465/2053/602
f 473/2058/603 474/2057/603 465/2056/603
f 474/2061/604 475/2060/604 465/2059/604
f 475/2064/605 476/2063/605 465/2062/605
f 476/2067/606 477/2066/606 465/2065/606
f 477/2070/607 467/2069/607 465/2068/607
f 477/2082/608 476/2081/608 475/2080/608 474/2079/608 473/2078/608 472/2077/608 471/2076/608 470/2075/608 469/2074/608 468/2073/608 466/2072/608 467/2071/608
o group2090803797
g mesh2090803797
usemtl mat9
f 480/2085/609 479/2084/609 478/2083/609
f 479/2088/610 481/2087/610 478/2086/610
f 481/2091/611 482/2090/611 478/2089/611
f 482/2094/612 483/2093/612 478/2092/612
f 483/2097/613 484/2096/613 478/2095/613
f 484/2100/614 485/2099/614 478/2098/614
f 485/2103/615 486/2102/615 478/2101/615
f 486/2106/616 487/2105/616 478/2104/616
f 487/2109/617 488/2108/617 478/2107/617
f 488/2112/618 489/2111/618 478/2110/618
f 489/2115/619 490/2114/619 478/2113/619
f 490/2118/620 480/2117/620 478/2116/620
f 490/2130/621 489/2129/621 488/2128/621 487/2127/621 486/2126/621 485/2125/621 484/2124/621 483/2123/621 482/2122/621 481/2121/621 479/2120/621 480/2119/621
o group1068366929
g mesh1068366929
usemtl mat9
f 493/2133/622 492/2132/622 491/2131/622
f 492/2136/623 494/2135/623 491/2134/623
f 494/2139/624 495/2138/624 491/2137/624
f 495/2142/625 496/2141/625 491/2140/625
f 496/2145/626 497/2144/626 491/2143/626
f 497/2148/627 498/2147/627 491/2146/627
f 498/2151/628 499/2150/628 491/2149/628
f 499/2154/629 500/2153/629 491/2152/629
f 500/2157/630 501/2156/630 491/2155/630
f 501/2160/631 502/2159/631 491/2158/631
f 502/2163/632 503/2162/632 491/2161/632
f 503/2166/633 493/2165/633 491/2164/633
f 503/2178/634 502/2177/634 501/2176/634 500/2175/634 499/2174/634 498/2173/634 497/2172/634 496/2171/634 495/2170/634 494/2169/634 492/2168/634 493/2167/634
o group1120908415
g mesh1120908415
usemtl mat9
f 506/2181/635 505/2180/635 504/2179/635
f 505/2184/636 507/2183/636 504/2182/636
f 507/2187/637 508/2186/637 504/2185/637
f 508/2190/638 509/2189/638 504/2188/638
f 509/2193/639 510/2192/639 504/2191/639
f 510/2196/640 511/2195/640 504/2194/640
f 511/2199/641 512/2198/641 504/2197/641
f 512/2202/642 513/2201/642 504/2200/642
f 513/2205/643 514/2204/643 504/2203/643
f 514/2208/644 515/2207/644 504/2206/644
f 515/2211/645 516/2210/645 504/2209/645
f 516/2214/646 506/2213/646 504/2212/646
f 516/2226/647 515/2225/647 514/2224/647 513/2223/647 512/2222/647 511/2221/647 510/2220/647 509/2219/647 508/2218/647 507/2217/647 505/2216/647 506/2215/647
o group1942874722
g mesh1942874722
usemtl mat9
f 519/2229/648 518/2228/648 517/2227/648
f 518/2232/649 520/2231/649 517/2230/649
f 520/2235/650 521/2234/650 517/2233/650
f 521/2238/651 522/2237/651 517/2236/651
f 522/2241/652 523/2240/652 517/2239/652
f 523/2244/653 524/2243/653 517/2242/653
f 524/2247/654 525/2246/654 517/2245/654
f 525/2250/655 526/2249/655 517/2248/655
f 526/2253/656 527/2252/656 517/2251/656
f 527/2256/657 528/2255/657 517/2254/657
f 528/2259/658 529/2258/658 517/2257/658
f 529/2262/659 519/2261/659 517/2260/659
f 529/2274/660 528/2273/660 527/2272/660 526/2271/660 525/2270/660 524/2269/660 523/2268/660 522/2267/660 521/2266/660 520/2265/660 518/2264/660 519/2263/660
o group1863230867
g mesh1863230867
usemtl mat9
f 532/2277/661 531/2276/661 530/2275/661
f 531/2280/662 533/2279/662 530/2278/662
f 533/2283/663 534/2282/663 530/2281/663
f 534/2286/664 535/2285/664 530/2284/664
f 535/2289/665 536/2288/665 530/2287/665
f 536/2292/666 537/2291/666 530/2290/666
f 537/2295/667 538/2294/667 530/2293/667
f 538/2298/668 539/2297/668 530/2296/668
f 539/2301/669 540/2300/669 530/2299/669
f 540/2304/670 541/2303/670 530/2302/670
f 541/2307/671 542/2306/671 530/2305/671
f 542/2310/672 532/2309/672 530/2308/672
f 542/2322/673 541/2321/673 540/2320/673 539/2319/673 538/2318/673 537/2317/673 536/2316/673 535/2315/673 534/2314/673 533/2313/673 531/2312/673 532/2311/673
o group392589293
g mesh392589293
usemtl mat9
f 545/2325/674 544/2324/674 543/2323/674
f 544/2328/675 546/2327/675 543/2326/675
f 546/2331/676 547/2330/676 543/2329/676
f 547/2334/677 548/2333/677 543/2332/677
f 548/2337/678 549/2336/678 543/2335/678
f 549/2340/679 550/2339/679 543/2338/679
f 550/2343/680 551/2342/680 543/2341/680
f 551/2346/681 552/2345/681 543/2344/681
f 552/2349/682 553/2348/682 543/2347/682
f 553/2352/683 554/2351/683 543/2350/683
f 554/2355/684 555/2354/684 543/2353/684
f 555/2358/685 545/2357/685 543/2356/685
f 555/2370/686 554/2369/686 553/2368/686 552/2367/686 551/2366/686 550/2365/686 549/2364/686 548/2363/686 547/2362/686 546/2361/686 544/2360/686 545/2359/686
o group222266103
g mesh222266103
usemtl mat9
f 558/2373/687 557/2372/687 556/2371/687
f 557/2376/688 559/2375/688 556/2374/688
f 559/2379/689 560/2378/689 556/2377/689
f 560/2382/690 561/2381/690 556/2380/690
f 561/2385/691 562/2384/691 556/2383/691
f 562/2388/692 563/2387/692 556/2386/692
f 563/2391/693 564/2390/693 556/2389/693
f 564/2394/694 565/2393/694 556/2392/694
f 565/2397/695 566/2396/695 556/2395/695
f 566/2400/696 567/2399/696 556/2398/696
f 567/2403/697 568/2402/697 556/2401/697
f 568/2406/698 558/2405/698 556/2404/698
f 568/2418/699 567/2417/699 566/2416/699 565/2415/699 564/2414/699 563/2413/699 562/2412/699 561/2411/699 560/2410/699 559/2409/699 557/2408/699 558/2407/699
o group1749405195
g mesh1749405195
usemtl mat9
f 571/2421/700 570/2420/700 569/2419/700
f 570/2424/701 572/2423/701 569/2422/701
f 572/2427/702 573/2426/702 569/2425/702
f 573/2430/703 574/2429/703 569/2428/703
f 574/2433/704 575/2432/704 569/2431/704
f 575/2436/705 576/2435/705 569/2434/705
f 576/2439/706 577/2438/706 569/2437/706
f 577/2442/707 578/2441/707 569/2440/707
f 578/2445/708 579/2444/708 569/2443/708
f 579/2448/709 580/2447/709 569/2446/709
f 580/2451/710 581/2450/710 569/2449/710
f 581/2454/711 571/2453/711 569/2452/711
f 581/2466/712 580/2465/712 579/2464/712 578/2463/712 577/2462/712 576/2461/712 575/2460/712 574/2459/712 573/2458/712 572/2457/712 570/2456/712 571/2455/712
o group900107501
g mesh900107501
usemtl mat9
f 584/2469/713 583/2468/713 582/2467/713
f 583/2472/714 585/2471/714 582/2470/714
f 585/2475/715 586/2474/715 582/2473/715
f 586/2478/716 587/2477/716 582/2476/716
f 587/2481/717 588/2480/717 582/2479/717
f 588/2484/718 589/2483/718 582/2482/718
f 589/2487/719 590/2486/719 582/2485/719
f 590/2490/720 591/2489/720 582/2488/720
f 591/2493/721 592/2492/721 582/2491/721
f 592/2496/722 593/2495/722 582/2494/722
f 593/2499/723 594/2498/723 582/2497/723
f 594/2502/724 584/2501/724 582/2500/724
f 594/2514/725 593/2513/725 592/2512/725 591/2511/725 590/2510/725 589/2509/725 588/2508/725 587/2507/725 586/2506/725 585/2505/725 583/2504/725 584/2503/725
o group745851367
g mesh745851367
usemtl mat9
f 597/2517/726 596/2516/726 595/2515/726
f 596/2520/727 598/2519/727 595/2518/727
f 598/2523/728 599/2522/728 595/2521/728
f 599/2526/729 600/2525/729 595/2524/729
f 600/2529/730 601/2528/730 595/2527/730
f 601/2532/731 602/2531/731 595/2530/731
f 602/2535/732 603/2534/732 595/2533/732
f 603/2538/733 604/2537/733 595/2536/733
f 604/2541/734 605/2540/734 595/2539/734
f 605/2544/735 606/2543/735 595/2542/735
f 606/2547/736 607/2546/736 595/2545/736
f 607/2550/737 597/2549/737 595/2548/737
f 607/2562/738 606/2561/738 605/2560/738 604/2559/738 603/2558/738 602/2557/738 601/2556/738 600/2555/738 599/2554/738 598/2553/738 596/2552/738 597/2551/738
o group12693985
g mesh12693985
usemtl mat9
f 610/2565/739 609/2564/739 608/2563/739
f 609/2568/740 611/2567/740 608/2566/740
f 611/2571/741 612/2570/741 608/2569/741
f 612/2574/742 613/2573/742 608/2572/742
f 613/2577/743 614/2576/743 608/2575/743
f 614/2580/744 615/2579/744 608/2578/744
f 615/2583/745 616/2582/745 608/2581/745
f 616/2586/746 617/2585/746 608/2584/746
f 617/2589/747 618/2588/747 608/2587/747
f 618/2592/748 619/2591/748 608/2590/748
f 619/2595/749 620/2594/749 608/2593/749
f 620/2598/750 610/2597/750 608/2596/750
f 620/2610/751 619/2609/751 618/2608/751 617/2607/751 616/2606/751 615/2605/751 614/2604/751 613/2603/751 612/2602/751 611/2601/751 609/2600/751 610/2599/751
o group94338138
g mesh94338138
usemtl mat9
f 623/2613/752 622/2612/752 621/2611/752
f 622/2616/753 624/2615/753 621/2614/753
f 624/2619/754 625/2618/754 621/2617/754
f 625/2622/755 626/2621/755 621/2620/755
f 626/2625/756 627/2624/756 621/2623/756
f 627/2628/757 628/2627/757 621/2626/757
f 628/2631/758 629/2630/758 621/2629/758
f 629/2634/759 630/2633/759 621/2632/759
f 630/2637/760 631/2636/760 621/2635/760
f 631/2640/761 632/2639/761 621/2638/761
f 632/2643/762 633/2642/762 621/2641/762
f 633/2646/763 623/2645/763 621/2644/763
f 633/2658/764 632/2657/764 631/2656/764 630/2655/764 629/2654/764 628/2653/764 627/2652/764 626/2651/764 625/2650/764 624/2649/764 622/2648/764 623/2647/764
o group469019211
g mesh469019211
usemtl mat9
f 636/2661/765 635/2660/765 634/2659/765
f 635/2664/766 637/2663/766 634/2662/766
f 637/2667/767 638/2666/767 634/2665/767
f 638/2670/768 639/2669/768 634/2668/768
f 639/2673/769 640/2672/769 634/2671/769
f 640/2676/770 641/2675/770 634/2674/770
f 641/2679/771 642/2678/771 634/2677/771
f 642/2682/772 643/2681/772 634/2680/772
f 643/2685/773 644/2684/773 634/2683/773
f 644/2688/774 645/2687/774 634/2686/774
f 645/2691/775 646/2690/775 634/2689/775
f 646/2694/776 636/2693/776 634/2692/776
f 646/2706/777 645/2705/777 644/2704/777 643/2703/777 642/2702/777 641/2701/777 640/2700/777 639/2699/777 638/2698/777 637/2697/777 635/2696/777 636/2695/777
o group1140808943
g mesh1140808943
usemtl mat9
f 649/2709/778 648/2708/778 647/2707/778
f 648/2712/779 650/2711/779 647/2710/779
f 650/2715/780 651/2714/780 647/2713/780
f 651/2718/781 652/2717/781 647/2716/781
f 652/2721/782 653/2720/782 647/2719/782
f 653/2724/783 654/2723/783 647/2722/783
f 654/2727/784 655/2726/784 647/2725/784
f 655/2730/785 656/2729/785 647/2728/785
f 656/2733/786 657/2732/786 647/2731/786
f 657/2736/787 658/2735/787 647/2734/787
f 658/2739/788 659/2738/788 647/2737/788
f 659/2742/789 649/2741/789 647/2740/789
f 659/2754/790 658/2753/790 657/2752/790 656/2751/790 655/2750/790 654/2749/790 653/2748/790 652/2747/790 651/2746/790 650/2745/790 648/2744/790 649/2743/790
o group995648637
g mesh995648637
usemtl mat9
f 662/2757/791 661/2756/791 660/2755/791
f 661/2760/792 663/2759/792 660/2758/792
f 663/2763/793 664/2762/793 660/2761/793
f 664/2766/794 665/2765/794 660/2764/794
f 665/2769/795 666/2768/795 660/2767/795
f 666/2772/796 667/2771/796 660/2770/796
f 667/2775/797 668/2774/797 660/2773/797
f 668/2778/798 669/2777/798 660/2776/798
f 669/2781/799 670/2780/799 660/2779/799
f 670/2784/800 671/2783/800 660/2782/800
f 671/2787/801 672/2786/801 660/2785/801
f 672/2790/802 662/2789/802 660/2788/802
f 672/2802/803 671/2801/803 670/2800/803 669/2799/803 668/2798/803 667/2797/803 666/2796/803 665/2795/803 664/2794/803 663/2793/803 661/2792/803 662/2791/803
o group2012831258
g mesh2012831258
usemtl mat9
f 675/2805/804 674/2804/804 673/2803/804
f 674/2808/805 676/2807/805 673/2806/805
f 676/2811/806 677/2810/806 673/2809/806
f 677/2814/807 678/2813/807 673/2812/807
f 678/2817/808 679/2816/808 673/2815/808
f 679/2820/809 680/2819/809 673/2818/809
f 680/2823/810 681/2822/810 673/2821/810
f 681/2826/811 682/2825/811 673/2824/811
f 682/2829/812 683/2828/812 673/2827/812
f 683/2832/813 684/2831/813 673/2830/813
f 684/2835/814 685/2834/814 673/2833/814
f 685/2838/815 675/2837/815 673/2836/815
f 685/2850/816 684/2849/816 683/2848/816 682/2847/816 681/2846/816 680/2845/816 679/2844/816 678/2843/816 677/2842/816 676/2841/816 674/2840/816 675/2839/816
o group2085481046
g mesh2085481046
usemtl mat9
f 688/2853/817 687/2852/817 686/2851/817
f 687/2856/818 689/2855/818 686/2854/818
f 689/2859/819 690/2858/819 686/2857/819
f 690/2862/820 691/2861/820 686/2860/820
f 691/2865/821 692/2864/821 686/2863/821
f 692/2868/822 693/2867/822 686/2866/822
f 693/2871/823 694/2870/823 686/2869/823
f 694/2874/824 695/2873/824 686/2872/824
f 695/2877/825 696/2876/825 686/2875/825
f 696/2880/826 697/2879/826 686/2878/826
f 697/2883/827 698/2882/827 686/2881/827
f 698/2886/828 688/2885/828 686/2884/828
f 698/2898/829 697/2897/829 696/2896/829 695/2895/829 694/2894/829 693/2893/829 692/2892/829 691/2891/829 690/2890/829 689/2889/829 687/2888/829 688/2887/829
o group1390800270
g mesh1390800270
usemtl mat9
f 701/2901/830 700/2900/830 699/2899/830
f 700/2904/831 702/2903/831 699/2902/831
f 702/2907/832 703/2906/832 699/2905/832
f 703/2910/833 704/2909/833 699/2908/833
f 704/2913/834 705/2912/834 699/2911/834
f 705/2916/835 706/2915/835 699/2914/835
f 706/2919/836 707/2918/836 699/2917/836
f 707/2922/837 708/2921/837 699/2920/837
f 708/2925/838 709/2924/838 699/2923/838
f 709/2928/839 710/2927/839 699/2926/839
f 710/2931/840 711/2930/840 699/2929/840
f 711/2934/841 701/2933/841 699/2932/841
f 711/2946/842 710/2945/842 709/2944/842 708/2943/842 707/2942/842 706/2941/842 705/2940/842 704/2939/842 703/2938/842 702/2937/842 700/2936/842 701/2935/842
o group1515952283
g mesh1515952283
usemtl mat9
f 714/2949/843 713/2948/843 712/2947/843
f 713/2952/844 715/2951/844 712/2950/844
f 715/2955/845 716/2954/845 712/2953/845
f 716/2958/846 717/2957/846 712/2956/846
f 717/2961/847 718/2960/847 712/2959/847
f 718/2964/848 719/2963/848 712/2962/848
f 719/2967/849 720/2966/849 712/2965/849
f 720/2970/850 721/2969/850 712/2968/850
f 721/2973/851 722/2972/851 712/2971/851
f 722/2976/852 723/2975/852 712/2974/852
f 723/2979/853 724/2978/853 712/2977/853
f 724/2982/854 714/2981/854 712/2980/854
f 724/2994/855 723/2993/855 722/2992/855 721/2991/855 720/2990/855 719/2989/855 718/2988/855 717/2987/855 716/2986/855 715/2985/855 713/2984/855 714/2983/855
o group1835018372
g mesh1835018372
usemtl mat9
f 727/2997/856 726/2996/856 725/2995/856
f 726/3000/857 728/2999/857 725/2998/857
f 728/3003/858 729/3002/858 725/3001/858
f 729/3006/859 730/3005/859 725/3004/859
f 730/3009/860 731/3008/860 725/3007/860
f 731/3012/861 732/3011/861 725/3010/861
f 732/3015/862 733/3014/862 725/3013/862
f 733/3018/863 734/3017/863 725/3016/863
f 734/3021/864 735/3020/864 725/3019/864
f 735/3024/865 736/3023/865 725/3022/865
f 736/3027/866 737/3026/866 725/3025/866
f 737/3030/867 727/3029/867 725/3028/867
f 737/3042/868 736/3041/868 735/3040/868 734/3039/868 733/3038/868 732/3037/868 731/3036/868 730/3035/868 729/3034/868 728/3033/868 726/3032/868 727/3031/868
o group1865544696
g mesh1865544696
usemtl mat9
f 740/3045/869 739/3044/869 738/3043/869
f 739/3048/870 741/3047/870 738/3046/870
f 741/3051/871 742/3050/871 738/3049/871
f 742/3054/872 743/3053/872 738/3052/872
f 743/3057/873 744/3056/873 738/3055/873
f 744/3060/874 745/3059/874 738/3058/874
f 745/3063/875 746/3062/875 738/3061/875
f 746/3066/876 747/3065/876 738/3064/876
f 747/3069/877 748/3068/877 738/3067/877
f 748/3072/878 749/3071/878 738/3070/878
f 749/3075/879 750/3074/879 738/3073/879
f 750/3078/880 740/3077/880 738/3076/880
f 750/3090/881 749/3089/881 748/3088/881 747/3087/881 746/3086/881 745/3085/881 744/3084/881 743/3083/881 742/3082/881 741/3081/881 739/3080/881 740/3079/881
o group41305655
g mesh41305655
usemtl mat9
f 753/3093/882 752/3092/882 751/3091/882
f 752/3096/883 754/3095/883 751/3094/883
f 754/3099/884 755/3098/884 751/3097/884
f 755/3102/885 756/3101/885 751/3100/885
f 756/3105/886 757/3104/886 751/3103/886
f 757/3108/887 758/3107/887 751/3106/887
f 758/3111/888 759/3110/888 751/3109/888
f 759/3114/889 760/3113/889 751/3112/889
f 760/3117/890 761/3116/890 751/3115/890
f 761/3120/891 762/3119/891 751/3118/891
f 762/3123/892 763/3122/892 751/3121/892
f 763/3126/893 753/3125/893 751/3124/893
f 763/3138/894 762/3137/894 761/3136/894 760/3135/894 759/3134/894 758/3133/894 757/3132/894 756/3131/894 755/3130/894 754/3129/894 752/3128/894 753/3127/894
o group893390841
g mesh893390841
usemtl mat9
f 766/3141/895 765/3140/895 764/3139/895
f 765/3144/896 767/3143/896 764/3142/896
f 767/3147/897 768/3146/897 764/3145/897
f 768/3150/898 769/3149/898 764/3148/898
f 769/3153/899 770/3152/899 764/3151/899
f 770/3156/900 771/3155/900 764/3154/900
f 771/3159/901 772/3158/901 764/3157/901
f 772/3162/902 773/3161/902 764/3160/902
f 773/3165/903 774/3164/903 764/3163/903
f 774/3168/904 775/3167/904 764/3166/904
f 775/3171/905 776/3170/905 764/3169/905
f 776/3174/906 766/3173/906 764/3172/906
f 776/3186/907 775/3185/907 774/3184/907 773/3183/907 772/3182/907 771/3181/907 770/3180/907 769/3179/907 768/3178/907 767/3177/907 765/3176/907 766/3175/907
o group560310846
g mesh560310846
usemtl mat9
f 779/3189/908 778/3188/908 777/3187/908
f 778/3192/909 780/3191/909 777/3190/909
f 780/3195/910 781/3194/910 777/3193/910
f 781/3198/911 782/3197/911 777/3196/911
f 782/3201/912 783/3200/912 777/3199/912
f 783/3204/913 784/3203/913 777/3202/913
f 784/3207/914 785/3206/914 777/3205/914
f 785/3210/915 786/3209/915 777/3208/915
f 786/3213/916 787/3212/916 777/3211/916
f 787/3216/917 788/3215/917 777/3214/917
f 788/3219/918 789/3218/918 777/3217/918
f 789/3222/919 779/3221/919 777/3220/919
f 789/3234/920 788/3233/920 787/3232/920 786/3231/920 785/3230/920 784/3229/920 783/3228/920 782/3227/920 781/3226/920 780/3225/920 778/3224/920 779/3223/920
o group1902698276
g mesh1902698276
usemtl mat9
f 792/3237/921 791/3236/921 790/3235/921
f 791/3240/922 793/3239/922 790/3238/922
f 793/3243/923 794/3242/923 790/3241/923
f 794/3246/924 795/3245/924 790/3244/924
f 795/3249/925 796/3248/925 790/3247/925
f 796/3252/926 797/3251/926 790/3250/926
f 797/3255/927 798/3254/927 790/3253/927
f 798/3258/928 799/3257/928 790/3256/928
f 799/3261/929 800/3260/929 790/3259/929
f 800/3264/930 801/3263/930 790/3262/930
f 801/3267/931 802/3266/931 790/3265/931
f 802/3270/932 792/3269/932 790/3268/932
f 802/3282/933 801/3281/933 800/3280/933 799/3279/933 798/3278/933 797/3277/933 796/3276/933 795/3275/933 794/3274/933 793/3273/933 791/3272/933 792/3271/933
o group1669537430
g mesh1669537430
usemtl mat9
f 805/3285/934 804/3284/934 803/3283/934
f 804/3288/935 806/3287/935 803/3286/935
f 806/3291/936 807/3290/936 803/3289/936
f 807/3294/937 808/3293/937 803/3292/937
f 808/3297/938 809/3296/938 803/3295/938
f 809/3300/939 810/3299/939 803/3298/939
f 810/3303/940 811/3302/940 803/3301/940
f 811/3306/941 812/3305/941 803/3304/941
f 812/3309/942 813/3308/942 803/3307/942
f 813/3312/943 814/3311/943 803/3310/943
f 814/3315/944 815/3314/944 803/3313/944
f 815/3318/945 805/3317/945 803/3316/945
f 815/3330/946 814/3329/946 813/3328/946 812/3327/946 811/3326/946 810/3325/946 809/3324/946 808/3323/946 807/3322/946 806/3321/946 804/3320/946 805/3319/946
o group1479430483
g mesh1479430483
usemtl mat9
f 818/3333/947 817/3332/947 816/3331/947
f 817/3336/948 819/3335/948 816/3334/948
f 819/3339/949 820/3338/949 816/3337/949
f 820/3342/950 821/3341/950 816/3340/950
f 821/3345/951 822/3344/951 816/3343/951
f 822/3348/952 823/3347/952 816/3346/952
f 823/3351/953 824/3350/953 816/3349/953
f 824/3354/954 825/3353/954 816/3352/954
f 825/3357/955 826/3356/955 816/3355/955
f 826/3360/956 827/3359/956 816/3358/956
f 827/3363/957 828/3362/957 816/3361/957
f 828/3366/958 818/3365/958 816/3364/958
f 828/3378/959 827/3377/959 826/3376/959 825/3375/959 824/3374/959 823/3373/959 822/3372/959 821/3371/959 820/3370/959 819/3369/959 817/3368/959 818/3367/959
o group1024184847
g mesh1024184847
usemtl mat9
f 831/3381/960 830/3380/960 829/3379/960
f 830/3384/961 832/3383/961 829/3382/961
f 832/3387/962 833/3386/962 829/3385/962
f 833/3390/963 834/3389/963 829/3388/963
f 834/3393/964 835/3392/964 829/3391/964
f 835/3396/965 836/3395/965 829/3394/965
f 836/3399/966 837/3398/966 829/3397/966
f 837/3402/967 838/3401/967 829/3400/967
f 838/3405/968 839/3404/968 829/3403/968
f 839/3408/969 840/3407/969 829/3406/969
f 840/3411/970 841/3410/970 829/3409/970
f 841/3414/971 831/3413/971 829/3412/971
f 841/3426/972 840/3425/972 839/3424/972 838/3423/972 837/3422/972 836/3421/972 835/3420/972 834/3419/972 833/3418/972 832/3417/972 830/3416/972 831/3415/972
o group1169092778
g mesh1169092778
usemtl mat9
f 844/3429/973 843/3428/973 842/3427/973
f 843/3432/974 845/3431/974 842/3430/974
f 845/3435/975 846/3434/975 842/3433/975
f 846/3438/976 847/3437/976 842/3436/976
f 847/3441/977 848/3440/977 842/3439/977
f 848/3444/978 849/3443/978 842/3442/978
f 849/3447/979 850/3446/979 842/3445/979
f 850/3450/980 851/3449/980 842/3448/980
f 851/3453/981 852/3452/981 842/3451/981
f 852/3456/982 853/3455/982 842/3454/982
f 853/3459/983 854/3458/983 842/3457/983
f 854/3462/984 844/3461/984 842/3460/984
f 854/3474/985 853/3473/985 852/3472/985 851/3471/985 850/3470/985 849/3469/985 848/3468/985 847/3467/985 846/3466/985 845/3465/985 843/3464/985 844/3463/985
o group670711004
g mesh670711004
usemtl mat9
f 857/3477/986 856/3476/986 855/3475/986
f 856/3480/987 858/3479/987 855/3478/987
f 858/3483/988 859/3482/988 855/3481/988
f 859/3486/989 860/3485/989 855/3484/989
f 860/3489/990 861/3488/990 855/3487/990
f 861/3492/991 862/3491/991 855/3490/991
f 862/3495/992 863/3494/992 855/3493/992
f 863/3498/993 864/3497/993 855/3496/993
f 864/3501/994 865/3500/994 855/3499/994
f 865/3504/995 866/3503/995 855/3502/995
f 866/3507/996 867/3506/996 855/3505/996
f 867/3510/997 857/3509/997 855/3508/997
f 867/3522/998 866/3521/998 865/3520/998 864/3519/998 863/3518/998 862/3517/998 861/3516/998 860/3515/998 859/3514/998 858/3513/998 856/3512/998 857/3511/998
o group1529767377
g mesh1529767377
usemtl mat9
f 870/3525/999 869/3524/999 868/3523/999
f 869/3528/1000 871/3527/1000 868/3526/1000
f 871/3531/1001 872/3530/1001 868/3529/1001
f 872/3534/1002 873/3533/1002 868/3532/1002
f 873/3537/1003 874/3536/1003 868/3535/1003
f 874/3540/1004 875/3539/1004 868/3538/1004
f 875/3543/1005 876/3542/1005 868/3541/1005
f 876/3546/1006 877/3545/1006 868/3544/1006
f 877/3549/1007 878/3548/1007 868/3547/1007
f 878/3552/1008 879/3551/1008 868/3550/1008
f 879/3555/1009 880/3554/1009 868/3553/1009
f 880/3558/1010 870/3557/1010 868/3556/1010
f 880/3570/1011 879/3569/1011 878/3568/1011 877/3567/1011 876/3566/1011 875/3565/1011 874/3564/1011 873/3563/1011 872/3562/1011 871/3561/1011 869/3560/1011 870/3559/1011
o group922474109
g mesh922474109
usemtl mat9
f 883/3573/1012 882/3572/1012 881/3571/1012
f 882/3576/1013 884/3575/1013 881/3574/1013
f 884/3579/1014 885/3578/1014 881/3577/1014
f 885/3582/1015 886/3581/1015 881/3580/1015
f 886/3585/1016 887/3584/1016 881/3583/1016
f 887/3588/1017 888/3587/1017 881/3586/1017
f 888/3591/1018 889/3590/1018 881/3589/1018
f 889/3594/1019 890/3593/1019 881/3592/1019
f 890/3597/1020 891/3596/1020 881/3595/1020
f 891/3600/1021 892/3599/1021 881/3598/1021
f 892/3603/1022 893/3602/1022 881/3601/1022
f 893/3606/1023 883/3605/1023 881/3604/1023
f 893/3618/1024 892/3617/1024 891/3616/1024 890/3615/1024 889/3614/1024 888/3613/1024 887/3612/1024 886/3611/1024 885/3610/1024 884/3609/1024 882/3608/1024 883/3607/1024
o group1395537914
g mesh1395537914
usemtl mat9
f 896/3621/1025 895/3620/1025 894/3619/1025
f 895/3624/1026 897/3623/1026 894/3622/1026
f 897/3627/1027 898/3626/1027 894/3625/1027
f 898/3630/1028 899/3629/1028 894/3628/1028
f 899/3633/1029 900/3632/1029 894/3631/1029
f 900/3636/1030 901/3635/1030 894/3634/1030
f 901/3639/1031 902/3638/1031 894/3637/1031
f 902/3642/1032 903/3641/1032 894/3640/1032
f 903/3645/1033 904/3644/1033 894/3643/1033
f 904/3648/1034 905/3647/1034 894/3646/1034
f 905/3651/1035 906/3650/1035 894/3649/1035
f 906/3654/1036 896/3653/1036 894/3652/1036
f 906/3666/1037 905/3665/1037 904/3664/1037 903/3663/1037 902/3662/1037 901/3661/1037 900/3660/1037 899/3659/1037 898/3658/1037 897/3657/1037 895/3656/1037 896/3655/1037
o group1515101076
g mesh1515101076
usemtl mat9
f 909/3669/1038 908/3668/1038 907/3667/1038
f 908/3672/1039 910/3671/1039 907/3670/1039
f 910/3675/1040 911/3674/1040 907/3673/1040
f 911/3678/1041 912/3677/1041 907/3676/1041
f 912/3681/1042 913/3680/1042 907/3679/1042
f 913/3684/1043 914/3683/1043 907/3682/1043
f 914/3687/1044 915/3686/1044 907/3685/1044
f 915/3690/1045 916/3689/1045 907/3688/1045
f 916/3693/1046 917/3692/1046 907/3691/1046
f 917/3696/1047 918/3695/1047 907/3694/1047
f 918/3699/1048 919/3698/1048 907/3697/1048
f 919/3702/1049 909/3701/1049 907/3700/1049
f 919/3714/1050 918/3713/1050 917/3712/1050 916/3711/1050 915/3710/1050 914/3709/1050 913/3708/1050 912/3707/1050 911/3706/1050 910/3705/1050 908/3704/1050 909/3703/1050
o group447149205
g mesh447149205
usemtl mat9
f 922/3717/1051 921/3716/1051 920/3715/1051
f 921/3720/1052 923/3719/1052 920/3718/1052
f 923/3723/1053 924/3722/1053 920/3721/1053
f 924/3726/1054 925/3725/1054 920/3724/1054
f 925/3729/1055 926/3728/1055 920/3727/1055
f 926/3732/1056 927/3731/1056 920/3730/1056
f 927/3735/1057 928/3734/1057 920/3733/1057
f 928/3738/1058 929/3737/1058 920/3736/1058
f 929/3741/1059 930/3740/1059 920/3739/1059
f 930/3744/1060 931/3743/1060 920/3742/1060
f 931/3747/1061 932/3746/1061 920/3745/1061
f 932/3750/1062 922/3749/1062 920/3748/1062
f 932/3762/1063 931/3761/1063 930/3760/1063 929/3759/1063 928/3758/1063 927/3757/1063 926/3756/1063 925/3755/1063 924/3754/1063 923/3753/1063 921/3752/1063 922/3751/1063
o group55337322
g mesh55337322
usemtl mat9
f 935/3765/1064 934/3764/1064 933/3763/1064
f 934/3768/1065 936/3767/1065 933/3766/1065
f 936/3771/1066 937/3770/1066 933/3769/1066
f 937/3774/1067 938/3773/1067 933/3772/1067
f 938/3777/1068 939/3776/1068 933/3775/1068
f 939/3780/1069 940/3779/1069 933/3778/1069
f 940/3783/1070 941/3782/1070 933/3781/1070
f 941/3786/1071 942/3785/1071 933/3784/1071
f 942/3789/1072 943/3788/1072 933/3787/1072
f 943/3792/1073 944/3791/1073 933/3790/1073
f 944/3795/1074 945/3794/1074 933/3793/1074
f 945/3798/1075 935/3797/1075 933/3796/1075
f 945/3810/1076 944/3809/1076 943/3808/1076 942/3807/1076 941/3806/1076 940/3805/1076 939/3804/1076 938/3803/1076 937/3802/1076 936/3801/1076 934/3800/1076 935/3799/1076
o group490640203
g mesh490640203
usemtl mat9
f 948/3813/1077 947/3812/1077 946/3811/1077
f 947/3816/1078 949/3815/1078 946/3814/1078
f 949/3819/1079 950/3818/1079 946/3817/1079
f 950/3822/1080 951/3821/1080 946/3820/1080
f 951/3825/1081 952/3824/1081 946/3823/1081
f 952/3828/1082 953/3827/1082 946/3826/1082
f 953/3831/1083 954/3830/1083 946/3829/1083
f 954/3834/1084 955/3833/1084 946/3832/1084
f 955/3837/1085 956/3836/1085 946/3835/1085
f 956/3840/1086 957/3839/1086 946/3838/1086
f 957/3843/1087 958/3842/1087 946/3841/1087
f 958/3846/1088 948/3845/1088 946/3844/1088
f 958/3858/1089 957/3857/1089 956/3856/1089 955/3855/1089 954/3854/1089 953/3853/1089 952/3852/1089 951/3851/1089 950/3850/1089 949/3849/1089 947/3848/1089 948/3847/1089
o group762391302
g mesh762391302
usemtl mat9
f 961/3861/1090 960/3860/1090 959/3859/1090
f 960/3864/1091 962/3863/1091 959/3862/1091
f 962/3867/1092 963/3866/1092 959/3865/1092
f 963/3870/1093 964/3869/1093 959/3868/1093
f 964/3873/1094 965/3872/1094 959/3871/1094
f 965/3876/1095 966/3875/1095 959/3874/1095
f 966/3879/1096 967/3878/1096 959/3877/1096
f 967/3882/1097 968/3881/1097 959/3880/1097
f 968/3885/1098 969/3884/1098 959/3883/1098
f 969/3888/1099 970/3887/1099 959/3886/1099
f 970/3891/1100 971/3890/1100 959/3889/1100
f 971/3894/1101 961/3893/1101 959/3892/1101
f 971/3906/1102 970/3905/1102 969/3904/1102 968/3903/1102 967/3902/1102 966/3901/1102 965/3900/1102 964/3899/1102 963/3898/1102 962/3897/1102 960/3896/1102 961/3895/1102
o group116624096
g mesh116624096
usemtl mat9
f 974/3909/1103 973/3908/1103 972/3907/1103
f 973/3912/1104 975/3911/1104 972/3910/1104
f 975/3915/1105 976/3914/1105 972/3913/1105
f 976/3918/1106 977/3917/1106 972/3916/1106
f 977/3921/1107 978/3920/1107 972/3919/1107
f 978/3924/1108 979/3923/1108 972/3922/1108
f 979/3927/1109 980/3926/1109 972/3925/1109
f 980/3930/1110 981/3929/1110 972/3928/1110
f 981/3933/1111 982/3932/1111 972/3931/1111
f 982/3936/1112 983/3935/1112 972/3934/1112
f 983/3939/1113 984/3938/1113 972/3937/1113
f 984/3942/1114 974/3941/1114 972/3940/1114
f 984/3954/1115 983/3953/1115 982/3952/1115 981/3951/1115 980/3950/1115 979/3949/1115 978/3948/1115 977/3947/1115 976/3946/1115 975/3945/1115 973/3944/1115 974/3943/1115
o group1974039506
g mesh1974039506
usemtl mat9
f 987/3957/1116 986/3956/1116 985/3955/1116
f 986/3960/1117 988/3959/1117 985/3958/1117
f 988/3963/1118 989/3962/1118 985/3961/1118
f 989/3966/1119 990/3965/1119 985/3964/1119
f 990/3969/1120 991/3968/1120 985/3967/1120
f 991/3972/1121 992/3971/1121 985/3970/1121
f 992/3975/1122 993/3974/1122 985/3973/1122
f 993/3978/1123 994/3977/1123 985/3976/1123
f 994/3981/1124 995/3980/1124 985/3979/1124
f 995/3984/1125 996/3983/1125 985/3982/1125
f 996/3987/1126 997/3986/1126 985/3985/1126
f 997/3990/1127 987/3989/1127 985/3988/1127
f 997/4002/1128 996/4001/1128 995/4000/1128 994/3999/1128 993/3998/1128 992/3997/1128 991/3996/1128 990/3995/1128 989/3994/1128 988/3993/1128 986/3992/1128 987/3991/1128
o group420543714
g mesh420543714
usemtl mat9
f 1000/4005/1129 999/4004/1129 998/4003/1129
f 999/4008/1130 1001/4007/1130 998/4006/1130
f 1001/4011/1131 1002/4010/1131 998/4009/1131
f 1002/4014/1132 1003/4013/1132 998/4012/1132
f 1003/4017/1133 1004/4016/1133 998/4015/1133
f 1004/4020/1134 1005/4019/1134 998/4018/1134
f 1005/4023/1135 1006/4022/1135 998/4021/1135
f 1006/4026/1136 1007/4025/1136 998/4024/1136
f 1007/4029/1137 1008/4028/1137 998/4027/1137
f 1008/4032/1138 1009/4031/1138 998/4030/1138
f 1009/4035/1139 1010/4034/1139 998/4033/1139
f 1010/4038/1140 1000/4037/1140 998/4036/1140
f 1010/4050/1141 1009/4049/1141 1008/4048/1141 1007/4047/1141 1006/4046/1141 1005/4045/1141 1004/4044/1141 1003/4043/1141 1002/4042/1141 1001/4041/1141 999/4040/1141 1000/4039/1141
o group2038800451
g mesh2038800451
usemtl mat9
f 1013/4053/1142 1012/4052/1142 1011/4051/1142
f 1012/4056/1143 1014/4055/1143 1011/4054/1143
f 1014/4059/1144 1015/4058/1144 1011/4057/1144
f 1015/4062/1145 1016/4061/1145 1011/4060/1145
f 1016/4065/1146 1017/4064/1146 1011/4063/1146
f 1017/4068/1147 1018/4067/1147 1011/4066/1147
f 1018/4071/1148 1019/4070/1148 1011/4069/1148
f 1019/4074/1149 1020/4073/1149 1011/4072/1149
f 1020/4077/1150 1021/4076/1150 1011/4075/1150
f 1021/4080/1151 1022/4079/1151 1011/4078/1151
f 1022/4083/1152 1023/4082/1152 1011/4081/1152
f 1023/4086/1153 1013/4085/1153 1011/4084/1153
f 1023/4098/1154 1022/4097/1154 1021/4096/1154 1020/4095/1154 1019/4094/1154 1018/4093/1154 1017/4092/1154 1016/4091/1154 1015/4090/1154 1014/4089/1154 1012/4088/1154 1013/4087/1154
o group1638450573
g mesh1638450573
usemtl mat10
f 1027/4102/1155 1026/4101/1155 1025/4100/1155 1024/4099/1155
f 1026/4106/1156 1029/4105/1156 1028/4104/1156 1025/4103/1156
f 1029/4110/1157 1027/4109/1157 1024/4108/1157 1028/4107/1157
f 1024/4113/1158 1025/4112/1158 1028/4111/1158
f 1029/4116/1159 1026/4115/1159 1027/4114/1159
f 1031/4120/1160 1030/4119/1160 1025/4118/1160 1028/4117/1160
f 1030/4124/1161 1032/4123/1161 1024/4122/1161 1025/4121/1161
f 1032/4128/1162 1031/4127/1162 1028/4126/1162 1024/4125/1162
f 1032/4131/1163 1030/4130/1163 1031/4129/1163
f 1034/4135/1164 1033/4134/1164 1030/4133/1164 1031/4132/1164
f 1033/4139/1165 1035/4138/1165 1032/4137/1165 1030/4136/1165
f 1035/4143/1166 1034/4142/1166 1031/4141/1166 1032/4140/1166
f 1035/4146/1167 1033/4145/1167 1034/4144/1167
f 1037/4150/1168 1036/4149/1168 1033/4148/1168 1034/4147/1168
f 1036/4154/1169 1038/4153/1169 1035/4152/1169 1033/4151/1169
f 1038/4158/1170 1037/4157/1170 1034/4156/1170 1035/4155/1170
f 1038/4161/1171 1036/4160/1171 1037/4159/1171
f 1040/4165/1172 1039/4164/1172 1036/4163/1172 1037/4162/1172
f 1039/4169/1173 1041/4168/1173 1038/4167/1173 1036/4166/1173
f 1041/4173/1174 1040/4172/1174 1037/4171/1174 1038/4170/1174
f 1041/4176/1175 1039/4175/1175 1040/4174/1175
o group1389827767
g mesh1389827767
usemtl mat10
f 1045/4180/1176 1044/4179/1176 1043/4178/1176 1042/4177/1176
f 1044/4184/1177 1047/4183/1177 1046/4182/1177 1043/4181/1177
f 1047/4188/1178 1045/4187/1178 1042/4186/1178 1046/4185/1178
f 1042/4191/1179 1043/4190/1179 1046/4189/1179
f 1047/4194/1180 1044/4193/1180 1045/4192/1180
f 1049/4198/1181 1048/4197/1181 1043/4196/1181 1046/4195/1181
f 1048/4202/1182 1050/4201/1182 1042/4200/1182 1043/4199/1182
f 1050/4206/1183 1049/4205/1183 1046/4204/1183 1042/4203/1183
f 1050/4209/1184 1048/4208/1184 1049/4207/1184
f 1052/4213/1185 1051/4212/1185 1048/4211/1185 1049/4210/1185
f 1051/4217/1186 1053/4216/1186 1050/4215/1186 1048/4214/1186
f 1053/4221/1187 1052/4220/1187 1049/4219/1187 1050/4218/1187
f 1053/4224/1188 1051/4223/1188 1052/4222/1188
o group1942888000
g mesh1942888000
usemtl mat10
f 1057/4228/1189 1056/4227/1189 1055/4226/1189 1054/4225/1189
f 1056/4232/1190 1059/4231/1190 1058/4230/1190 1055/4229/1190
f 1059/4236/1191 1057/4235/1191 1054/4234/1191 1058/4233/1191
f 1054/4239/1192 1055/4238/1192 1058/4237/1192
f 1059/4242/1193 1056/4241/1193 1057/4240/1193
f 1061/4246/1194 1060/4245/1194 1055/4244/1194 1058/4243/1194
f 1060/4250/1195 1062/4249/1195 1054/4248/1195 1055/4247/1195
f 1062/4254/1196 1061/4253/1196 1058/4252/1196 1054/4251/1196
f 1062/4257/1197 1060/4256/1197 1061/4255/1197
f 1064/4261/1198 1063/4260/1198 1060/4259/1198 1061/4258/1198
f 1063/4265/1199 1065/4264/1199 1062/4263/1199 1060/4262/1199
f 1065/4269/1200 1064/4268/1200 1061/4267/1200 1062/4266/1200
f 1065/4272/1201 1063/4271/1201 1064/4270/1201
f 1067/4276/1202 1066/4275/1202 1063/4274/1202 1064/4273/1202
f 1066/4280/1203 1068/4279/1203 1065/4278/1203 1063/4277/1203
f 1068/4284/1204 1067/4283/1204 1064/4282/1204 1065/4281/1204
f 1068/4287/1205 1066/4286/1205 1067/4285/1205
o group1104572120
g mesh1104572120
usemtl mat10
f 1072/4291/1206 1071/4290/1206 1070/4289/1206 1069/4288/1206
f 1071/4295/1207 1074/4294/1207 1073/4293/1207 1070/4292/1207
f 1074/4299/1208 1072/4298/1208 1069/4297/1208 1073/4296/1208
f 1069/4302/1209 1070/4301/1209 1073/4300/1209
f 1074/4305/1210 1071/4304/1210 1072/4303/1210
f 1076/4309/1211 1075/4308/1211 1070/4307/1211 1073/4306/1211
f 1075/4313/1212 1077/4312/1212 1069/4311/1212 1070/4310/1212
f 1077/4317/1213 1076/4316/1213 1073/4315/1213 1069/4314/1213
f 1077/4320/1214 1075/4319/1214 1076/4318/1214
f 1079/4324/1215 1078/4323/1215 1075/4322/1215 1076/4321/1215
f 1078/4328/1216 1080/4327/1216 1077/4326/1216 1075/4325/1216
f 1080/4332/1217 1079/4331/1217 1076/4330/1217 1077/4329/1217
f 1080/4335/1218 1078/4334/1218 1079/4333/1218
f 1082/4339/1219 1081/4338/1219 1078/4337/1219 1079/4336/1219
f 1081/4343/1220 1083/4342/1220 1080/4341/1220 1078/4340/1220
f 1083/4347/1221 1082/4346/1221 1079/4345/1221 1080/4344/1221
f 1083/4350/1222 1081/4349/1222 1082/4348/1222
o group1716816489
g mesh1716816489
usemtl mat10
f 1087/4354/1223 1086/4353/1223 1085/4352/1223 1084/4351/1223
f 1086/4358/1224 1089/4357/1224 1088/4356/1224 1085/4355/1224
f 1089/4362/1225 1087/4361/1225 1084/4360/1225 1088/4359/1225
f 1084/4365/1226 1085/4364/1226 1088/4363/1226
f 1089/4368/1227 1086/4367/1227 1087/4366/1227
f 1091/4372/1228 1090/4371/1228 1085/4370/1228 1088/4369/1228
f 1090/4376/1229 1092/4375/1229 1084/4374/1229 1085/4373/1229
f 1092/4380/1230 1091/4379/1230 1088/4378/1230 1084/4377/1230
f 1092/4383/1231 1090/4382/1231 1091/4381/1231
f 1094/4387/1232 1093/4386/1232 1090/4385/1232 1091/4384/1232
f 1093/4391/1233 1095/4390/1233 1092/4389/1233 1090/4388/1233
f 1095/4395/1234 1094/4394/1234 1091/4393/1234 1092/4392/1234
f 1095/4398/1235 1093/4397/1235 1094/4396/1235
f 1097/4402/1236 1096/4401/1236 1093/4400/1236 1094/4399/1236
f 1096/4406/1237 1098/4405/1237 1095/4404/1237 1093/4403/1237
f 1098/4410/1238 1097/4409/1238 1094/4408/1238 1095/4407/1238
f 1098/4413/1239 1096/4412/1239 1097/4411/1239
f 1100/4417/1240 1099/4416/1240 1096/4415/1240 1097/4414/1240
f 1099/4421/1241 1101/4420/1241 1098/4419/1241 1096/4418/1241
f 1101/4425/1242 1100/4424/1242 1097/4423/1242 1098/4422/1242
f 1101/4428/1243 1099/4427/1243 1100/4426/1243
o group1288926576
g mesh1288926576
usemtl mat10
f 1105/4432/1244 1104/4431/1244 1103/4430/1244 1102/4429/1244
f 1104/4436/1245 1107/4435/1245 1106/4434/1245 1103/4433/1245
f 1107/4440/1246 1105/4439/1246 1102/4438/1246 1106/4437/1246
f 1102/4443/1247 1103/4442/1247 1106/4441/1247
f 1107/4446/1248 1104/4445/1248 1105/4444/1248
f 1109/4450/1249 1108/4449/1249 1103/4448/1249 1106/4447/1249
f 1108/4454/1250 1110/4453/1250 1102/4452/1250 1103/4451/1250
f 1110/4458/1251 1109/4457/1251 1106/4456/1251 1102/4455/1251
f 1110/4461/1252 1108/4460/1252 1109/4459/1252
f 1112/4465/1253 1111/4464/1253 1108/4463/1253 1109/4462/1253
f 1111/4469/1254 1113/4468/1254 1110/4467/1254 1108/4466/1254
f 1113/4473/1255 1112/4472/1255 1109/4471/1255 1110/4470/1255
f 1113/4476/1256 1111/4475/1256 1112/4474/1256
f 1115/4480/1257 1114/4479/1257 1111/4478/1257 1112/4477/1257
f 1114/4484/1258 1116/4483/1258 1113/4482/1258 1111/4481/1258
f 1116/4488/1259 1115/4487/1259 1112/4486/1259 1113/4485/1259
f 1116/4491/1260 1114/4490/1260 1115/4489/1260
f 1118/4495/1261 1117/4494/1261 1114/4493/1261 1115/4492/1261
f 1117/4499/1262 1119/4498/1262 1116/4497/1262 1114/4496/1262
f 1119/4503/1263 1118/4502/1263 1115/4501/1263 1116/4500/1263
f 1119/4506/1264 1117/4505/1264 1118/4504/1264
o group494501882
g mesh494501882
usemtl mat10
f 1123/4510/1265 1122/4509/1265 1121/4508/1265 1120/4507/1265
f 1122/4514/1266 1125/4513/1266 1124/4512/1266 1121/4511/1266
f 1125/4518/1267 1123/4517/1267 1120/4516/1267 1124/4515/1267
f 1120/4521/1268 1121/4520/1268 1124/4519/1268
f 1125/4524/1269 1122/4523/1269 1123/4522/1269
f 1127/4528/1270 1126/4527/1270 1121/4526/1270 1124/4525/1270
f 1126/4532/1271 1128/4531/1271 1120/4530/1271 1121/4529/1271
f 1128/4536/1272 1127/4535/1272 1124/4534/1272 1120/4533/1272
f 1128/4539/1273 1126/4538/1273 1127/4537/1273
f 1130/4543/1274 1129/4542/1274 1126/4541/1274 1127/4540/1274
f 1129/4547/1275 1131/4546/1275 1128/4545/1275 1126/4544/1275
f 1131/4551/1276 1130/4550/1276 1127/4549/1276 1128/4548/1276
f 1131/4554/1277 1129/4553/1277 1130/4552/1277
f 1133/4558/1278 1132/4557/1278 1129/4556/1278 1130/4555/1278
f 1132/4562/1279 1134/4561/1279 1131/4560/1279 1129/4559/1279
f 1134/4566/1280 1133/4565/1280 1130/4564/1280 1131/4563/1280
f 1134/4569/1281 1132/4568/1281 1133/4567/1281
o group907092610
g mesh907092610
usemtl mat10
f 1138/4573/1282 1137/4572/1282 1136/4571/1282 1135/4570/1282
f 1137/4577/1283 1140/4576/1283 1139/4575/1283 1136/4574/1283
f 1140/4581/1284 1138/4580/1284 1135/4579/1284 1139/4578/1284
f 1135/4584/1285 1136/4583/1285 1139/4582/1285
f 1140/4587/1286 1137/4586/1286 1138/4585/1286
f 1142/4591/1287 1141/4590/1287 1136/4589/1287 1139/4588/1287
f 1141/4595/1288 1143/4594/1288 1135/4593/1288 1136/4592/1288
f 1143/4599/1289 1142/4598/1289 1139/4597/1289 1135/4596/1289
f 1143/4602/1290 1141/4601/1290 1142/4600/1290
f 1145/4606/1291 1144/4605/1291 1141/4604/1291 1142/4603/1291
f 1144/4610/1292 1146/4609/1292 1143/4608/1292 1141/4607/1292
f 1146/4614/1293 1145/4613/1293 1142/4612/1293 1143/4611/1293
f 1146/4617/1294 1144/4616/1294 1145/4615/1294
f 1148/4621/1295 1147/4620/1295 1144/4619/1295 1145/4618/1295
f 1147/4625/1296 1149/4624/1296 1146/4623/1296 1144/4622/1296
f 1149/4629/1297 1148/4628/1297 1145/4627/1297 1146/4626/1297
f 1149/4632/1298 1147/4631/1298 1148/4630/1298
f 1151/4636/1299 1150/4635/1299 1147/4634/1299 1148/4633/1299
f 1150/4640/1300 1152/4639/1300 1149/4638/1300 1147/4637/1300
f 1152/4644/1301 1151/4643/1301 1148/4642/1301 1149/4641/1301
f 1152/4647/1302 1150/4646/1302 1151/4645/1302
f 1154/4651/1303 1153/4650/1303 1150/4649/1303 1151/4648/1303
f 1153/4655/1304 1155/4654/1304 1152/4653/1304 1150/4652/1304
f 1155/4659/1305 1154/4658/1305 1151/4657/1305 1152/4656/1305
f 1155/4662/1306 1153/4661/1306 1154/4660/1306
f 1157/4666/1307 1156/4665/1307 1153/4664/1307 1154/4663/1307
f 1156/4670/1308 1158/4669/1308 1155/4668/1308 1153/4667/1308
f 1158/4674/1309 1157/4673/1309 1154/4672/1309 1155/4671/1309
f 1158/4677/1310 1156/4676/1310 1157/4675/1310
o group1425664015
g mesh1425664015
usemtl mat10
f 1162/4681/1311 1161/4680/1311 1160/4679/1311 1159/4678/1311
f 1161/4685/1312 1164/4684/1312 1163/4683/1312 1160/4682/1312
f 1164/4689/1313 1162/4688/1313 1159/4687/1313 1163/4686/1313
f 1159/4692/1314 1160/4691/1314 1163/4690/1314
f 1164/4695/1315 1161/4694/1315 1162/4693/1315
f 1166/4699/1316 1165/4698/1316 1160/4697/1316 1163/4696/1316
f 1165/4703/1317 1167/4702/1317 1159/4701/1317 1160/4700/1317
f 1167/4707/1318 1166/4706/1318 1163/4705/1318 1159/4704/1318
f 1167/4710/1319 1165/4709/1319 1166/4708/1319
f 1169/4714/1320 1168/4713/1320 1165/4712/1320 1166/4711/1320
f 1168/4718/1321 1170/4717/1321 1167/4716/1321 1165/4715/1321
f 1170/4722/1322 1169/4721/1322 1166/4720/1322 1167/4719/1322
f 1170/4725/1323 1168/4724/1323 1169/4723/1323
f 1172/4729/1324 1171/4728/1324 1168/4727/1324 1169/4726/1324
f 1171/4733/1325 1173/4732/1325 1170/4731/1325 1168/4730/1325
f 1173/4737/1326 1172/4736/1326 1169/4735/1326 1170/4734/1326
f 1173/4740/1327 1171/4739/1327 1172/4738/1327
f 1175/4744/1328 1174/4743/1328 1171/4742/1328 1172/4741/1328
f 1174/4748/1329 1176/4747/1329 1173/4746/1329 1171/4745/1329
f 1176/4752/1330 1175/4751/1330 1172/4750/1330 1173/4749/1330
f 1176/4755/1331 1174/4754/1331 1175/4753/1331
f 1178/4759/1332 1177/4758/1332 1174/4757/1332 1175/4756/1332
f 1177/4763/1333 1179/4762/1333 1176/4761/1333 1174/4760/1333
f 1179/4767/1334 1178/4766/1334 1175/4765/1334 1176/4764/1334
f 1179/4770/1335 1177/4769/1335 1178/4768/1335
o group209303438
g mesh209303438
usemtl mat10
f 1183/4774/1336 1182/4773/1336 1181/4772/1336 1180/4771/1336
f 1182/4778/1337 1185/4777/1337 1184/4776/1337 1181/4775/1337
f 1185/4782/1338 1183/4781/1338 1180/4780/1338 1184/4779/1338
f 1180/4785/1339 1181/4784/1339 1184/4783/1339
f 1185/4788/1340 1182/4787/1340 1183/4786/1340
f 1187/4792/1341 1186/4791/1341 1181/4790/1341 1184/4789/1341
f 1186/4796/1342 1188/4795/1342 1180/4794/1342 1181/4793/1342
f 1188/4800/1343 1187/4799/1343 1184/4798/1343 1180/4797/1343
f 1188/4803/1344 1186/4802/1344 1187/4801/1344
f 1190/4807/1345 1189/4806/1345 1186/4805/1345 1187/4804/1345
f 1189/4811/1346 1191/4810/1346 1188/4809/1346 1186/4808/1346
f 1191/4815/1347 1190/4814/1347 1187/4813/1347 1188/4812/1347
f 1191/4818/1348 1189/4817/1348 1190/4816/1348
f 1193/4822/1349 1192/4821/1349 1189/4820/1349 1190/4819/1349
f 1192/4826/1350 1194/4825/1350 1191/4824/1350 1189/4823/1350
f 1194/4830/1351 1193/4829/1351 1190/4828/1351 1191/4827/1351
f 1194/4833/1352 1192/4832/1352 1193/4831/1352
f 1196/4837/1353 1195/4836/1353 1192/4835/1353 1193/4834/1353
f 1195/4841/1354 1197/4840/1354 1194/4839/1354 1192/4838/1354
f 1197/4845/1355 1196/4844/1355 1193/4843/1355 1194/4842/1355
f 1197/4848/1356 1195/4847/1356 1196/4846/1356
f 1199/4852/1357 1198/4851/1357 1195/4850/1357 1196/4849/1357
f 1198/4856/1358 1200/4855/1358 1197/4854/1358 1195/4853/1358
f 1200/4860/1359 1199/4859/1359 1196/4858/1359 1197/4857/1359
f 1200/4863/1360 1198/4862/1360 1199/4861/1360
f 1202/4867/1361 1201/4866/1361 1198/4865/1361 1199/4864/1361
f 1201/4871/1362 1203/4870/1362 1200/4869/1362 1198/4868/1362
f 1203/4875/1363 1202/4874/1363 1199/4873/1363 1200/4872/1363
f 1203/4878/1364 1201/4877/1364 1202/4876/1364
o group2072379807
g mesh2072379807
usemtl mat10
f 1207/4882/1365 1206/4881/1365 1205/4880/1365 1204/4879/1365
f 1206/4886/1366 1209/4885/1366 1208/4884/1366 1205/4883/1366
f 1209/4890/1367 1207/4889/1367 1204/4888/1367 1208/4887/1367
f 1204/4893/1368 1205/4892/1368 1208/4891/1368
f 1209/4896/1369 1206/4895/1369 1207/4894/1369
f 1211/4900/1370 1210/4899/1370 1206/4898/1370 1207/4897/1370
f 1210/4904/1371 1212/4903/1371 1209/4902/1371 1206/4901/1371
f 1212/4908/1372 1211/4907/1372 1207/4906/1372 1209/4905/1372
f 1212/4911/1373 1210/4910/1373 1211/4909/1373
f 1214/4915/1374 1213/4914/1374 1210/4913/1374 1211/4912/1374
f 1213/4919/1375 1215/4918/1375 1212/4917/1375 1210/4916/1375
f 1215/4923/1376 1214/4922/1376 1211/4921/1376 1212/4920/1376
f 1215/4926/1377 1213/4925/1377 1214/4924/1377
f 1217/4930/1378 1216/4929/1378 1213/4928/1378 1214/4927/1378
f 1216/4934/1379 1218/4933/1379 1215/4932/1379 1213/4931/1379
f 1218/4938/1380 1217/4937/1380 1214/4936/1380 1215/4935/1380
f 1218/4941/1381 1216/4940/1381 1217/4939/1381
f 1220/4945/1382 1219/4944/1382 1216/4943/1382 1217/4942/1382
f 1219/4949/1383 1221/4948/1383 1218/4947/1383 1216/4946/1383
f 1221/4953/1384 1220/4952/1384 1217/4951/1384 1218/4950/1384
f 1221/4956/1385 1219/4955/1385 1220/4954/1385
f 1223/4960/1386 1222/4959/1386 1219/4958/1386 1220/4957/1386
f 1222/4964/1387 1224/4963/1387 1221/4962/1387 1219/4961/1387
f 1224/4968/1388 1223/4967/1388 1220/4966/1388 1221/4965/1388
f 1224/4971/1389 1222/4970/1389 1223/4969/1389
f 1226/4975/1390 1225/4974/1390 1222/4973/1390 1223/4972/1390
f 1225/4979/1391 1227/4978/1391 1224/4977/1391 1222/4976/1391
f 1227/4983/1392 1226/4982/1392 1223/4981/1392 1224/4980/1392
f 1227/4986/1393 1225/4985/1393 1226/4984/1393
f 1229/4990/1394 1228/4989/1394 1225/4988/1394 1226/4987/1394
f 1228/4994/1395 1230/4993/1395 1227/4992/1395 1225/4991/1395
f 1230/4998/1396 1229/4997/1396 1226/4996/1396 1227/4995/1396
f 1230/5001/1397 1228/5000/1397 1229/4999/1397
o group1536864972
g mesh1536864972
usemtl mat10
f 1234/5005/1398 1233/5004/1398 1232/5003/1398 1231/5002/1398
f 1233/5009/1399 1236/5008/1399 1235/5007/1399 1232/5006/1399
f 1236/5013/1400 1234/5012/1400 1231/5011/1400 1235/5010/1400
f 1231/5016/1401 1232/5015/1401 1235/5014/1401
f 1236/5019/1402 1233/5018/1402 1234/5017/1402
f 1238/5023/1403 1237/5022/1403 1232/5021/1403 1235/5020/1403
f 1237/5027/1404 1239/5026/1404 1231/5025/1404 1232/5024/1404
f 1239/5031/1405 1238/5030/1405 1235/5029/1405 1231/5028/1405
f 1239/5034/1406 1237/5033/1406 1238/5032/1406
f 1241/5038/1407 1240/5037/1407 1237/5036/1407 1238/5035/1407
f 1240/5042/1408 1242/5041/1408 1239/5040/1408 1237/5039/1408
f 1242/5046/1409 1241/5045/1409 1238/5044/1409 1239/5043/1409
f 1242/5049/1410 1240/5048/1410 1241/5047/1410
f 1244/5053/1411 1243/5052/1411 1240/5051/1411 1241/5050/1411
f 1243/5057/1412 1245/5056/1412 1242/5055/1412 1240/5054/1412
f 1245/5061/1413 1244/5060/1413 1241/5059/1413 1242/5058/1413
f 1245/5064/1414 1243/5063/1414 1244/5062/1414
f 1247/5068/1415 1246/5067/1415 1243/5066/1415 1244/5065/1415
f 1246/5072/1416 1248/5071/1416 1245/5070/1416 1243/5069/1416
f 1248/5076/1417 1247/5075/1417 1244/5074/1417 1245/5073/1417
f 1248/5079/1418 1246/5078/1418 1247/5077/1418
f 1250/5083/1419 1249/5082/1419 1246/5081/1419 1247/5080/1419
f 1249/5087/1420 1251/5086/1420 1248/5085/1420 1246/5084/1420
f 1251/5091/1421 1250/5090/1421 1247/5089/1421 1248/5088/1421
f 1251/5094/1422 1249/5093/1422 1250/5092/1422
o group1790311735
g mesh1790311735
usemtl mat10
f 1255/5098/1423 1254/5097/1423 1253/5096/1423 1252/5095/1423
f 1254/5102/1424 1257/5101/1424 1256/5100/1424 1253/5099/1424
f 1257/5106/1425 1255/5105/1425 1252/5104/1425 1256/5103/1425
f 1252/5109/1426 1253/5108/1426 1256/5107/1426
f 1257/5112/1427 1254/5111/1427 1255/5110/1427
f 1259/5116/1428 1258/5115/1428 1253/5114/1428 1256/5113/1428
f 1258/5120/1429 1260/5119/1429 1252/5118/1429 1253/5117/1429
f 1260/5124/1430 1259/5123/1430 1256/5122/1430 1252/5121/1430
f 1260/5127/1431 1258/5126/1431 1259/5125/1431
f 1262/5131/1432 1261/5130/1432 1258/5129/1432 1259/5128/1432
f 1261/5135/1433 1263/5134/1433 1260/5133/1433 1258/5132/1433
f 1263/5139/1434 1262/5138/1434 1259/5137/1434 1260/5136/1434
f 1263/5142/1435 1261/5141/1435 1262/5140/1435
f 1265/5146/1436 1264/5145/1436 1261/5144/1436 1262/5143/1436
f 1264/5150/1437 1266/5149/1437 1263/5148/1437 1261/5147/1437
f 1266/5154/1438 1265/5153/1438 1262/5152/1438 1263/5151/1438
f 1266/5157/1439 1264/5156/1439 1265/5155/1439
f 1268/5161/1440 1267/5160/1440 1264/5159/1440 1265/5158/1440
f 1267/5165/1441 1269/5164/1441 1266/5163/1441 1264/5162/1441
f 1269/5169/1442 1268/5168/1442 1265/5167/1442 1266/5166/1442
f 1269/5172/1443 1267/5171/1443 1268/5170/1443
o group244625154
g mesh244625154
usemtl mat10
f 1273/5176/1444 1272/5175/1444 1271/5174/1444 1270/5173/1444
f 1272/5180/1445 1275/5179/1445 1274/5178/1445 1271/5177/1445
f 1275/5184/1446 1273/5183/1446 1270/5182/1446 1274/5181/1446
f 1270/5187/1447 1271/5186/1447 1274/5185/1447
f 1275/5190/1448 1272/5189/1448 1273/5188/1448
f 1277/5194/1449 1276/5193/1449 1272/5192/1449 1273/5191/1449
f 1276/5198/1450 1278/5197/1450 1275/5196/1450 1272/5195/1450
f 1278/5202/1451 1277/5201/1451 1273/5200/1451 1275/5199/1451
f 1278/5205/1452 1276/5204/1452 1277/5203/1452
f 1280/5209/1453 1279/5208/1453 1276/5207/1453 1277/5206/1453
f 1279/5213/1454 1281/5212/1454 1278/5211/1454 1276/5210/1454
f 1281/5217/1455 1280/5216/1455 1277/5215/1455 1278/5214/1455
f 1281/5220/1456 1279/5219/1456 1280/5218/1456
f 1283/5224/1457 1282/5223/1457 1279/5222/1457 1280/5221/1457
f 1282/5228/1458 1284/5227/1458 1281/5226/1458 1279/5225/1458
f 1284/5232/1459 1283/5231/1459 1280/5230/1459 1281/5229/1459
f 1284/5235/1460 1282/5234/1460 1283/5233/1460
f 1286/5239/1461 1285/5238/1461 1282/5237/1461 1283/5236/1461
f 1285/5243/1462 1287/5242/1462 1284/5241/1462 1282/5240/1462
f 1287/5247/1463 1286/5246/1463 1283/5245/1463 1284/5244/1463
f 1287/5250/1464 1285/5249/1464 1286/5248/1464
f 1289/5254/1465 1288/5253/1465 1285/5252/1465 1286/5251/1465
f 1288/5258/1466 1290/5257/1466 1287/5256/1466 1285/5255/1466
f 1290/5262/1467 1289/5261/1467 1286/5260/1467 1287/5259/1467
f 1290/5265/1468 1288/5264/1468 1289/5263/1468
o group1172268218
g mesh1172268218
usemtl mat10
f 1294/5269/1469 1293/5268/1469 1292/5267/1469 1291/5266/1469
f 1293/5273/1470 1296/5272/1470 1295/5271/1470 1292/5270/1470
f 1296/5277/1471 1294/5276/1471 1291/5275/1471 1295/5274/1471
f 1291/5280/1472 1292/5279/1472 1295/5278/1472
f 1296/5283/1473 1293/5282/1473 1294/5281/1473
f 1298/5287/1474 1297/5286/1474 1292/5285/1474 1295/5284/1474
f 1297/5291/1475 1299/5290/1475 1291/5289/1475 1292/5288/1475
f 1299/5295/1476 1298/5294/1476 1295/5293/1476 1291/5292/1476
f 1299/5298/1477 1297/5297/1477 1298/5296/1477
f 1301/5302/1478 1300/5301/1478 1297/5300/1478 1298/5299/1478
f 1300/5306/1479 1302/5305/1479 1299/5304/1479 1297/5303/1479
f 1302/5310/1480 1301/5309/1480 1298/5308/1480 1299/5307/1480
f 1302/5313/1481 1300/5312/1481 1301/5311/1481
f 1304/5317/1482 1303/5316/1482 1300/5315/1482 1301/5314/1482
f 1303/5321/1483 1305/5320/1483 1302/5319/1483 1300/5318/1483
f 1305/5325/1484 1304/5324/1484 1301/5323/1484 1302/5322/1484
f 1305/5328/1485 1303/5327/1485 1304/5326/1485
f 1307/5332/1486 1306/5331/1486 1303/5330/1486 1304/5329/1486
f 1306/5336/1487 1308/5335/1487 1305/5334/1487 1303/5333/1487
f 1308/5340/1488 1307/5339/1488 1304/5338/1488 1305/5337/1488
f 1308/5343/1489 1306/5342/1489 1307/5341/1489
o group1429147135
g mesh1429147135
usemtl mat10
f 1312/5347/1490 1311/5346/1490 1310/5345/1490 1309/5344/1490
f 1311/5351/1491 1314/5350/1491 1313/5349/1491 1310/5348/1491
f 1314/5355/1492 1312/5354/1492 1309/5353/1492 1313/5352/1492
f 1309/5358/1493 1310/5357/1493 1313/5356/1493
f 1314/5361/1494 1311/5360/1494 1312/5359/1494
f 1316/5365/1495 1315/5364/1495 1310/5363/1495 1313/5362/1495
f 1315/5369/1496 1317/5368/1496 1309/5367/1496 1310/5366/1496
f 1317/5373/1497 1316/5372/1497 1313/5371/1497 1309/5370/1497
f 1317/5376/1498 1315/5375/1498 1316/5374/1498
f 1319/5380/1499 1318/5379/1499 1315/5378/1499 1316/5377/1499
f 1318/5384/1500 1320/5383/1500 1317/5382/1500 1315/5381/1500
f 1320/5388/1501 1319/5387/1501 1316/5386/1501 1317/5385/1501
f 1320/5391/1502 1318/5390/1502 1319/5389/1502
f 1322/5395/1503 1321/5394/1503 1318/5393/1503 1319/5392/1503
f 1321/5399/1504 1323/5398/1504 1320/5397/1504 1318/5396/1504
f 1323/5403/1505 1322/5402/1505 1319/5401/1505 1320/5400/1505
f 1323/5406/1506 1321/5405/1506 1322/5404/1506
o group1464931607
g mesh1464931607
usemtl mat10
f 1327/5410/1507 1326/5409/1507 1325/5408/1507 1324/5407/1507
f 1326/5414/1508 1329/5413/1508 1328/5412/1508 1325/5411/1508
f 1329/5418/1509 1327/5417/1509 1324/5416/1509 1328/5415/1509
f 1324/5421/1510 1325/5420/1510 1328/5419/1510
f 1329/5424/1511 1326/5423/1511 1327/5422/1511
f 1331/5428/1512 1330/5427/1512 1325/5426/1512 1328/5425/1512
f 1330/5432/1513 1332/5431/1513 1324/5430/1513 1325/5429/1513
f 1332/5436/1514 1331/5435/1514 1328/5434/1514 1324/5433/1514
f 1332/5439/1515 1330/5438/1515 1331/5437/1515
f 1334/5443/1516 1333/5442/1516 1330/5441/1516 1331/5440/1516
f 1333/5447/1517 1335/5446/1517 1332/5445/1517 1330/5444/1517
f 1335/5451/1518 1334/5450/1518 1331/5449/1518 1332/5448/1518
f 1335/5454/1519 1333/5453/1519 1334/5452/1519
f 1337/5458/1520 1336/5457/1520 1333/5456/1520 1334/5455/1520
f 1336/5462/1521 1338/5461/1521 1335/5460/1521 1333/5459/1521
f 1338/5466/1522 1337/5465/1522 1334/5464/1522 1335/5463/1522
f 1338/5469/1523 1336/5468/1523 1337/5467/1523
o group859946966
g mesh859946966
usemtl mat10
f 1342/5473/1524 1341/5472/1524 1340/5471/1524 1339/5470/1524
f 1341/5477/1525 1344/5476/1525 1343/5475/1525 1340/5474/1525
f 1344/5481/1526 1342/5480/1526 1339/5479/1526 1343/5478/1526
f 1339/5484/1527 1340/5483/1527 1343/5482/1527
f 1344/5487/1528 1341/5486/1528 1342/5485/1528
f 1346/5491/1529 1345/5490/1529 1340/5489/1529 1343/5488/1529
f 1345/5495/1530 1347/5494/1530 1339/5493/1530 1340/5492/1530
f 1347/5499/1531 1346/5498/1531 1343/5497/1531 1339/5496/1531
f 1347/5502/1532 1345/5501/1532 1346/5500/1532
f 1349/5506/1533 1348/5505/1533 1345/5504/1533 1346/5503/1533
f 1348/5510/1534 1350/5509/1534 1347/5508/1534 1345/5507/1534
f 1350/5514/1535 1349/5513/1535 1346/5512/1535 1347/5511/1535
f 1350/5517/1536 1348/5516/1536 1349/5515/1536
f 1352/5521/1537 1351/5520/1537 1348/5519/1537 1349/5518/1537
f 1351/5525/1538 1353/5524/1538 1350/5523/1538 1348/5522/1538
f 1353/5529/1539 1352/5528/1539 1349/5527/1539 1350/5526/1539
f 1353/5532/1540 1351/5531/1540 1352/5530/1540
f 1355/5536/1541 1354/5535/1541 1351/5534/1541 1352/5533/1541
f 1354/5540/1542 1356/5539/1542 1353/5538/1542 1351/5537/1542
f 1356/5544/1543 1355/5543/1543 1352/5542/1543 1353/5541/1543
f 1356/5547/1544 1354/5546/1544 1355/5545/1544
f 1358/5551/1545 1357/5550/1545 1354/5549/1545 1355/5548/1545
f 1357/5555/1546 1359/5554/1546 1356/5553/1546 1354/5552/1546
f 1359/5559/1547 1358/5558/1547 1355/5557/1547 1356/5556/1547
f 1359/5562/1548 1357/5561/1548 1358/5560/1548
o group2125015220
g mesh2125015220
usemtl mat10
f 1363/5566/1549 1362/5565/1549 1361/5564/1549 1360/5563/1549
f 1362/5570/1550 1365/5569/1550 1364/5568/1550 1361/5567/1550
f 1365/5574/1551 1363/5573/1551 1360/5572/1551 1364/5571/1551
f 1360/5577/1552 1361/5576/1552 1364/5575/1552
f 1365/5580/1553 1362/5579/1553 1363/5578/1553
f 1367/5584/1554 1366/5583/1554 1361/5582/1554 1364/5581/1554
f 1366/5588/1555 1368/5587/1555 1360/5586/1555 1361/5585/1555
f 1368/5592/1556 1367/5591/1556 1364/5590/1556 1360/5589/1556
f 1368/5595/1557 1366/5594/1557 1367/5593/1557
f 1370/5599/1558 1369/5598/1558 1366/5597/1558 1367/5596/1558
f 1369/5603/1559 1371/5602/1559 1368/5601/1559 1366/5600/1559
f 1371/5607/1560 1370/5606/1560 1367/5605/1560 1368/5604/1560
f 1371/5610/1561 1369/5609/1561 1370/5608/1561
f 1373/5614/1562 1372/5613/1562 1369/5612/1562 1370/5611/1562
f 1372/5618/1563 1374/5617/1563 1371/5616/1563 1369/5615/1563
f 1374/5622/1564 1373/5621/1564 1370/5620/1564 1371/5619/1564
f 1374/5625/1565 1372/5624/1565 1373/5623/1565
f 1376/5629/1566 1375/5628/1566 1372/5627/1566 1373/5626/1566
f 1375/5633/1567 1377/5632/1567 1374/5631/1567 1372/5630/1567
f 1377/5637/1568 1376/5636/1568 1373/5635/1568 1374/5634/1568
f 1377/5640/1569 1375/5639/1569 1376/5638/1569
f 1379/5644/1570 1378/5643/1570 1375/5642/1570 1376/5641/1570
f 1378/5648/1571 1380/5647/1571 1377/5646/1571 1375/5645/1571
f 1380/5652/1572 1379/5651/1572 1376/5650/1572 1377/5649/1572
f 1380/5655/1573 1378/5654/1573 1379/5653/1573
f 1382/5659/1574 1381/5658/1574 1378/5657/1574 1379/5656/1574
f 1381/5663/1575 1383/5662/1575 1380/5661/1575 1378/5660/1575
f 1383/5667/1576 1382/5666/1576 1379/5665/1576 1380/5664/1576
f 1383/5670/1577 1381/5669/1577 1382/5668/1577
o group1108635005
g mesh1108635005
usemtl mat10
f 1387/5674/1578 1386/5673/1578 1385/5672/1578 1384/5671/1578
f 1386/5678/1579 1389/5677/1579 1388/5676/1579 1385/5675/1579
f 1389/5682/1580 1387/5681/1580 1384/5680/1580 1388/5679/1580
f 1384/5685/1581 1385/5684/1581 1388/5683/1581
f 1389/5688/1582 1386/5687/1582 1387/5686/1582
f 1391/5692/1583 1390/5691/1583 1385/5690/1583 1388/5689/1583
f 1390/5696/1584 1392/5695/1584 1384/5694/1584 1385/5693/1584
f 1392/5700/1585 1391/5699/1585 1388/5698/1585 1384/5697/1585
f 1392/5703/1586 1390/5702/1586 1391/5701/1586
f 1394/5707/1587 1393/5706/1587 1390/5705/1587 1391/5704/1587
f 1393/5711/1588 1395/5710/1588 1392/5709/1588 1390/5708/1588
f 1395/5715/1589 1394/5714/1589 1391/5713/1589 1392/5712/1589
f 1395/5718/1590 1393/5717/1590 1394/5716/1590
f 1397/5722/1591 1396/5721/1591 1393/5720/1591 1394/5719/1591
f 1396/5726/1592 1398/5725/1592 1395/5724/1592 1393/5723/1592
f 1398/5730/1593 1397/5729/1593 1394/5728/1593 1395/5727/1593
f 1398/5733/1594 1396/5732/1594 1397/5731/1594
f 1400/5737/1595 1399/5736/1595 1396/5735/1595 1397/5734/1595
f 1399/5741/1596 1401/5740/1596 1398/5739/1596 1396/5738/1596
f 1401/5745/1597 1400/5744/1597 1397/5743/1597 1398/5742/1597
f 1401/5748/1598 1399/5747/1598 1400/5746/1598
f 1403/5752/1599 1402/5751/1599 1399/5750/1599 1400/5749/1599
f 1402/5756/1600 1404/5755/1600 1401/5754/1600 1399/5753/1600
f 1404/5760/1601 1403/5759/1601 1400/5758/1601 1401/5757/1601
f 1404/5763/1602 1402/5762/1602 1403/5761/1602
f 1406/5767/1603 1405/5766/1603 1402/5765/1603 1403/5764/1603
f 1405/5771/1604 1407/5770/1604 1404/5769/1604 1402/5768/1604
f 1407/5775/1605 1406/5774/1605 1403/5773/1605 1404/5772/1605
f 1407/5778/1606 1405/5777/1606 1406/5776/1606
o group2138404673
g mesh2138404673
usemtl mat10
f 1411/5782/1607 1410/5781/1607 1409/5780/1607 1408/5779/1607
f 1410/5786/1608 1413/5785/1608 1412/5784/1608 1409/5783/1608
f 1413/5790/1609 1411/5789/1609 1408/5788/1609 1412/5787/1609
f 1408/5793/1610 1409/5792/1610 1412/5791/1610
f 1413/5796/1611 1410/5795/1611 1411/5794/1611
f 1415/5800/1612 1414/5799/1612 1410/5798/1612 1411/5797/1612
f 1414/5804/1613 1416/5803/1613 1413/5802/1613 1410/5801/1613
f 1416/5808/1614 1415/5807/1614 1411/5806/1614 1413/5805/1614
f 1416/5811/1615 1414/5810/1615 1415/5809/1615
f 1418/5815/1616 1417/5814/1616 1414/5813/1616 1415/5812/1616
f 1417/5819/1617 1419/5818/1617 1416/5817/1617 1414/5816/1617
f 1419/5823/1618 1418/5822/1618 1415/5821/1618 1416/5820/1618
f 1419/5826/1619 1417/5825/1619 1418/5824/1619
f 1421/5830/1620 1420/5829/1620 1417/5828/1620 1418/5827/1620
f 1420/5834/1621 1422/5833/1621 1419/5832/1621 1417/5831/1621
f 1422/5838/1622 1421/5837/1622 1418/5836/1622 1419/5835/1622
f 1422/5841/1623 1420/5840/1623 1421/5839/1623
f 1424/5845/1624 1423/5844/1624 1420/5843/1624 1421/5842/1624
f 1423/5849/1625 1425/5848/1625 1422/5847/1625 1420/5846/1625
f 1425/5853/1626 1424/5852/1626 1421/5851/1626 1422/5850/1626
f 1425/5856/1627 1423/5855/1627 1424/5854/1627
f 1427/5860/1628 1426/5859/1628 1423/5858/1628 1424/5857/1628
f 1426/5864/1629 1428/5863/1629 1425/5862/1629 1423/5861/1629
f 1428/5868/1630 1427/5867/1630 1424/5866/1630 1425/5865/1630
f 1428/5871/1631 1426/5870/1631 1427/5869/1631
f 1430/5875/1632 1429/5874/1632 1426/5873/1632 1427/5872/1632
f 1429/5879/1633 1431/5878/1633 1428/5877/1633 1426/5876/1633
f 1431/5883/1634 1430/5882/1634 1427/5881/1634 1428/5880/1634
f 1431/5886/1635 1429/5885/1635 1430/5884/1635
f 1433/5890/1636 1432/5889/1636 1429/5888/1636 1430/5887/1636
f 1432/5894/1637 1434/5893/1637 1431/5892/1637 1429/5891/1637
f 1434/5898/1638 1433/5897/1638 1430/5896/1638 1431/5895/1638
f 1434/5901/1639 1432/5900/1639 1433/5899/1639
f 1436/5905/1640 1435/5904/1640 1432/5903/1640 1433/5902/1640
f 1435/5909/1641 1437/5908/1641 1434/5907/1641 1432/5906/1641
f 1437/5913/1642 1436/5912/1642 1433/5911/1642 1434/5910/1642
f 1437/5916/1643 1435/5915/1643 1436/5914/1643
